arm	reference	sample_id	slot	predicted	reference_values	parse_success	curie_label_valid	relationship	hop_distance	closest_reference	in_enum	tier	outcome	hierarchy_score	ontology_score	exact_match
publication	supplement	nmdc:bsm-11-q59jb831	env_broad_scale	cropland biome [ENVO:01000245]	Terrestrial Biome [ENVO:00000446]	True	True	descendant	2	Terrestrial Biome [ENVO:00000446]				0.8	0.75	False
publication	supplement	nmdc:bsm-11-q59jb831	env_local_scale	crop canopy [ENVO:01001241]	Area of cropland [ENVO:01000892]	True	True	unrelated		Area of cropland [ENVO:01000892]				0.0	0.35	False
publication	supplement	nmdc:bsm-11-q59jb831	env_medium	leaf [PO:0025034]	agricultural soil [ENVO:00002259] | plant matter [ENVO:01001121]	True	True	unrelated		agricultural soil [ENVO:00002259]				0.0	0.35	False
publication	supplement	nmdc:bsm-11-w3pdpe50	env_broad_scale	cropland biome [ENVO:01000245]	Terrestrial Biome [ENVO:00000446]	True	True	descendant	2	Terrestrial Biome [ENVO:00000446]				0.8	0.75	False
publication	supplement	nmdc:bsm-11-w3pdpe50	env_local_scale	crop canopy [ENVO:01001241]	Area of cropland [ENVO:01000892]	True	True	unrelated		Area of cropland [ENVO:01000892]				0.0	0.35	False
publication	supplement	nmdc:bsm-11-w3pdpe50	env_medium	leaf [PO:0025034]	agricultural soil [ENVO:00002259] | plant matter [ENVO:01001121]	True	True	unrelated		agricultural soil [ENVO:00002259]				0.0	0.35	False
publication	supplement	nmdc:bsm-11-1edk3k41	env_broad_scale	cropland biome [ENVO:01000245]	Terrestrial Biome [ENVO:00000446]	True	True	descendant	2	Terrestrial Biome [ENVO:00000446]				0.8	0.75	False
publication	supplement	nmdc:bsm-11-1edk3k41	env_local_scale	crop canopy [ENVO:01001241]	Area of cropland [ENVO:01000892]	True	True	unrelated		Area of cropland [ENVO:01000892]				0.0	0.35	False
publication	supplement	nmdc:bsm-11-1edk3k41	env_medium	leaf [PO:0025034]	agricultural soil [ENVO:00002259] | plant matter [ENVO:01001121]	True	True	unrelated		agricultural soil [ENVO:00002259]				0.0	0.35	False
publication	supplement	nmdc:bsm-11-hqyw6174	env_broad_scale	cropland biome [ENVO:01000245]	Terrestrial Biome [ENVO:00000446]	True	True	descendant	2	Terrestrial Biome [ENVO:00000446]				0.8	0.75	False
publication	supplement	nmdc:bsm-11-hqyw6174	env_local_scale	crop canopy [ENVO:01001241]	Area of cropland [ENVO:01000892]	True	True	unrelated		Area of cropland [ENVO:01000892]				0.0	0.35	False
publication	supplement	nmdc:bsm-11-hqyw6174	env_medium	leaf [PO:0025034]	agricultural soil [ENVO:00002259] | plant matter [ENVO:01001121]	True	True	unrelated		agricultural soil [ENVO:00002259]				0.0	0.35	False
publication	supplement	nmdc:bsm-11-6qmh9383	env_broad_scale	cropland biome [ENVO:01000245]	Terrestrial Biome [ENVO:00000446]	True	True	descendant	2	Terrestrial Biome [ENVO:00000446]				0.8	0.75	False
publication	supplement	nmdc:bsm-11-6qmh9383	env_local_scale	crop canopy [ENVO:01001241]	Area of cropland [ENVO:01000892]	True	True	unrelated		Area of cropland [ENVO:01000892]				0.0	0.35	False
publication	supplement	nmdc:bsm-11-6qmh9383	env_medium	leaf [PO:0025034]	agricultural soil [ENVO:00002259] | plant matter [ENVO:01001121]	True	True	unrelated		agricultural soil [ENVO:00002259]				0.0	0.35	False
publication	supplement	nmdc:bsm-11-ne98nc20	env_broad_scale	cropland biome [ENVO:01000245]	Terrestrial Biome [ENVO:00000446]	True	True	descendant	2	Terrestrial Biome [ENVO:00000446]				0.8	0.75	False
publication	supplement	nmdc:bsm-11-ne98nc20	env_local_scale	crop canopy [ENVO:01001241]	Area of cropland [ENVO:01000892]	True	True	unrelated		Area of cropland [ENVO:01000892]				0.0	0.35	False
publication	supplement	nmdc:bsm-11-ne98nc20	env_medium	leaf [PO:0025034]	agricultural soil [ENVO:00002259] | plant matter [ENVO:01001121]	True	True	unrelated		agricultural soil [ENVO:00002259]				0.0	0.35	False
publication	supplement	nmdc:bsm-11-nkmbv371	env_broad_scale	cropland biome [ENVO:01000245]	Terrestrial Biome [ENVO:00000446]	True	True	descendant	2	Terrestrial Biome [ENVO:00000446]				0.8	0.75	False
publication	supplement	nmdc:bsm-11-nkmbv371	env_local_scale	crop canopy [ENVO:01001241]	Area of cropland [ENVO:01000892]	True	True	unrelated		Area of cropland [ENVO:01000892]				0.0	0.35	False
publication	supplement	nmdc:bsm-11-nkmbv371	env_medium	leaf [PO:0025034]	agricultural soil [ENVO:00002259] | plant matter [ENVO:01001121]	True	True	unrelated		agricultural soil [ENVO:00002259]				0.0	0.35	False
publication	supplement	nmdc:bsm-11-cw4dzz42	env_broad_scale	cropland biome [ENVO:01000245]	Terrestrial Biome [ENVO:00000446]	True	True	descendant	2	Terrestrial Biome [ENVO:00000446]				0.8	0.75	False
publication	supplement	nmdc:bsm-11-cw4dzz42	env_local_scale	crop canopy [ENVO:01001241]	Area of cropland [ENVO:01000892]	True	True	unrelated		Area of cropland [ENVO:01000892]				0.0	0.35	False
publication	supplement	nmdc:bsm-11-cw4dzz42	env_medium	leaf [PO:0025034]	agricultural soil [ENVO:00002259] | plant matter [ENVO:01001121]	True	True	unrelated		agricultural soil [ENVO:00002259]				0.0	0.35	False
publication	supplement	nmdc:bsm-11-50a9ap27	env_broad_scale	cropland biome [ENVO:01000245]	Terrestrial Biome [ENVO:00000446]	True	True	descendant	2	Terrestrial Biome [ENVO:00000446]				0.8	0.75	False
publication	supplement	nmdc:bsm-11-50a9ap27	env_local_scale	crop canopy [ENVO:01001241]	Area of cropland [ENVO:01000892]	True	True	unrelated		Area of cropland [ENVO:01000892]				0.0	0.35	False
publication	supplement	nmdc:bsm-11-50a9ap27	env_medium	leaf [PO:0025034]	agricultural soil [ENVO:00002259] | plant matter [ENVO:01001121]	True	True	unrelated		agricultural soil [ENVO:00002259]				0.0	0.35	False
publication	supplement	nmdc:bsm-11-07nqms41	env_broad_scale	cropland biome [ENVO:01000245]	Terrestrial Biome [ENVO:00000446]	True	True	descendant	2	Terrestrial Biome [ENVO:00000446]				0.8	0.75	False
publication	supplement	nmdc:bsm-11-07nqms41	env_local_scale	crop canopy [ENVO:01001241]	Area of cropland [ENVO:01000892]	True	True	unrelated		Area of cropland [ENVO:01000892]				0.0	0.35	False
publication	supplement	nmdc:bsm-11-07nqms41	env_medium	leaf [PO:0025034]	agricultural soil [ENVO:00002259] | plant matter [ENVO:01001121]	True	True	unrelated		agricultural soil [ENVO:00002259]				0.0	0.35	False
publication	supplement	nmdc:bsm-11-z3vym146	env_broad_scale	cropland biome [ENVO:01000245]	Terrestrial Biome [ENVO:00000446]	True	True	descendant	2	Terrestrial Biome [ENVO:00000446]				0.8	0.75	False
publication	supplement	nmdc:bsm-11-z3vym146	env_local_scale	crop canopy [ENVO:01001241]	Area of cropland [ENVO:01000892]	True	True	unrelated		Area of cropland [ENVO:01000892]				0.0	0.35	False
publication	supplement	nmdc:bsm-11-z3vym146	env_medium	leaf [PO:0025034]	agricultural soil [ENVO:00002259] | plant matter [ENVO:01001121]	True	True	unrelated		agricultural soil [ENVO:00002259]				0.0	0.35	False
publication	supplement	nmdc:bsm-11-99t4fx92	env_broad_scale	cropland biome [ENVO:01000245]	Terrestrial Biome [ENVO:00000446]	True	True	descendant	2	Terrestrial Biome [ENVO:00000446]				0.8	0.75	False
publication	supplement	nmdc:bsm-11-99t4fx92	env_local_scale	crop canopy [ENVO:01001241]	Area of cropland [ENVO:01000892]	True	True	unrelated		Area of cropland [ENVO:01000892]				0.0	0.35	False
publication	supplement	nmdc:bsm-11-99t4fx92	env_medium	leaf [PO:0025034]	agricultural soil [ENVO:00002259] | plant matter [ENVO:01001121]	True	True	unrelated		agricultural soil [ENVO:00002259]				0.0	0.35	False
publication	supplement	nmdc:bsm-11-0rtyy508	env_broad_scale	cropland biome [ENVO:01000245]	Terrestrial Biome [ENVO:00000446]	True	True	descendant	2	Terrestrial Biome [ENVO:00000446]				0.8	0.75	False
publication	supplement	nmdc:bsm-11-0rtyy508	env_local_scale	crop canopy [ENVO:01001241]	Area of cropland [ENVO:01000892]	True	True	unrelated		Area of cropland [ENVO:01000892]				0.0	0.35	False
publication	supplement	nmdc:bsm-11-0rtyy508	env_medium	leaf [PO:0025034]	agricultural soil [ENVO:00002259] | plant matter [ENVO:01001121]	True	True	unrelated		agricultural soil [ENVO:00002259]				0.0	0.35	False
publication	supplement	nmdc:bsm-11-se116p22	env_broad_scale	cropland biome [ENVO:01000245]	Terrestrial Biome [ENVO:00000446]	True	True	descendant	2	Terrestrial Biome [ENVO:00000446]				0.8	0.75	False
publication	supplement	nmdc:bsm-11-se116p22	env_local_scale	crop canopy [ENVO:01001241]	Area of cropland [ENVO:01000892]	True	True	unrelated		Area of cropland [ENVO:01000892]				0.0	0.35	False
publication	supplement	nmdc:bsm-11-se116p22	env_medium	leaf [PO:0025034]	agricultural soil [ENVO:00002259] | plant matter [ENVO:01001121]	True	True	unrelated		agricultural soil [ENVO:00002259]				0.0	0.35	False
publication	supplement	nmdc:bsm-11-ekesct69	env_broad_scale	cropland biome [ENVO:01000245]	Terrestrial Biome [ENVO:00000446]	True	True	descendant	2	Terrestrial Biome [ENVO:00000446]				0.8	0.75	False
publication	supplement	nmdc:bsm-11-ekesct69	env_local_scale	crop canopy [ENVO:01001241]	Area of cropland [ENVO:01000892]	True	True	unrelated		Area of cropland [ENVO:01000892]				0.0	0.35	False
publication	supplement	nmdc:bsm-11-ekesct69	env_medium	leaf [PO:0025034]	agricultural soil [ENVO:00002259] | plant matter [ENVO:01001121]	True	True	unrelated		agricultural soil [ENVO:00002259]				0.0	0.35	False
publication	supplement	nmdc:bsm-11-3qbt0v77	env_broad_scale	cropland biome [ENVO:01000245]	Terrestrial Biome [ENVO:00000446]	True	True	descendant	2	Terrestrial Biome [ENVO:00000446]				0.8	0.75	False
publication	supplement	nmdc:bsm-11-3qbt0v77	env_local_scale	crop canopy [ENVO:01001241]	Area of cropland [ENVO:01000892]	True	True	unrelated		Area of cropland [ENVO:01000892]				0.0	0.35	False
publication	supplement	nmdc:bsm-11-3qbt0v77	env_medium	leaf [PO:0025034]	agricultural soil [ENVO:00002259] | plant matter [ENVO:01001121]	True	True	unrelated		agricultural soil [ENVO:00002259]				0.0	0.35	False
publication	supplement	nmdc:bsm-11-gtvw7q78	env_broad_scale	cropland biome [ENVO:01000245]	Terrestrial Biome [ENVO:00000446]	True	True	descendant	2	Terrestrial Biome [ENVO:00000446]				0.8	0.75	False
publication	supplement	nmdc:bsm-11-gtvw7q78	env_local_scale	crop canopy [ENVO:01001241]	Area of cropland [ENVO:01000892]	True	True	unrelated		Area of cropland [ENVO:01000892]				0.0	0.35	False
publication	supplement	nmdc:bsm-11-gtvw7q78	env_medium	leaf [PO:0025034]	agricultural soil [ENVO:00002259] | plant matter [ENVO:01001121]	True	True	unrelated		agricultural soil [ENVO:00002259]				0.0	0.35	False
publication	supplement	nmdc:bsm-11-7sftem25	env_broad_scale	cropland biome [ENVO:01000245]	Terrestrial Biome [ENVO:00000446]	True	True	descendant	2	Terrestrial Biome [ENVO:00000446]				0.8	0.75	False
publication	supplement	nmdc:bsm-11-7sftem25	env_local_scale	crop canopy [ENVO:01001241]	Area of cropland [ENVO:01000892]	True	True	unrelated		Area of cropland [ENVO:01000892]				0.0	0.35	False
publication	supplement	nmdc:bsm-11-7sftem25	env_medium	leaf [PO:0025034]	agricultural soil [ENVO:00002259] | plant matter [ENVO:01001121]	True	True	unrelated		agricultural soil [ENVO:00002259]				0.0	0.35	False
publication	supplement	nmdc:bsm-11-8v10jf75	env_broad_scale	cropland biome [ENVO:01000245]	Terrestrial Biome [ENVO:00000446]	True	True	descendant	2	Terrestrial Biome [ENVO:00000446]				0.8	0.75	False
publication	supplement	nmdc:bsm-11-8v10jf75	env_local_scale	crop canopy [ENVO:01001241]	Area of cropland [ENVO:01000892]	True	True	unrelated		Area of cropland [ENVO:01000892]				0.0	0.35	False
publication	supplement	nmdc:bsm-11-8v10jf75	env_medium	leaf [PO:0025034]	agricultural soil [ENVO:00002259] | plant matter [ENVO:01001121]	True	True	unrelated		agricultural soil [ENVO:00002259]				0.0	0.35	False
publication	supplement	nmdc:bsm-11-0zn3g786	env_broad_scale	cropland biome [ENVO:01000245]	Terrestrial Biome [ENVO:00000446]	True	True	descendant	2	Terrestrial Biome [ENVO:00000446]				0.8	0.75	False
publication	supplement	nmdc:bsm-11-0zn3g786	env_local_scale	crop canopy [ENVO:01001241]	Area of cropland [ENVO:01000892]	True	True	unrelated		Area of cropland [ENVO:01000892]				0.0	0.35	False
publication	supplement	nmdc:bsm-11-0zn3g786	env_medium	leaf [PO:0025034]	agricultural soil [ENVO:00002259] | plant matter [ENVO:01001121]	True	True	unrelated		agricultural soil [ENVO:00002259]				0.0	0.35	False
publication	supplement	nmdc:bsm-11-yq8nqp52	env_broad_scale	cropland biome [ENVO:01000245]	Terrestrial Biome [ENVO:00000446]	True	True	descendant	2	Terrestrial Biome [ENVO:00000446]				0.8	0.75	False
publication	supplement	nmdc:bsm-11-yq8nqp52	env_local_scale	crop canopy [ENVO:01001241]	Area of cropland [ENVO:01000892]	True	True	unrelated		Area of cropland [ENVO:01000892]				0.0	0.35	False
publication	supplement	nmdc:bsm-11-yq8nqp52	env_medium	leaf [PO:0025034]	agricultural soil [ENVO:00002259] | plant matter [ENVO:01001121]	True	True	unrelated		agricultural soil [ENVO:00002259]				0.0	0.35	False
publication	supplement	nmdc:bsm-11-c7z6wr23	env_broad_scale	cropland biome [ENVO:01000245]	Terrestrial Biome [ENVO:00000446]	True	True	descendant	2	Terrestrial Biome [ENVO:00000446]				0.8	0.75	False
publication	supplement	nmdc:bsm-11-c7z6wr23	env_local_scale	crop canopy [ENVO:01001241]	Area of cropland [ENVO:01000892]	True	True	unrelated		Area of cropland [ENVO:01000892]				0.0	0.35	False
publication	supplement	nmdc:bsm-11-c7z6wr23	env_medium	leaf [PO:0025034]	agricultural soil [ENVO:00002259] | plant matter [ENVO:01001121]	True	True	unrelated		agricultural soil [ENVO:00002259]				0.0	0.35	False
publication	supplement	nmdc:bsm-11-fnd2xg72	env_broad_scale	cropland biome [ENVO:01000245]	Terrestrial Biome [ENVO:00000446]	True	True	descendant	2	Terrestrial Biome [ENVO:00000446]				0.8	0.75	False
publication	supplement	nmdc:bsm-11-fnd2xg72	env_local_scale	crop canopy [ENVO:01001241]	Area of cropland [ENVO:01000892]	True	True	unrelated		Area of cropland [ENVO:01000892]				0.0	0.35	False
publication	supplement	nmdc:bsm-11-fnd2xg72	env_medium	leaf [PO:0025034]	agricultural soil [ENVO:00002259] | plant matter [ENVO:01001121]	True	True	unrelated		agricultural soil [ENVO:00002259]				0.0	0.35	False
publication	supplement	nmdc:bsm-11-2xpd3w44	env_broad_scale	cropland biome [ENVO:01000245]	Terrestrial Biome [ENVO:00000446]	True	True	descendant	2	Terrestrial Biome [ENVO:00000446]				0.8	0.75	False
publication	supplement	nmdc:bsm-11-2xpd3w44	env_local_scale	crop canopy [ENVO:01001241]	Area of cropland [ENVO:01000892]	True	True	unrelated		Area of cropland [ENVO:01000892]				0.0	0.35	False
publication	supplement	nmdc:bsm-11-2xpd3w44	env_medium	leaf [PO:0025034]	agricultural soil [ENVO:00002259] | plant matter [ENVO:01001121]	True	True	unrelated		agricultural soil [ENVO:00002259]				0.0	0.35	False
publication	supplement	nmdc:bsm-11-7q4cjr78	env_broad_scale	cropland biome [ENVO:01000245]	Terrestrial Biome [ENVO:00000446]	True	True	descendant	2	Terrestrial Biome [ENVO:00000446]				0.8	0.75	False
publication	supplement	nmdc:bsm-11-7q4cjr78	env_local_scale	crop canopy [ENVO:01001241]	Area of cropland [ENVO:01000892]	True	True	unrelated		Area of cropland [ENVO:01000892]				0.0	0.35	False
publication	supplement	nmdc:bsm-11-7q4cjr78	env_medium	leaf [PO:0025034]	agricultural soil [ENVO:00002259] | plant matter [ENVO:01001121]	True	True	unrelated		agricultural soil [ENVO:00002259]				0.0	0.35	False
publication	supplement	nmdc:bsm-11-xcgsbp16	env_broad_scale	cropland biome [ENVO:01000245]	Terrestrial Biome [ENVO:00000446]	True	True	descendant	2	Terrestrial Biome [ENVO:00000446]				0.8	0.75	False
publication	supplement	nmdc:bsm-11-xcgsbp16	env_local_scale	crop canopy [ENVO:01001241]	Area of cropland [ENVO:01000892]	True	True	unrelated		Area of cropland [ENVO:01000892]				0.0	0.35	False
publication	supplement	nmdc:bsm-11-xcgsbp16	env_medium	leaf [PO:0025034]	agricultural soil [ENVO:00002259] | plant matter [ENVO:01001121]	True	True	unrelated		agricultural soil [ENVO:00002259]				0.0	0.35	False
publication	supplement	nmdc:bsm-11-s132mk31	env_broad_scale	cropland biome [ENVO:01000245]	Terrestrial Biome [ENVO:00000446]	True	True	descendant	2	Terrestrial Biome [ENVO:00000446]				0.8	0.75	False
publication	supplement	nmdc:bsm-11-s132mk31	env_local_scale	crop canopy [ENVO:01001241]	Area of cropland [ENVO:01000892]	True	True	unrelated		Area of cropland [ENVO:01000892]				0.0	0.35	False
publication	supplement	nmdc:bsm-11-s132mk31	env_medium	leaf [PO:0025034]	agricultural soil [ENVO:00002259] | plant matter [ENVO:01001121]	True	True	unrelated		agricultural soil [ENVO:00002259]				0.0	0.35	False
publication	supplement	nmdc:bsm-11-hk7feq79	env_broad_scale	cropland biome [ENVO:01000245]	Terrestrial Biome [ENVO:00000446]	True	True	descendant	2	Terrestrial Biome [ENVO:00000446]				0.8	0.75	False
publication	supplement	nmdc:bsm-11-hk7feq79	env_local_scale	crop canopy [ENVO:01001241]	Area of cropland [ENVO:01000892]	True	True	unrelated		Area of cropland [ENVO:01000892]				0.0	0.35	False
publication	supplement	nmdc:bsm-11-hk7feq79	env_medium	leaf [PO:0025034]	agricultural soil [ENVO:00002259] | plant matter [ENVO:01001121]	True	True	unrelated		agricultural soil [ENVO:00002259]				0.0	0.35	False
publication	supplement	nmdc:bsm-11-80gna819	env_broad_scale	cropland biome [ENVO:01000245]	Terrestrial Biome [ENVO:00000446]	True	True	descendant	2	Terrestrial Biome [ENVO:00000446]				0.8	0.75	False
publication	supplement	nmdc:bsm-11-80gna819	env_local_scale	crop canopy [ENVO:01001241]	Area of cropland [ENVO:01000892]	True	True	unrelated		Area of cropland [ENVO:01000892]				0.0	0.35	False
publication	supplement	nmdc:bsm-11-80gna819	env_medium	leaf [PO:0025034]	agricultural soil [ENVO:00002259] | plant matter [ENVO:01001121]	True	True	unrelated		agricultural soil [ENVO:00002259]				0.0	0.35	False
publication	supplement	nmdc:bsm-11-rqsqhy95	env_broad_scale	cropland biome [ENVO:01000245]	Terrestrial Biome [ENVO:00000446]	True	True	descendant	2	Terrestrial Biome [ENVO:00000446]				0.8	0.75	False
publication	supplement	nmdc:bsm-11-rqsqhy95	env_local_scale	crop canopy [ENVO:01001241]	Area of cropland [ENVO:01000892]	True	True	unrelated		Area of cropland [ENVO:01000892]				0.0	0.35	False
publication	supplement	nmdc:bsm-11-rqsqhy95	env_medium	leaf [PO:0025034]	agricultural soil [ENVO:00002259] | plant matter [ENVO:01001121]	True	True	unrelated		agricultural soil [ENVO:00002259]				0.0	0.35	False
publication	supplement	nmdc:bsm-11-x86cew87	env_broad_scale	cropland biome [ENVO:01000245]	Terrestrial Biome [ENVO:00000446]	True	True	descendant	2	Terrestrial Biome [ENVO:00000446]				0.8	0.75	False
publication	supplement	nmdc:bsm-11-x86cew87	env_local_scale	crop canopy [ENVO:01001241]	Area of cropland [ENVO:01000892]	True	True	unrelated		Area of cropland [ENVO:01000892]				0.0	0.35	False
publication	supplement	nmdc:bsm-11-x86cew87	env_medium	leaf [PO:0025034]	agricultural soil [ENVO:00002259] | plant matter [ENVO:01001121]	True	True	unrelated		agricultural soil [ENVO:00002259]				0.0	0.35	False
publication	supplement	nmdc:bsm-11-9gjpzm56	env_broad_scale	cropland biome [ENVO:01000245]	Terrestrial Biome [ENVO:00000446]	True	True	descendant	2	Terrestrial Biome [ENVO:00000446]				0.8	0.75	False
publication	supplement	nmdc:bsm-11-9gjpzm56	env_local_scale	crop canopy [ENVO:01001241]	Area of cropland [ENVO:01000892]	True	True	unrelated		Area of cropland [ENVO:01000892]				0.0	0.35	False
publication	supplement	nmdc:bsm-11-9gjpzm56	env_medium	leaf [PO:0025034]	agricultural soil [ENVO:00002259] | plant matter [ENVO:01001121]	True	True	unrelated		agricultural soil [ENVO:00002259]				0.0	0.35	False
publication	supplement	nmdc:bsm-11-yt172e48	env_broad_scale	cropland biome [ENVO:01000245]	Terrestrial Biome [ENVO:00000446]	True	True	descendant	2	Terrestrial Biome [ENVO:00000446]				0.8	0.75	False
publication	supplement	nmdc:bsm-11-yt172e48	env_local_scale	crop canopy [ENVO:01001241]	Area of cropland [ENVO:01000892]	True	True	unrelated		Area of cropland [ENVO:01000892]				0.0	0.35	False
publication	supplement	nmdc:bsm-11-yt172e48	env_medium	leaf [PO:0025034]	agricultural soil [ENVO:00002259] | plant matter [ENVO:01001121]	True	True	unrelated		agricultural soil [ENVO:00002259]				0.0	0.35	False
publication	supplement	nmdc:bsm-11-56myw148	env_broad_scale	cropland biome [ENVO:01000245]	Terrestrial Biome [ENVO:00000446]	True	True	descendant	2	Terrestrial Biome [ENVO:00000446]				0.8	0.75	False
publication	supplement	nmdc:bsm-11-56myw148	env_local_scale	crop canopy [ENVO:01001241]	Area of cropland [ENVO:01000892]	True	True	unrelated		Area of cropland [ENVO:01000892]				0.0	0.35	False
publication	supplement	nmdc:bsm-11-56myw148	env_medium	leaf [PO:0025034]	agricultural soil [ENVO:00002259] | plant matter [ENVO:01001121]	True	True	unrelated		agricultural soil [ENVO:00002259]				0.0	0.35	False
publication	supplement	nmdc:bsm-11-c3yz0m49	env_broad_scale	cropland biome [ENVO:01000245]	Terrestrial Biome [ENVO:00000446]	True	True	descendant	2	Terrestrial Biome [ENVO:00000446]				0.8	0.75	False
publication	supplement	nmdc:bsm-11-c3yz0m49	env_local_scale	crop canopy [ENVO:01001241]	Area of cropland [ENVO:01000892]	True	True	unrelated		Area of cropland [ENVO:01000892]				0.0	0.35	False
publication	supplement	nmdc:bsm-11-c3yz0m49	env_medium	leaf [PO:0025034]	agricultural soil [ENVO:00002259] | plant matter [ENVO:01001121]	True	True	unrelated		agricultural soil [ENVO:00002259]				0.0	0.35	False
publication	supplement	nmdc:bsm-11-vhshew32	env_broad_scale	cropland biome [ENVO:01000245]	Terrestrial Biome [ENVO:00000446]	True	True	descendant	2	Terrestrial Biome [ENVO:00000446]				0.8	0.75	False
publication	supplement	nmdc:bsm-11-vhshew32	env_local_scale	crop canopy [ENVO:01001241]	Area of cropland [ENVO:01000892]	True	True	unrelated		Area of cropland [ENVO:01000892]				0.0	0.35	False
publication	supplement	nmdc:bsm-11-vhshew32	env_medium	leaf [PO:0025034]	agricultural soil [ENVO:00002259] | plant matter [ENVO:01001121]	True	True	unrelated		agricultural soil [ENVO:00002259]				0.0	0.35	False
publication	supplement	nmdc:bsm-11-8zmfw691	env_broad_scale	cropland biome [ENVO:01000245]	Terrestrial Biome [ENVO:00000446]	True	True	descendant	2	Terrestrial Biome [ENVO:00000446]				0.8	0.75	False
publication	supplement	nmdc:bsm-11-8zmfw691	env_local_scale	crop canopy [ENVO:01001241]	Area of cropland [ENVO:01000892]	True	True	unrelated		Area of cropland [ENVO:01000892]				0.0	0.35	False
publication	supplement	nmdc:bsm-11-8zmfw691	env_medium	leaf [PO:0025034]	agricultural soil [ENVO:00002259] | plant matter [ENVO:01001121]	True	True	unrelated		agricultural soil [ENVO:00002259]				0.0	0.35	False
publication	supplement	nmdc:bsm-11-4ycxmk54	env_broad_scale	cropland biome [ENVO:01000245]	Terrestrial Biome [ENVO:00000446]	True	True	descendant	2	Terrestrial Biome [ENVO:00000446]				0.8	0.75	False
publication	supplement	nmdc:bsm-11-4ycxmk54	env_local_scale	crop canopy [ENVO:01001241]	Area of cropland [ENVO:01000892]	True	True	unrelated		Area of cropland [ENVO:01000892]				0.0	0.35	False
publication	supplement	nmdc:bsm-11-4ycxmk54	env_medium	leaf [PO:0025034]	agricultural soil [ENVO:00002259] | plant matter [ENVO:01001121]	True	True	unrelated		agricultural soil [ENVO:00002259]				0.0	0.35	False
publication	supplement	nmdc:bsm-11-zk747f22	env_broad_scale	cropland biome [ENVO:01000245]	Terrestrial Biome [ENVO:00000446]	True	True	descendant	2	Terrestrial Biome [ENVO:00000446]				0.8	0.75	False
publication	supplement	nmdc:bsm-11-zk747f22	env_local_scale	crop canopy [ENVO:01001241]	Area of cropland [ENVO:01000892]	True	True	unrelated		Area of cropland [ENVO:01000892]				0.0	0.35	False
publication	supplement	nmdc:bsm-11-zk747f22	env_medium	leaf [PO:0025034]	agricultural soil [ENVO:00002259] | plant matter [ENVO:01001121]	True	True	unrelated		agricultural soil [ENVO:00002259]				0.0	0.35	False
publication	supplement	nmdc:bsm-11-e1rzv830	env_broad_scale	cropland biome [ENVO:01000245]	Terrestrial Biome [ENVO:00000446]	True	True	descendant	2	Terrestrial Biome [ENVO:00000446]				0.8	0.75	False
publication	supplement	nmdc:bsm-11-e1rzv830	env_local_scale	crop canopy [ENVO:01001241]	Area of cropland [ENVO:01000892]	True	True	unrelated		Area of cropland [ENVO:01000892]				0.0	0.35	False
publication	supplement	nmdc:bsm-11-e1rzv830	env_medium	leaf [PO:0025034]	agricultural soil [ENVO:00002259] | plant matter [ENVO:01001121]	True	True	unrelated		agricultural soil [ENVO:00002259]				0.0	0.35	False
publication	supplement	nmdc:bsm-11-jbygv324	env_broad_scale	cropland biome [ENVO:01000245]	Terrestrial Biome [ENVO:00000446]	True	True	descendant	2	Terrestrial Biome [ENVO:00000446]				0.8	0.75	False
publication	supplement	nmdc:bsm-11-jbygv324	env_local_scale	crop canopy [ENVO:01001241]	Area of cropland [ENVO:01000892]	True	True	unrelated		Area of cropland [ENVO:01000892]				0.0	0.35	False
publication	supplement	nmdc:bsm-11-jbygv324	env_medium	leaf [PO:0025034]	agricultural soil [ENVO:00002259] | plant matter [ENVO:01001121]	True	True	unrelated		agricultural soil [ENVO:00002259]				0.0	0.35	False
publication	supplement	nmdc:bsm-11-n8bk1992	env_broad_scale	cropland biome [ENVO:01000245]	Terrestrial Biome [ENVO:00000446]	True	True	descendant	2	Terrestrial Biome [ENVO:00000446]				0.8	0.75	False
publication	supplement	nmdc:bsm-11-n8bk1992	env_local_scale	crop canopy [ENVO:01001241]	Area of cropland [ENVO:01000892]	True	True	unrelated		Area of cropland [ENVO:01000892]				0.0	0.35	False
publication	supplement	nmdc:bsm-11-n8bk1992	env_medium	leaf [PO:0025034]	agricultural soil [ENVO:00002259] | plant matter [ENVO:01001121]	True	True	unrelated		agricultural soil [ENVO:00002259]				0.0	0.35	False
publication	supplement	nmdc:bsm-11-kbn39574	env_broad_scale	cropland biome [ENVO:01000245]	Terrestrial Biome [ENVO:00000446]	True	True	descendant	2	Terrestrial Biome [ENVO:00000446]				0.8	0.75	False
publication	supplement	nmdc:bsm-11-kbn39574	env_local_scale	crop canopy [ENVO:01001241]	Area of cropland [ENVO:01000892]	True	True	unrelated		Area of cropland [ENVO:01000892]				0.0	0.35	False
publication	supplement	nmdc:bsm-11-kbn39574	env_medium	leaf [PO:0025034]	agricultural soil [ENVO:00002259] | plant matter [ENVO:01001121]	True	True	unrelated		agricultural soil [ENVO:00002259]				0.0	0.35	False
publication	supplement	nmdc:bsm-11-qwcedw78	env_broad_scale	cropland biome [ENVO:01000245]	Terrestrial Biome [ENVO:00000446]	True	True	descendant	2	Terrestrial Biome [ENVO:00000446]				0.8	0.75	False
publication	supplement	nmdc:bsm-11-qwcedw78	env_local_scale	crop canopy [ENVO:01001241]	Area of cropland [ENVO:01000892]	True	True	unrelated		Area of cropland [ENVO:01000892]				0.0	0.35	False
publication	supplement	nmdc:bsm-11-qwcedw78	env_medium	leaf [PO:0025034]	agricultural soil [ENVO:00002259] | plant matter [ENVO:01001121]	True	True	unrelated		agricultural soil [ENVO:00002259]				0.0	0.35	False
publication	supplement	nmdc:bsm-11-8x5nva78	env_broad_scale	cropland biome [ENVO:01000245]	Terrestrial Biome [ENVO:00000446]	True	True	descendant	2	Terrestrial Biome [ENVO:00000446]				0.8	0.75	False
publication	supplement	nmdc:bsm-11-8x5nva78	env_local_scale	crop canopy [ENVO:01001241]	Area of cropland [ENVO:01000892]	True	True	unrelated		Area of cropland [ENVO:01000892]				0.0	0.35	False
publication	supplement	nmdc:bsm-11-8x5nva78	env_medium	leaf [PO:0025034]	agricultural soil [ENVO:00002259] | plant matter [ENVO:01001121]	True	True	unrelated		agricultural soil [ENVO:00002259]				0.0	0.35	False
publication	supplement	nmdc:bsm-11-006pnx90	env_broad_scale	cropland biome [ENVO:01000245]	Terrestrial Biome [ENVO:00000446]	True	True	descendant	2	Terrestrial Biome [ENVO:00000446]				0.8	0.75	False
publication	supplement	nmdc:bsm-11-006pnx90	env_local_scale	crop canopy [ENVO:01001241]	Area of cropland [ENVO:01000892]	True	True	unrelated		Area of cropland [ENVO:01000892]				0.0	0.35	False
publication	supplement	nmdc:bsm-11-006pnx90	env_medium	leaf [PO:0025034]	agricultural soil [ENVO:00002259] | plant matter [ENVO:01001121]	True	True	unrelated		agricultural soil [ENVO:00002259]				0.0	0.35	False
publication	supplement	nmdc:bsm-11-525ft480	env_broad_scale	cropland biome [ENVO:01000245]	Terrestrial Biome [ENVO:00000446]	True	True	descendant	2	Terrestrial Biome [ENVO:00000446]				0.8	0.75	False
publication	supplement	nmdc:bsm-11-525ft480	env_local_scale	crop canopy [ENVO:01001241]	Area of cropland [ENVO:01000892]	True	True	unrelated		Area of cropland [ENVO:01000892]				0.0	0.35	False
publication	supplement	nmdc:bsm-11-525ft480	env_medium	leaf [PO:0025034]	agricultural soil [ENVO:00002259] | plant matter [ENVO:01001121]	True	True	unrelated		agricultural soil [ENVO:00002259]				0.0	0.35	False
publication	supplement	nmdc:bsm-11-72s3j307	env_broad_scale	cropland biome [ENVO:01000245]	Terrestrial Biome [ENVO:00000446]	True	True	descendant	2	Terrestrial Biome [ENVO:00000446]				0.8	0.75	False
publication	supplement	nmdc:bsm-11-72s3j307	env_local_scale	crop canopy [ENVO:01001241]	Area of cropland [ENVO:01000892]	True	True	unrelated		Area of cropland [ENVO:01000892]				0.0	0.35	False
publication	supplement	nmdc:bsm-11-72s3j307	env_medium	leaf [PO:0025034]	agricultural soil [ENVO:00002259] | plant matter [ENVO:01001121]	True	True	unrelated		agricultural soil [ENVO:00002259]				0.0	0.35	False
publication	supplement	nmdc:bsm-11-ym6xky32	env_broad_scale	cropland biome [ENVO:01000245]	Terrestrial Biome [ENVO:00000446]	True	True	descendant	2	Terrestrial Biome [ENVO:00000446]				0.8	0.75	False
publication	supplement	nmdc:bsm-11-ym6xky32	env_local_scale	crop canopy [ENVO:01001241]	Area of cropland [ENVO:01000892]	True	True	unrelated		Area of cropland [ENVO:01000892]				0.0	0.35	False
publication	supplement	nmdc:bsm-11-ym6xky32	env_medium	leaf [PO:0025034]	agricultural soil [ENVO:00002259] | plant matter [ENVO:01001121]	True	True	unrelated		agricultural soil [ENVO:00002259]				0.0	0.35	False
publication	supplement	nmdc:bsm-11-d6zmmg26	env_broad_scale	cropland biome [ENVO:01000245]	Terrestrial Biome [ENVO:00000446]	True	True	descendant	2	Terrestrial Biome [ENVO:00000446]				0.8	0.75	False
publication	supplement	nmdc:bsm-11-d6zmmg26	env_local_scale	crop canopy [ENVO:01001241]	Area of cropland [ENVO:01000892]	True	True	unrelated		Area of cropland [ENVO:01000892]				0.0	0.35	False
publication	supplement	nmdc:bsm-11-d6zmmg26	env_medium	leaf [PO:0025034]	agricultural soil [ENVO:00002259] | plant matter [ENVO:01001121]	True	True	unrelated		agricultural soil [ENVO:00002259]				0.0	0.35	False
publication	supplement	nmdc:bsm-11-gb5gqf77	env_broad_scale	cropland biome [ENVO:01000245]	Terrestrial Biome [ENVO:00000446]	True	True	descendant	2	Terrestrial Biome [ENVO:00000446]				0.8	0.75	False
publication	supplement	nmdc:bsm-11-gb5gqf77	env_local_scale	crop canopy [ENVO:01001241]	Area of cropland [ENVO:01000892]	True	True	unrelated		Area of cropland [ENVO:01000892]				0.0	0.35	False
publication	supplement	nmdc:bsm-11-gb5gqf77	env_medium	leaf [PO:0025034]	agricultural soil [ENVO:00002259] | plant matter [ENVO:01001121]	True	True	unrelated		agricultural soil [ENVO:00002259]				0.0	0.35	False
publication	supplement	nmdc:bsm-11-q3b3py28	env_broad_scale	cropland biome [ENVO:01000245]	Terrestrial Biome [ENVO:00000446]	True	True	descendant	2	Terrestrial Biome [ENVO:00000446]				0.8	0.75	False
publication	supplement	nmdc:bsm-11-q3b3py28	env_local_scale	crop canopy [ENVO:01001241]	Area of cropland [ENVO:01000892]	True	True	unrelated		Area of cropland [ENVO:01000892]				0.0	0.35	False
publication	supplement	nmdc:bsm-11-q3b3py28	env_medium	leaf [PO:0025034]	agricultural soil [ENVO:00002259] | plant matter [ENVO:01001121]	True	True	unrelated		agricultural soil [ENVO:00002259]				0.0	0.35	False
publication	supplement	nmdc:bsm-11-c8p0qk16	env_broad_scale	cropland biome [ENVO:01000245]	Terrestrial Biome [ENVO:00000446]	True	True	descendant	2	Terrestrial Biome [ENVO:00000446]				0.8	0.75	False
publication	supplement	nmdc:bsm-11-c8p0qk16	env_local_scale	crop canopy [ENVO:01001241]	Area of cropland [ENVO:01000892]	True	True	unrelated		Area of cropland [ENVO:01000892]				0.0	0.35	False
publication	supplement	nmdc:bsm-11-c8p0qk16	env_medium	leaf [PO:0025034]	agricultural soil [ENVO:00002259] | plant matter [ENVO:01001121]	True	True	unrelated		agricultural soil [ENVO:00002259]				0.0	0.35	False
publication	supplement	nmdc:bsm-11-qbd0vv07	env_broad_scale	cropland biome [ENVO:01000245]	Terrestrial Biome [ENVO:00000446]	True	True	descendant	2	Terrestrial Biome [ENVO:00000446]				0.8	0.75	False
publication	supplement	nmdc:bsm-11-qbd0vv07	env_local_scale	crop canopy [ENVO:01001241]	Area of cropland [ENVO:01000892]	True	True	unrelated		Area of cropland [ENVO:01000892]				0.0	0.35	False
publication	supplement	nmdc:bsm-11-qbd0vv07	env_medium	leaf [PO:0025034]	agricultural soil [ENVO:00002259] | plant matter [ENVO:01001121]	True	True	unrelated		agricultural soil [ENVO:00002259]				0.0	0.35	False
publication	supplement	nmdc:bsm-11-1q90hg48	env_broad_scale	cropland biome [ENVO:01000245]	Terrestrial Biome [ENVO:00000446]	True	True	descendant	2	Terrestrial Biome [ENVO:00000446]				0.8	0.75	False
publication	supplement	nmdc:bsm-11-1q90hg48	env_local_scale	crop canopy [ENVO:01001241]	Area of cropland [ENVO:01000892]	True	True	unrelated		Area of cropland [ENVO:01000892]				0.0	0.35	False
publication	supplement	nmdc:bsm-11-1q90hg48	env_medium	leaf [PO:0025034]	agricultural soil [ENVO:00002259] | plant matter [ENVO:01001121]	True	True	unrelated		agricultural soil [ENVO:00002259]				0.0	0.35	False
publication	supplement	nmdc:bsm-11-sq6vgh17	env_broad_scale	cropland biome [ENVO:01000245]	Terrestrial Biome [ENVO:00000446]	True	True	descendant	2	Terrestrial Biome [ENVO:00000446]				0.8	0.75	False
publication	supplement	nmdc:bsm-11-sq6vgh17	env_local_scale	crop canopy [ENVO:01001241]	Area of cropland [ENVO:01000892]	True	True	unrelated		Area of cropland [ENVO:01000892]				0.0	0.35	False
publication	supplement	nmdc:bsm-11-sq6vgh17	env_medium	leaf [PO:0025034]	agricultural soil [ENVO:00002259] | plant matter [ENVO:01001121]	True	True	unrelated		agricultural soil [ENVO:00002259]				0.0	0.35	False
publication	supplement	nmdc:bsm-11-b6gr4t62	env_broad_scale	cropland biome [ENVO:01000245]	Terrestrial Biome [ENVO:00000446]	True	True	descendant	2	Terrestrial Biome [ENVO:00000446]				0.8	0.75	False
publication	supplement	nmdc:bsm-11-b6gr4t62	env_local_scale	crop canopy [ENVO:01001241]	Area of cropland [ENVO:01000892]	True	True	unrelated		Area of cropland [ENVO:01000892]				0.0	0.35	False
publication	supplement	nmdc:bsm-11-b6gr4t62	env_medium	leaf [PO:0025034]	agricultural soil [ENVO:00002259] | plant matter [ENVO:01001121]	True	True	unrelated		agricultural soil [ENVO:00002259]				0.0	0.35	False
publication	supplement	nmdc:bsm-11-djsfq929	env_broad_scale	cropland biome [ENVO:01000245]	Terrestrial Biome [ENVO:00000446]	True	True	descendant	2	Terrestrial Biome [ENVO:00000446]				0.8	0.75	False
publication	supplement	nmdc:bsm-11-djsfq929	env_local_scale	crop canopy [ENVO:01001241]	Area of cropland [ENVO:01000892]	True	True	unrelated		Area of cropland [ENVO:01000892]				0.0	0.35	False
publication	supplement	nmdc:bsm-11-djsfq929	env_medium	leaf [PO:0025034]	agricultural soil [ENVO:00002259] | plant matter [ENVO:01001121]	True	True	unrelated		agricultural soil [ENVO:00002259]				0.0	0.35	False
publication	supplement	nmdc:bsm-11-pnwb6r98	env_broad_scale	cropland biome [ENVO:01000245]	Terrestrial Biome [ENVO:00000446]	True	True	descendant	2	Terrestrial Biome [ENVO:00000446]				0.8	0.75	False
publication	supplement	nmdc:bsm-11-pnwb6r98	env_local_scale	crop canopy [ENVO:01001241]	Area of cropland [ENVO:01000892]	True	True	unrelated		Area of cropland [ENVO:01000892]				0.0	0.35	False
publication	supplement	nmdc:bsm-11-pnwb6r98	env_medium	leaf [PO:0025034]	agricultural soil [ENVO:00002259] | plant matter [ENVO:01001121]	True	True	unrelated		agricultural soil [ENVO:00002259]				0.0	0.35	False
publication	supplement	nmdc:bsm-11-bezk4q92	env_broad_scale	cropland biome [ENVO:01000245]	Terrestrial Biome [ENVO:00000446]	True	True	descendant	2	Terrestrial Biome [ENVO:00000446]				0.8	0.75	False
publication	supplement	nmdc:bsm-11-bezk4q92	env_local_scale	crop canopy [ENVO:01001241]	Area of cropland [ENVO:01000892]	True	True	unrelated		Area of cropland [ENVO:01000892]				0.0	0.35	False
publication	supplement	nmdc:bsm-11-bezk4q92	env_medium	leaf [PO:0025034]	agricultural soil [ENVO:00002259] | plant matter [ENVO:01001121]	True	True	unrelated		agricultural soil [ENVO:00002259]				0.0	0.35	False
publication	supplement	nmdc:bsm-11-1myy1191	env_broad_scale	cropland biome [ENVO:01000245]	Terrestrial Biome [ENVO:00000446]	True	True	descendant	2	Terrestrial Biome [ENVO:00000446]				0.8	0.75	False
publication	supplement	nmdc:bsm-11-1myy1191	env_local_scale	crop canopy [ENVO:01001241]	Area of cropland [ENVO:01000892]	True	True	unrelated		Area of cropland [ENVO:01000892]				0.0	0.35	False
publication	supplement	nmdc:bsm-11-1myy1191	env_medium	leaf [PO:0025034]	agricultural soil [ENVO:00002259] | plant matter [ENVO:01001121]	True	True	unrelated		agricultural soil [ENVO:00002259]				0.0	0.35	False
publication	supplement	nmdc:bsm-11-q1n3q598	env_broad_scale	cropland biome [ENVO:01000245]	Terrestrial Biome [ENVO:00000446]	True	True	descendant	2	Terrestrial Biome [ENVO:00000446]				0.8	0.75	False
publication	supplement	nmdc:bsm-11-q1n3q598	env_local_scale	crop canopy [ENVO:01001241]	Area of cropland [ENVO:01000892]	True	True	unrelated		Area of cropland [ENVO:01000892]				0.0	0.35	False
publication	supplement	nmdc:bsm-11-q1n3q598	env_medium	leaf [PO:0025034]	agricultural soil [ENVO:00002259] | plant matter [ENVO:01001121]	True	True	unrelated		agricultural soil [ENVO:00002259]				0.0	0.35	False
publication	supplement	nmdc:bsm-11-6xj63294	env_broad_scale	cropland biome [ENVO:01000245]	Terrestrial Biome [ENVO:00000446]	True	True	descendant	2	Terrestrial Biome [ENVO:00000446]				0.8	0.75	False
publication	supplement	nmdc:bsm-11-6xj63294	env_local_scale	crop canopy [ENVO:01001241]	Area of cropland [ENVO:01000892]	True	True	unrelated		Area of cropland [ENVO:01000892]				0.0	0.35	False
publication	supplement	nmdc:bsm-11-6xj63294	env_medium	leaf [PO:0025034]	agricultural soil [ENVO:00002259] | plant matter [ENVO:01001121]	True	True	unrelated		agricultural soil [ENVO:00002259]				0.0	0.35	False
publication	supplement	nmdc:bsm-11-4yam4475	env_broad_scale	cropland biome [ENVO:01000245]	Terrestrial Biome [ENVO:00000446]	True	True	descendant	2	Terrestrial Biome [ENVO:00000446]				0.8	0.75	False
publication	supplement	nmdc:bsm-11-4yam4475	env_local_scale	crop canopy [ENVO:01001241]	Area of cropland [ENVO:01000892]	True	True	unrelated		Area of cropland [ENVO:01000892]				0.0	0.35	False
publication	supplement	nmdc:bsm-11-4yam4475	env_medium	leaf [PO:0025034]	agricultural soil [ENVO:00002259] | plant matter [ENVO:01001121]	True	True	unrelated		agricultural soil [ENVO:00002259]				0.0	0.35	False
publication	supplement	nmdc:bsm-11-ashcsv81	env_broad_scale	cropland biome [ENVO:01000245]	Terrestrial Biome [ENVO:00000446]	True	True	descendant	2	Terrestrial Biome [ENVO:00000446]				0.8	0.75	False
publication	supplement	nmdc:bsm-11-ashcsv81	env_local_scale	crop canopy [ENVO:01001241]	Area of cropland [ENVO:01000892]	True	True	unrelated		Area of cropland [ENVO:01000892]				0.0	0.35	False
publication	supplement	nmdc:bsm-11-ashcsv81	env_medium	leaf [PO:0025034]	agricultural soil [ENVO:00002259] | plant matter [ENVO:01001121]	True	True	unrelated		agricultural soil [ENVO:00002259]				0.0	0.35	False
publication	supplement	nmdc:bsm-11-0xajtb06	env_broad_scale	cropland biome [ENVO:01000245]	Terrestrial Biome [ENVO:00000446]	True	True	descendant	2	Terrestrial Biome [ENVO:00000446]				0.8	0.75	False
publication	supplement	nmdc:bsm-11-0xajtb06	env_local_scale	crop canopy [ENVO:01001241]	Area of cropland [ENVO:01000892]	True	True	unrelated		Area of cropland [ENVO:01000892]				0.0	0.35	False
publication	supplement	nmdc:bsm-11-0xajtb06	env_medium	leaf [PO:0025034]	agricultural soil [ENVO:00002259] | plant matter [ENVO:01001121]	True	True	unrelated		agricultural soil [ENVO:00002259]				0.0	0.35	False
publication	supplement	nmdc:bsm-11-d0mgn431	env_broad_scale	cropland biome [ENVO:01000245]	Terrestrial Biome [ENVO:00000446]	True	True	descendant	2	Terrestrial Biome [ENVO:00000446]				0.8	0.75	False
publication	supplement	nmdc:bsm-11-d0mgn431	env_local_scale	crop canopy [ENVO:01001241]	Area of cropland [ENVO:01000892]	True	True	unrelated		Area of cropland [ENVO:01000892]				0.0	0.35	False
publication	supplement	nmdc:bsm-11-d0mgn431	env_medium	leaf [PO:0025034]	agricultural soil [ENVO:00002259] | plant matter [ENVO:01001121]	True	True	unrelated		agricultural soil [ENVO:00002259]				0.0	0.35	False
publication	supplement	nmdc:bsm-11-p6ynvx26	env_broad_scale	cropland biome [ENVO:01000245]	Terrestrial Biome [ENVO:00000446]	True	True	descendant	2	Terrestrial Biome [ENVO:00000446]				0.8	0.75	False
publication	supplement	nmdc:bsm-11-p6ynvx26	env_local_scale	crop canopy [ENVO:01001241]	Area of cropland [ENVO:01000892]	True	True	unrelated		Area of cropland [ENVO:01000892]				0.0	0.35	False
publication	supplement	nmdc:bsm-11-p6ynvx26	env_medium	leaf [PO:0025034]	agricultural soil [ENVO:00002259] | plant matter [ENVO:01001121]	True	True	unrelated		agricultural soil [ENVO:00002259]				0.0	0.35	False
publication	supplement	nmdc:bsm-11-hyh58649	env_broad_scale	cropland biome [ENVO:01000245]	Terrestrial Biome [ENVO:00000446]	True	True	descendant	2	Terrestrial Biome [ENVO:00000446]				0.8	0.75	False
publication	supplement	nmdc:bsm-11-hyh58649	env_local_scale	crop canopy [ENVO:01001241]	Area of cropland [ENVO:01000892]	True	True	unrelated		Area of cropland [ENVO:01000892]				0.0	0.35	False
publication	supplement	nmdc:bsm-11-hyh58649	env_medium	leaf [PO:0025034]	agricultural soil [ENVO:00002259] | plant matter [ENVO:01001121]	True	True	unrelated		agricultural soil [ENVO:00002259]				0.0	0.35	False
publication	supplement	nmdc:bsm-11-axm9cz50	env_broad_scale	cropland biome [ENVO:01000245]	Terrestrial Biome [ENVO:00000446]	True	True	descendant	2	Terrestrial Biome [ENVO:00000446]				0.8	0.75	False
publication	supplement	nmdc:bsm-11-axm9cz50	env_local_scale	crop canopy [ENVO:01001241]	Area of cropland [ENVO:01000892]	True	True	unrelated		Area of cropland [ENVO:01000892]				0.0	0.35	False
publication	supplement	nmdc:bsm-11-axm9cz50	env_medium	leaf [PO:0025034]	agricultural soil [ENVO:00002259] | plant matter [ENVO:01001121]	True	True	unrelated		agricultural soil [ENVO:00002259]				0.0	0.35	False
publication	supplement	nmdc:bsm-11-y5c85m67	env_broad_scale	cropland biome [ENVO:01000245]	Terrestrial Biome [ENVO:00000446]	True	True	descendant	2	Terrestrial Biome [ENVO:00000446]				0.8	0.75	False
publication	supplement	nmdc:bsm-11-y5c85m67	env_local_scale	crop canopy [ENVO:01001241]	Area of cropland [ENVO:01000892]	True	True	unrelated		Area of cropland [ENVO:01000892]				0.0	0.35	False
publication	supplement	nmdc:bsm-11-y5c85m67	env_medium	leaf [PO:0025034]	agricultural soil [ENVO:00002259] | plant matter [ENVO:01001121]	True	True	unrelated		agricultural soil [ENVO:00002259]				0.0	0.35	False
publication	supplement	nmdc:bsm-11-w6q8zd96	env_broad_scale	cropland biome [ENVO:01000245]	Terrestrial Biome [ENVO:00000446]	True	True	descendant	2	Terrestrial Biome [ENVO:00000446]				0.8	0.75	False
publication	supplement	nmdc:bsm-11-w6q8zd96	env_local_scale	crop canopy [ENVO:01001241]	Area of cropland [ENVO:01000892]	True	True	unrelated		Area of cropland [ENVO:01000892]				0.0	0.35	False
publication	supplement	nmdc:bsm-11-w6q8zd96	env_medium	leaf [PO:0025034]	agricultural soil [ENVO:00002259] | plant matter [ENVO:01001121]	True	True	unrelated		agricultural soil [ENVO:00002259]				0.0	0.35	False
publication	supplement	nmdc:bsm-11-fbpnww48	env_broad_scale	cropland biome [ENVO:01000245]	Terrestrial Biome [ENVO:00000446]	True	True	descendant	2	Terrestrial Biome [ENVO:00000446]				0.8	0.75	False
publication	supplement	nmdc:bsm-11-fbpnww48	env_local_scale	crop canopy [ENVO:01001241]	Area of cropland [ENVO:01000892]	True	True	unrelated		Area of cropland [ENVO:01000892]				0.0	0.35	False
publication	supplement	nmdc:bsm-11-fbpnww48	env_medium	leaf [PO:0025034]	agricultural soil [ENVO:00002259] | plant matter [ENVO:01001121]	True	True	unrelated		agricultural soil [ENVO:00002259]				0.0	0.35	False
publication	supplement	nmdc:bsm-11-aapx7y71	env_broad_scale	cropland biome [ENVO:01000245]	Terrestrial Biome [ENVO:00000446]	True	True	descendant	2	Terrestrial Biome [ENVO:00000446]				0.8	0.75	False
publication	supplement	nmdc:bsm-11-aapx7y71	env_local_scale	crop canopy [ENVO:01001241]	Area of cropland [ENVO:01000892]	True	True	unrelated		Area of cropland [ENVO:01000892]				0.0	0.35	False
publication	supplement	nmdc:bsm-11-aapx7y71	env_medium	leaf [PO:0025034]	agricultural soil [ENVO:00002259] | plant matter [ENVO:01001121]	True	True	unrelated		agricultural soil [ENVO:00002259]				0.0	0.35	False
publication	supplement	nmdc:bsm-11-5q8cfe18	env_broad_scale	cropland biome [ENVO:01000245]	Terrestrial Biome [ENVO:00000446]	True	True	descendant	2	Terrestrial Biome [ENVO:00000446]				0.8	0.75	False
publication	supplement	nmdc:bsm-11-5q8cfe18	env_local_scale	crop canopy [ENVO:01001241]	Area of cropland [ENVO:01000892]	True	True	unrelated		Area of cropland [ENVO:01000892]				0.0	0.35	False
publication	supplement	nmdc:bsm-11-5q8cfe18	env_medium	leaf [PO:0025034]	agricultural soil [ENVO:00002259] | plant matter [ENVO:01001121]	True	True	unrelated		agricultural soil [ENVO:00002259]				0.0	0.35	False
publication	supplement	nmdc:bsm-11-0yb49r23	env_broad_scale	cropland biome [ENVO:01000245]	Terrestrial Biome [ENVO:00000446]	True	True	descendant	2	Terrestrial Biome [ENVO:00000446]				0.8	0.75	False
publication	supplement	nmdc:bsm-11-0yb49r23	env_local_scale	crop canopy [ENVO:01001241]	Area of cropland [ENVO:01000892]	True	True	unrelated		Area of cropland [ENVO:01000892]				0.0	0.35	False
publication	supplement	nmdc:bsm-11-0yb49r23	env_medium	leaf [PO:0025034]	agricultural soil [ENVO:00002259] | plant matter [ENVO:01001121]	True	True	unrelated		agricultural soil [ENVO:00002259]				0.0	0.35	False
publication	supplement	nmdc:bsm-11-9583y135	env_broad_scale	cropland biome [ENVO:01000245]	Terrestrial Biome [ENVO:00000446]	True	True	descendant	2	Terrestrial Biome [ENVO:00000446]				0.8	0.75	False
publication	supplement	nmdc:bsm-11-9583y135	env_local_scale	crop canopy [ENVO:01001241]	Area of cropland [ENVO:01000892]	True	True	unrelated		Area of cropland [ENVO:01000892]				0.0	0.35	False
publication	supplement	nmdc:bsm-11-9583y135	env_medium	leaf [PO:0025034]	agricultural soil [ENVO:00002259] | plant matter [ENVO:01001121]	True	True	unrelated		agricultural soil [ENVO:00002259]				0.0	0.35	False
publication	supplement	nmdc:bsm-11-qwwnvp34	env_broad_scale	cropland biome [ENVO:01000245]	Terrestrial Biome [ENVO:00000446]	True	True	descendant	2	Terrestrial Biome [ENVO:00000446]				0.8	0.75	False
publication	supplement	nmdc:bsm-11-qwwnvp34	env_local_scale	crop canopy [ENVO:01001241]	Area of cropland [ENVO:01000892]	True	True	unrelated		Area of cropland [ENVO:01000892]				0.0	0.35	False
publication	supplement	nmdc:bsm-11-qwwnvp34	env_medium	leaf [PO:0025034]	agricultural soil [ENVO:00002259] | plant matter [ENVO:01001121]	True	True	unrelated		agricultural soil [ENVO:00002259]				0.0	0.35	False
publication	supplement	nmdc:bsm-11-s0572744	env_broad_scale	cropland biome [ENVO:01000245]	Terrestrial Biome [ENVO:00000446]	True	True	descendant	2	Terrestrial Biome [ENVO:00000446]				0.8	0.75	False
publication	supplement	nmdc:bsm-11-s0572744	env_local_scale	crop canopy [ENVO:01001241]	Area of cropland [ENVO:01000892]	True	True	unrelated		Area of cropland [ENVO:01000892]				0.0	0.35	False
publication	supplement	nmdc:bsm-11-s0572744	env_medium	leaf [PO:0025034]	agricultural soil [ENVO:00002259] | plant matter [ENVO:01001121]	True	True	unrelated		agricultural soil [ENVO:00002259]				0.0	0.35	False
publication	supplement	nmdc:bsm-11-4kfspg06	env_broad_scale	cropland biome [ENVO:01000245]	Terrestrial Biome [ENVO:00000446]	True	True	descendant	2	Terrestrial Biome [ENVO:00000446]				0.8	0.75	False
publication	supplement	nmdc:bsm-11-4kfspg06	env_local_scale	crop canopy [ENVO:01001241]	Area of cropland [ENVO:01000892]	True	True	unrelated		Area of cropland [ENVO:01000892]				0.0	0.35	False
publication	supplement	nmdc:bsm-11-4kfspg06	env_medium	leaf [PO:0025034]	agricultural soil [ENVO:00002259] | plant matter [ENVO:01001121]	True	True	unrelated		agricultural soil [ENVO:00002259]				0.0	0.35	False
publication	supplement	nmdc:bsm-11-nxjqyp16	env_broad_scale	cropland biome [ENVO:01000245]	Terrestrial Biome [ENVO:00000446]	True	True	descendant	2	Terrestrial Biome [ENVO:00000446]				0.8	0.75	False
publication	supplement	nmdc:bsm-11-nxjqyp16	env_local_scale	crop canopy [ENVO:01001241]	Area of cropland [ENVO:01000892]	True	True	unrelated		Area of cropland [ENVO:01000892]				0.0	0.35	False
publication	supplement	nmdc:bsm-11-nxjqyp16	env_medium	leaf [PO:0025034]	agricultural soil [ENVO:00002259] | plant matter [ENVO:01001121]	True	True	unrelated		agricultural soil [ENVO:00002259]				0.0	0.35	False
publication	supplement	nmdc:bsm-11-s2505c63	env_broad_scale	cropland biome [ENVO:01000245]	Terrestrial Biome [ENVO:00000446]	True	True	descendant	2	Terrestrial Biome [ENVO:00000446]				0.8	0.75	False
publication	supplement	nmdc:bsm-11-s2505c63	env_local_scale	crop canopy [ENVO:01001241]	Area of cropland [ENVO:01000892]	True	True	unrelated		Area of cropland [ENVO:01000892]				0.0	0.35	False
publication	supplement	nmdc:bsm-11-s2505c63	env_medium	leaf [PO:0025034]	agricultural soil [ENVO:00002259] | plant matter [ENVO:01001121]	True	True	unrelated		agricultural soil [ENVO:00002259]				0.0	0.35	False
publication	supplement	nmdc:bsm-11-xzt7p588	env_broad_scale	cropland biome [ENVO:01000245]	Terrestrial Biome [ENVO:00000446]	True	True	descendant	2	Terrestrial Biome [ENVO:00000446]				0.8	0.75	False
publication	supplement	nmdc:bsm-11-xzt7p588	env_local_scale	crop canopy [ENVO:01001241]	Area of cropland [ENVO:01000892]	True	True	unrelated		Area of cropland [ENVO:01000892]				0.0	0.35	False
publication	supplement	nmdc:bsm-11-xzt7p588	env_medium	leaf [PO:0025034]	agricultural soil [ENVO:00002259] | plant matter [ENVO:01001121]	True	True	unrelated		agricultural soil [ENVO:00002259]				0.0	0.35	False
publication	supplement	nmdc:bsm-11-qx6p7k13	env_broad_scale	cropland biome [ENVO:01000245]	Terrestrial Biome [ENVO:00000446]	True	True	descendant	2	Terrestrial Biome [ENVO:00000446]				0.8	0.75	False
publication	supplement	nmdc:bsm-11-qx6p7k13	env_local_scale	crop canopy [ENVO:01001241]	Area of cropland [ENVO:01000892]	True	True	unrelated		Area of cropland [ENVO:01000892]				0.0	0.35	False
publication	supplement	nmdc:bsm-11-qx6p7k13	env_medium	leaf [PO:0025034]	agricultural soil [ENVO:00002259] | plant matter [ENVO:01001121]	True	True	unrelated		agricultural soil [ENVO:00002259]				0.0	0.35	False
publication	supplement	nmdc:bsm-11-e4szzv74	env_broad_scale	cropland biome [ENVO:01000245]	Terrestrial Biome [ENVO:00000446]	True	True	descendant	2	Terrestrial Biome [ENVO:00000446]				0.8	0.75	False
publication	supplement	nmdc:bsm-11-e4szzv74	env_local_scale	crop canopy [ENVO:01001241]	Area of cropland [ENVO:01000892]	True	True	unrelated		Area of cropland [ENVO:01000892]				0.0	0.35	False
publication	supplement	nmdc:bsm-11-e4szzv74	env_medium	leaf [PO:0025034]	agricultural soil [ENVO:00002259] | plant matter [ENVO:01001121]	True	True	unrelated		agricultural soil [ENVO:00002259]				0.0	0.35	False
publication	supplement	nmdc:bsm-11-k37j6x61	env_broad_scale	cropland biome [ENVO:01000245]	Terrestrial Biome [ENVO:00000446]	True	True	descendant	2	Terrestrial Biome [ENVO:00000446]				0.8	0.75	False
publication	supplement	nmdc:bsm-11-k37j6x61	env_local_scale	crop canopy [ENVO:01001241]	Area of cropland [ENVO:01000892]	True	True	unrelated		Area of cropland [ENVO:01000892]				0.0	0.35	False
publication	supplement	nmdc:bsm-11-k37j6x61	env_medium	leaf [PO:0025034]	agricultural soil [ENVO:00002259] | plant matter [ENVO:01001121]	True	True	unrelated		agricultural soil [ENVO:00002259]				0.0	0.35	False
publication	supplement	nmdc:bsm-11-aszpj358	env_broad_scale	cropland biome [ENVO:01000245]	Terrestrial Biome [ENVO:00000446]	True	True	descendant	2	Terrestrial Biome [ENVO:00000446]				0.8	0.75	False
publication	supplement	nmdc:bsm-11-aszpj358	env_local_scale	crop canopy [ENVO:01001241]	Area of cropland [ENVO:01000892]	True	True	unrelated		Area of cropland [ENVO:01000892]				0.0	0.35	False
publication	supplement	nmdc:bsm-11-aszpj358	env_medium	leaf [PO:0025034]	agricultural soil [ENVO:00002259] | plant matter [ENVO:01001121]	True	True	unrelated		agricultural soil [ENVO:00002259]				0.0	0.35	False
publication	supplement	nmdc:bsm-11-4cm4d739	env_broad_scale	cropland biome [ENVO:01000245]	Terrestrial Biome [ENVO:00000446]	True	True	descendant	2	Terrestrial Biome [ENVO:00000446]				0.8	0.75	False
publication	supplement	nmdc:bsm-11-4cm4d739	env_local_scale	crop canopy [ENVO:01001241]	Area of cropland [ENVO:01000892]	True	True	unrelated		Area of cropland [ENVO:01000892]				0.0	0.35	False
publication	supplement	nmdc:bsm-11-4cm4d739	env_medium	leaf [PO:0025034]	agricultural soil [ENVO:00002259] | plant matter [ENVO:01001121]	True	True	unrelated		agricultural soil [ENVO:00002259]				0.0	0.35	False
publication	supplement	nmdc:bsm-11-p69snh20	env_broad_scale	cropland biome [ENVO:01000245]	Terrestrial Biome [ENVO:00000446]	True	True	descendant	2	Terrestrial Biome [ENVO:00000446]				0.8	0.75	False
publication	supplement	nmdc:bsm-11-p69snh20	env_local_scale	crop canopy [ENVO:01001241]	Area of cropland [ENVO:01000892]	True	True	unrelated		Area of cropland [ENVO:01000892]				0.0	0.35	False
publication	supplement	nmdc:bsm-11-p69snh20	env_medium	leaf [PO:0025034]	agricultural soil [ENVO:00002259] | plant matter [ENVO:01001121]	True	True	unrelated		agricultural soil [ENVO:00002259]				0.0	0.35	False
publication	supplement	nmdc:bsm-11-j87w5759	env_broad_scale	cropland biome [ENVO:01000245]	Terrestrial Biome [ENVO:00000446]	True	True	descendant	2	Terrestrial Biome [ENVO:00000446]				0.8	0.75	False
publication	supplement	nmdc:bsm-11-j87w5759	env_local_scale	crop canopy [ENVO:01001241]	Area of cropland [ENVO:01000892]	True	True	unrelated		Area of cropland [ENVO:01000892]				0.0	0.35	False
publication	supplement	nmdc:bsm-11-j87w5759	env_medium	leaf [PO:0025034]	agricultural soil [ENVO:00002259] | plant matter [ENVO:01001121]	True	True	unrelated		agricultural soil [ENVO:00002259]				0.0	0.35	False
publication	supplement	nmdc:bsm-11-1w5nfd33	env_broad_scale	cropland biome [ENVO:01000245]	Terrestrial Biome [ENVO:00000446]	True	True	descendant	2	Terrestrial Biome [ENVO:00000446]				0.8	0.75	False
publication	supplement	nmdc:bsm-11-1w5nfd33	env_local_scale	crop canopy [ENVO:01001241]	Area of cropland [ENVO:01000892]	True	True	unrelated		Area of cropland [ENVO:01000892]				0.0	0.35	False
publication	supplement	nmdc:bsm-11-1w5nfd33	env_medium	leaf [PO:0025034]	agricultural soil [ENVO:00002259] | plant matter [ENVO:01001121]	True	True	unrelated		agricultural soil [ENVO:00002259]				0.0	0.35	False
publication	supplement	nmdc:bsm-11-x02b5640	env_broad_scale	cropland biome [ENVO:01000245]	Terrestrial Biome [ENVO:00000446]	True	True	descendant	2	Terrestrial Biome [ENVO:00000446]				0.8	0.75	False
publication	supplement	nmdc:bsm-11-x02b5640	env_local_scale	crop canopy [ENVO:01001241]	Area of cropland [ENVO:01000892]	True	True	unrelated		Area of cropland [ENVO:01000892]				0.0	0.35	False
publication	supplement	nmdc:bsm-11-x02b5640	env_medium	leaf [PO:0025034]	agricultural soil [ENVO:00002259] | plant matter [ENVO:01001121]	True	True	unrelated		agricultural soil [ENVO:00002259]				0.0	0.35	False
publication	supplement	nmdc:bsm-11-0pqvg660	env_broad_scale	cropland biome [ENVO:01000245]	Terrestrial Biome [ENVO:00000446]	True	True	descendant	2	Terrestrial Biome [ENVO:00000446]				0.8	0.75	False
publication	supplement	nmdc:bsm-11-0pqvg660	env_local_scale	crop canopy [ENVO:01001241]	Area of cropland [ENVO:01000892]	True	True	unrelated		Area of cropland [ENVO:01000892]				0.0	0.35	False
publication	supplement	nmdc:bsm-11-0pqvg660	env_medium	leaf [PO:0025034]	agricultural soil [ENVO:00002259] | plant matter [ENVO:01001121]	True	True	unrelated		agricultural soil [ENVO:00002259]				0.0	0.35	False
publication	supplement	nmdc:bsm-11-re6t9r16	env_broad_scale	cropland biome [ENVO:01000245]	Terrestrial Biome [ENVO:00000446]	True	True	descendant	2	Terrestrial Biome [ENVO:00000446]				0.8	0.75	False
publication	supplement	nmdc:bsm-11-re6t9r16	env_local_scale	crop canopy [ENVO:01001241]	Area of cropland [ENVO:01000892]	True	True	unrelated		Area of cropland [ENVO:01000892]				0.0	0.35	False
publication	supplement	nmdc:bsm-11-re6t9r16	env_medium	leaf [PO:0025034]	agricultural soil [ENVO:00002259] | plant matter [ENVO:01001121]	True	True	unrelated		agricultural soil [ENVO:00002259]				0.0	0.35	False
publication	supplement	nmdc:bsm-11-trkdrc88	env_broad_scale	cropland biome [ENVO:01000245]	Terrestrial Biome [ENVO:00000446]	True	True	descendant	2	Terrestrial Biome [ENVO:00000446]				0.8	0.75	False
publication	supplement	nmdc:bsm-11-trkdrc88	env_local_scale	crop canopy [ENVO:01001241]	Area of cropland [ENVO:01000892]	True	True	unrelated		Area of cropland [ENVO:01000892]				0.0	0.35	False
publication	supplement	nmdc:bsm-11-trkdrc88	env_medium	leaf [PO:0025034]	agricultural soil [ENVO:00002259] | plant matter [ENVO:01001121]	True	True	unrelated		agricultural soil [ENVO:00002259]				0.0	0.35	False
publication	supplement	nmdc:bsm-11-twpad883	env_broad_scale	cropland biome [ENVO:01000245]	Terrestrial Biome [ENVO:00000446]	True	True	descendant	2	Terrestrial Biome [ENVO:00000446]				0.8	0.75	False
publication	supplement	nmdc:bsm-11-twpad883	env_local_scale	crop canopy [ENVO:01001241]	Area of cropland [ENVO:01000892]	True	True	unrelated		Area of cropland [ENVO:01000892]				0.0	0.35	False
publication	supplement	nmdc:bsm-11-twpad883	env_medium	leaf [PO:0025034]	agricultural soil [ENVO:00002259] | plant matter [ENVO:01001121]	True	True	unrelated		agricultural soil [ENVO:00002259]				0.0	0.35	False
publication	supplement	nmdc:bsm-11-hpcym074	env_broad_scale	cropland biome [ENVO:01000245]	Terrestrial Biome [ENVO:00000446]	True	True	descendant	2	Terrestrial Biome [ENVO:00000446]				0.8	0.75	False
publication	supplement	nmdc:bsm-11-hpcym074	env_local_scale	crop canopy [ENVO:01001241]	Area of cropland [ENVO:01000892]	True	True	unrelated		Area of cropland [ENVO:01000892]				0.0	0.35	False
publication	supplement	nmdc:bsm-11-hpcym074	env_medium	leaf [PO:0025034]	agricultural soil [ENVO:00002259] | plant matter [ENVO:01001121]	True	True	unrelated		agricultural soil [ENVO:00002259]				0.0	0.35	False
publication	supplement	nmdc:bsm-11-4ah19610	env_broad_scale	cropland biome [ENVO:01000245]	Terrestrial Biome [ENVO:00000446]	True	True	descendant	2	Terrestrial Biome [ENVO:00000446]				0.8	0.75	False
publication	supplement	nmdc:bsm-11-4ah19610	env_local_scale	crop canopy [ENVO:01001241]	Area of cropland [ENVO:01000892]	True	True	unrelated		Area of cropland [ENVO:01000892]				0.0	0.35	False
publication	supplement	nmdc:bsm-11-4ah19610	env_medium	leaf [PO:0025034]	agricultural soil [ENVO:00002259] | plant matter [ENVO:01001121]	True	True	unrelated		agricultural soil [ENVO:00002259]				0.0	0.35	False
publication	supplement	nmdc:bsm-11-7za5cn37	env_broad_scale	cropland biome [ENVO:01000245]	Terrestrial Biome [ENVO:00000446]	True	True	descendant	2	Terrestrial Biome [ENVO:00000446]				0.8	0.75	False
publication	supplement	nmdc:bsm-11-7za5cn37	env_local_scale	crop canopy [ENVO:01001241]	Area of cropland [ENVO:01000892]	True	True	unrelated		Area of cropland [ENVO:01000892]				0.0	0.35	False
publication	supplement	nmdc:bsm-11-7za5cn37	env_medium	leaf [PO:0025034]	agricultural soil [ENVO:00002259] | plant matter [ENVO:01001121]	True	True	unrelated		agricultural soil [ENVO:00002259]				0.0	0.35	False
publication	supplement	nmdc:bsm-11-1p2n9n46	env_broad_scale	cropland biome [ENVO:01000245]	Terrestrial Biome [ENVO:00000446]	True	True	descendant	2	Terrestrial Biome [ENVO:00000446]				0.8	0.75	False
publication	supplement	nmdc:bsm-11-1p2n9n46	env_local_scale	crop canopy [ENVO:01001241]	Area of cropland [ENVO:01000892]	True	True	unrelated		Area of cropland [ENVO:01000892]				0.0	0.35	False
publication	supplement	nmdc:bsm-11-1p2n9n46	env_medium	leaf [PO:0025034]	agricultural soil [ENVO:00002259] | plant matter [ENVO:01001121]	True	True	unrelated		agricultural soil [ENVO:00002259]				0.0	0.35	False
publication	supplement	nmdc:bsm-11-cx8x0329	env_broad_scale	cropland biome [ENVO:01000245]	Terrestrial Biome [ENVO:00000446]	True	True	descendant	2	Terrestrial Biome [ENVO:00000446]				0.8	0.75	False
publication	supplement	nmdc:bsm-11-cx8x0329	env_local_scale	area of cropland [ENVO:01000892]	Area of cropland [ENVO:01000892]	True	True	exact	0	Area of cropland [ENVO:01000892]				1.0	0.85	True
publication	supplement	nmdc:bsm-11-cx8x0329	env_medium	leaf [PO:0025034]	agricultural soil [ENVO:00002259] | plant matter [ENVO:01001121]	True	True	unrelated		agricultural soil [ENVO:00002259]				0.0	0.35	False
publication	supplement	nmdc:bsm-11-vq6mas66	env_broad_scale	cropland biome [ENVO:01000245]	Terrestrial Biome [ENVO:00000446]	True	True	descendant	2	Terrestrial Biome [ENVO:00000446]				0.8	0.75	False
publication	supplement	nmdc:bsm-11-vq6mas66	env_local_scale	area of cropland [ENVO:01000892]	Area of cropland [ENVO:01000892]	True	True	exact	0	Area of cropland [ENVO:01000892]				1.0	0.85	True
publication	supplement	nmdc:bsm-11-vq6mas66	env_medium	leaf [PO:0025034]	agricultural soil [ENVO:00002259] | plant matter [ENVO:01001121]	True	True	unrelated		agricultural soil [ENVO:00002259]				0.0	0.35	False
publication	supplement	nmdc:bsm-11-0qmfcv11	env_broad_scale	cropland biome [ENVO:01000245]	Terrestrial Biome [ENVO:00000446]	True	True	descendant	2	Terrestrial Biome [ENVO:00000446]				0.8	0.75	False
publication	supplement	nmdc:bsm-11-0qmfcv11	env_local_scale	area of cropland [ENVO:01000892]	Area of cropland [ENVO:01000892]	True	True	exact	0	Area of cropland [ENVO:01000892]				1.0	0.85	True
publication	supplement	nmdc:bsm-11-0qmfcv11	env_medium	leaf [PO:0025034]	agricultural soil [ENVO:00002259] | plant matter [ENVO:01001121]	True	True	unrelated		agricultural soil [ENVO:00002259]				0.0	0.35	False
publication	supplement	nmdc:bsm-11-565q2834	env_broad_scale	cropland biome [ENVO:01000245]	Terrestrial Biome [ENVO:00000446]	True	True	descendant	2	Terrestrial Biome [ENVO:00000446]				0.8	0.75	False
publication	supplement	nmdc:bsm-11-565q2834	env_local_scale	area of cropland [ENVO:01000892]	Area of cropland [ENVO:01000892]	True	True	exact	0	Area of cropland [ENVO:01000892]				1.0	0.85	True
publication	supplement	nmdc:bsm-11-565q2834	env_medium	leaf [PO:0025034]	agricultural soil [ENVO:00002259] | plant matter [ENVO:01001121]	True	True	unrelated		agricultural soil [ENVO:00002259]				0.0	0.35	False
publication	supplement	nmdc:bsm-11-eny4t026	env_broad_scale	cropland biome [ENVO:01000245]	Terrestrial Biome [ENVO:00000446]	True	True	descendant	2	Terrestrial Biome [ENVO:00000446]				0.8	0.75	False
publication	supplement	nmdc:bsm-11-eny4t026	env_local_scale	area of cropland [ENVO:01000892]	Area of cropland [ENVO:01000892]	True	True	exact	0	Area of cropland [ENVO:01000892]				1.0	0.85	True
publication	supplement	nmdc:bsm-11-eny4t026	env_medium	leaf [PO:0025034]	agricultural soil [ENVO:00002259] | plant matter [ENVO:01001121]	True	True	unrelated		agricultural soil [ENVO:00002259]				0.0	0.35	False
publication	supplement	nmdc:bsm-11-6sqw3h28	env_broad_scale	cropland biome [ENVO:01000245]	Terrestrial Biome [ENVO:00000446]	True	True	descendant	2	Terrestrial Biome [ENVO:00000446]				0.8	0.75	False
publication	supplement	nmdc:bsm-11-6sqw3h28	env_local_scale	area of cropland [ENVO:01000892]	Area of cropland [ENVO:01000892]	True	True	exact	0	Area of cropland [ENVO:01000892]				1.0	0.85	True
publication	supplement	nmdc:bsm-11-6sqw3h28	env_medium	leaf [PO:0025034]	agricultural soil [ENVO:00002259] | plant matter [ENVO:01001121]	True	True	unrelated		agricultural soil [ENVO:00002259]				0.0	0.35	False
publication	supplement	nmdc:bsm-11-m5jxmh57	env_broad_scale	cropland biome [ENVO:01000245]	Terrestrial Biome [ENVO:00000446]	True	True	descendant	2	Terrestrial Biome [ENVO:00000446]				0.8	0.75	False
publication	supplement	nmdc:bsm-11-m5jxmh57	env_local_scale	area of cropland [ENVO:01000892]	Area of cropland [ENVO:01000892]	True	True	exact	0	Area of cropland [ENVO:01000892]				1.0	0.85	True
publication	supplement	nmdc:bsm-11-m5jxmh57	env_medium	leaf [PO:0025034]	agricultural soil [ENVO:00002259] | plant matter [ENVO:01001121]	True	True	unrelated		agricultural soil [ENVO:00002259]				0.0	0.35	False
publication	supplement	nmdc:bsm-11-zfks3b64	env_broad_scale	cropland biome [ENVO:01000245]	Terrestrial Biome [ENVO:00000446]	True	True	descendant	2	Terrestrial Biome [ENVO:00000446]				0.8	0.75	False
publication	supplement	nmdc:bsm-11-zfks3b64	env_local_scale	area of cropland [ENVO:01000892]	Area of cropland [ENVO:01000892]	True	True	exact	0	Area of cropland [ENVO:01000892]				1.0	0.85	True
publication	supplement	nmdc:bsm-11-zfks3b64	env_medium	leaf [PO:0025034]	agricultural soil [ENVO:00002259] | plant matter [ENVO:01001121]	True	True	unrelated		agricultural soil [ENVO:00002259]				0.0	0.35	False
publication	supplement	nmdc:bsm-11-3h782c22	env_broad_scale	cropland biome [ENVO:01000245]	Terrestrial Biome [ENVO:00000446]	True	True	descendant	2	Terrestrial Biome [ENVO:00000446]				0.8	0.75	False
publication	supplement	nmdc:bsm-11-3h782c22	env_local_scale	area of cropland [ENVO:01000892]	Area of cropland [ENVO:01000892]	True	True	exact	0	Area of cropland [ENVO:01000892]				1.0	0.85	True
publication	supplement	nmdc:bsm-11-3h782c22	env_medium	leaf [PO:0025034]	agricultural soil [ENVO:00002259] | plant matter [ENVO:01001121]	True	True	unrelated		agricultural soil [ENVO:00002259]				0.0	0.35	False
publication	supplement	nmdc:bsm-11-89cgj483	env_broad_scale	cropland biome [ENVO:01000245]	Terrestrial Biome [ENVO:00000446]	True	True	descendant	2	Terrestrial Biome [ENVO:00000446]				0.8	0.75	False
publication	supplement	nmdc:bsm-11-89cgj483	env_local_scale	area of cropland [ENVO:01000892]	Area of cropland [ENVO:01000892]	True	True	exact	0	Area of cropland [ENVO:01000892]				1.0	0.85	True
publication	supplement	nmdc:bsm-11-89cgj483	env_medium	leaf [PO:0025034]	agricultural soil [ENVO:00002259] | plant matter [ENVO:01001121]	True	True	unrelated		agricultural soil [ENVO:00002259]				0.0	0.35	False
publication	supplement	nmdc:bsm-11-pp5qqg39	env_broad_scale	cropland biome [ENVO:01000245]	Terrestrial Biome [ENVO:00000446]	True	True	descendant	2	Terrestrial Biome [ENVO:00000446]				0.8	0.75	False
publication	supplement	nmdc:bsm-11-pp5qqg39	env_local_scale	area of cropland [ENVO:01000892]	Area of cropland [ENVO:01000892]	True	True	exact	0	Area of cropland [ENVO:01000892]				1.0	0.85	True
publication	supplement	nmdc:bsm-11-pp5qqg39	env_medium	leaf [PO:0025034]	agricultural soil [ENVO:00002259] | plant matter [ENVO:01001121]	True	True	unrelated		agricultural soil [ENVO:00002259]				0.0	0.35	False
publication	supplement	nmdc:bsm-11-0d6kw824	env_broad_scale	cropland biome [ENVO:01000245]	Terrestrial Biome [ENVO:00000446]	True	True	descendant	2	Terrestrial Biome [ENVO:00000446]				0.8	0.75	False
publication	supplement	nmdc:bsm-11-0d6kw824	env_local_scale	area of cropland [ENVO:01000892]	Area of cropland [ENVO:01000892]	True	True	exact	0	Area of cropland [ENVO:01000892]				1.0	0.85	True
publication	supplement	nmdc:bsm-11-0d6kw824	env_medium	leaf [PO:0025034]	agricultural soil [ENVO:00002259] | plant matter [ENVO:01001121]	True	True	unrelated		agricultural soil [ENVO:00002259]				0.0	0.35	False
publication	supplement	nmdc:bsm-11-vz45zz16	env_broad_scale	cropland biome [ENVO:01000245]	Terrestrial Biome [ENVO:00000446]	True	True	descendant	2	Terrestrial Biome [ENVO:00000446]				0.8	0.75	False
publication	supplement	nmdc:bsm-11-vz45zz16	env_local_scale	area of cropland [ENVO:01000892]	Area of cropland [ENVO:01000892]	True	True	exact	0	Area of cropland [ENVO:01000892]				1.0	0.85	True
publication	supplement	nmdc:bsm-11-vz45zz16	env_medium	leaf [PO:0025034]	agricultural soil [ENVO:00002259] | plant matter [ENVO:01001121]	True	True	unrelated		agricultural soil [ENVO:00002259]				0.0	0.35	False
publication	supplement	nmdc:bsm-11-hmd3c262	env_broad_scale	cropland biome [ENVO:01000245]	Terrestrial Biome [ENVO:00000446]	True	True	descendant	2	Terrestrial Biome [ENVO:00000446]				0.8	0.75	False
publication	supplement	nmdc:bsm-11-hmd3c262	env_local_scale	area of cropland [ENVO:01000892]	Area of cropland [ENVO:01000892]	True	True	exact	0	Area of cropland [ENVO:01000892]				1.0	0.85	True
publication	supplement	nmdc:bsm-11-hmd3c262	env_medium	leaf [PO:0025034]	agricultural soil [ENVO:00002259] | plant matter [ENVO:01001121]	True	True	unrelated		agricultural soil [ENVO:00002259]				0.0	0.35	False
publication	supplement	nmdc:bsm-11-x3j60412	env_broad_scale	cropland biome [ENVO:01000245]	Terrestrial Biome [ENVO:00000446]	True	True	descendant	2	Terrestrial Biome [ENVO:00000446]				0.8	0.75	False
publication	supplement	nmdc:bsm-11-x3j60412	env_local_scale	area of cropland [ENVO:01000892]	Area of cropland [ENVO:01000892]	True	True	exact	0	Area of cropland [ENVO:01000892]				1.0	0.85	True
publication	supplement	nmdc:bsm-11-x3j60412	env_medium	leaf [PO:0025034]	agricultural soil [ENVO:00002259] | plant matter [ENVO:01001121]	True	True	unrelated		agricultural soil [ENVO:00002259]				0.0	0.35	False
publication	supplement	nmdc:bsm-11-v06cjb80	env_broad_scale	cropland biome [ENVO:01000245]	Terrestrial Biome [ENVO:00000446]	True	True	descendant	2	Terrestrial Biome [ENVO:00000446]				0.8	0.75	False
publication	supplement	nmdc:bsm-11-v06cjb80	env_local_scale	area of cropland [ENVO:01000892]	Area of cropland [ENVO:01000892]	True	True	exact	0	Area of cropland [ENVO:01000892]				1.0	0.85	True
publication	supplement	nmdc:bsm-11-v06cjb80	env_medium	leaf [PO:0025034]	agricultural soil [ENVO:00002259] | plant matter [ENVO:01001121]	True	True	unrelated		agricultural soil [ENVO:00002259]				0.0	0.35	False
publication	supplement	nmdc:bsm-11-kyyr2a92	env_broad_scale	cropland biome [ENVO:01000245]	Terrestrial Biome [ENVO:00000446]	True	True	descendant	2	Terrestrial Biome [ENVO:00000446]				0.8	0.75	False
publication	supplement	nmdc:bsm-11-kyyr2a92	env_local_scale	area of cropland [ENVO:01000892]	Area of cropland [ENVO:01000892]	True	True	exact	0	Area of cropland [ENVO:01000892]				1.0	0.85	True
publication	supplement	nmdc:bsm-11-kyyr2a92	env_medium	leaf [PO:0025034]	agricultural soil [ENVO:00002259] | plant matter [ENVO:01001121]	True	True	unrelated		agricultural soil [ENVO:00002259]				0.0	0.35	False
publication	supplement	nmdc:bsm-11-1yq40d22	env_broad_scale	cropland biome [ENVO:01000245]	Terrestrial Biome [ENVO:00000446]	True	True	descendant	2	Terrestrial Biome [ENVO:00000446]				0.8	0.75	False
publication	supplement	nmdc:bsm-11-1yq40d22	env_local_scale	area of cropland [ENVO:01000892]	Area of cropland [ENVO:01000892]	True	True	exact	0	Area of cropland [ENVO:01000892]				1.0	0.85	True
publication	supplement	nmdc:bsm-11-1yq40d22	env_medium	leaf [PO:0025034]	agricultural soil [ENVO:00002259] | plant matter [ENVO:01001121]	True	True	unrelated		agricultural soil [ENVO:00002259]				0.0	0.35	False
publication	supplement	nmdc:bsm-11-scdxg902	env_broad_scale	cropland biome [ENVO:01000245]	Terrestrial Biome [ENVO:00000446]	True	True	descendant	2	Terrestrial Biome [ENVO:00000446]				0.8	0.75	False
publication	supplement	nmdc:bsm-11-scdxg902	env_local_scale	area of cropland [ENVO:01000892]	Area of cropland [ENVO:01000892]	True	True	exact	0	Area of cropland [ENVO:01000892]				1.0	0.85	True
publication	supplement	nmdc:bsm-11-scdxg902	env_medium	leaf [PO:0025034]	agricultural soil [ENVO:00002259] | plant matter [ENVO:01001121]	True	True	unrelated		agricultural soil [ENVO:00002259]				0.0	0.35	False
publication	supplement	nmdc:bsm-11-yv389t44	env_broad_scale	cropland biome [ENVO:01000245]	Terrestrial Biome [ENVO:00000446]	True	True	descendant	2	Terrestrial Biome [ENVO:00000446]				0.8	0.75	False
publication	supplement	nmdc:bsm-11-yv389t44	env_local_scale	area of cropland [ENVO:01000892]	Area of cropland [ENVO:01000892]	True	True	exact	0	Area of cropland [ENVO:01000892]				1.0	0.85	True
publication	supplement	nmdc:bsm-11-yv389t44	env_medium	leaf [PO:0025034]	agricultural soil [ENVO:00002259] | plant matter [ENVO:01001121]	True	True	unrelated		agricultural soil [ENVO:00002259]				0.0	0.35	False
publication	supplement	nmdc:bsm-11-2j4qq664	env_broad_scale	cropland biome [ENVO:01000245]	Terrestrial Biome [ENVO:00000446]	True	True	descendant	2	Terrestrial Biome [ENVO:00000446]				0.8	0.75	False
publication	supplement	nmdc:bsm-11-2j4qq664	env_local_scale	area of cropland [ENVO:01000892]	Area of cropland [ENVO:01000892]	True	True	exact	0	Area of cropland [ENVO:01000892]				1.0	0.85	True
publication	supplement	nmdc:bsm-11-2j4qq664	env_medium	leaf [PO:0025034]	agricultural soil [ENVO:00002259] | plant matter [ENVO:01001121]	True	True	unrelated		agricultural soil [ENVO:00002259]				0.0	0.35	False
publication	supplement	nmdc:bsm-11-9w569119	env_broad_scale	cropland biome [ENVO:01000245]	Terrestrial Biome [ENVO:00000446]	True	True	descendant	2	Terrestrial Biome [ENVO:00000446]				0.8	0.75	False
publication	supplement	nmdc:bsm-11-9w569119	env_local_scale	area of cropland [ENVO:01000892]	Area of cropland [ENVO:01000892]	True	True	exact	0	Area of cropland [ENVO:01000892]				1.0	0.85	True
publication	supplement	nmdc:bsm-11-9w569119	env_medium	leaf [PO:0025034]	agricultural soil [ENVO:00002259] | plant matter [ENVO:01001121]	True	True	unrelated		agricultural soil [ENVO:00002259]				0.0	0.35	False
publication	supplement	nmdc:bsm-11-nvygyy64	env_broad_scale	cropland biome [ENVO:01000245]	Terrestrial Biome [ENVO:00000446]	True	True	descendant	2	Terrestrial Biome [ENVO:00000446]				0.8	0.75	False
publication	supplement	nmdc:bsm-11-nvygyy64	env_local_scale	area of cropland [ENVO:01000892]	Area of cropland [ENVO:01000892]	True	True	exact	0	Area of cropland [ENVO:01000892]				1.0	0.85	True
publication	supplement	nmdc:bsm-11-nvygyy64	env_medium	leaf [PO:0025034]	agricultural soil [ENVO:00002259] | plant matter [ENVO:01001121]	True	True	unrelated		agricultural soil [ENVO:00002259]				0.0	0.35	False
publication	supplement	nmdc:bsm-11-ta9g7z16	env_broad_scale	cropland biome [ENVO:01000245]	Terrestrial Biome [ENVO:00000446]	True	True	descendant	2	Terrestrial Biome [ENVO:00000446]				0.8	0.75	False
publication	supplement	nmdc:bsm-11-ta9g7z16	env_local_scale	area of cropland [ENVO:01000892]	Area of cropland [ENVO:01000892]	True	True	exact	0	Area of cropland [ENVO:01000892]				1.0	0.85	True
publication	supplement	nmdc:bsm-11-ta9g7z16	env_medium	leaf [PO:0025034]	agricultural soil [ENVO:00002259] | plant matter [ENVO:01001121]	True	True	unrelated		agricultural soil [ENVO:00002259]				0.0	0.35	False
publication	supplement	nmdc:bsm-11-havpgy71	env_broad_scale	cropland biome [ENVO:01000245]	Terrestrial Biome [ENVO:00000446]	True	True	descendant	2	Terrestrial Biome [ENVO:00000446]				0.8	0.75	False
publication	supplement	nmdc:bsm-11-havpgy71	env_local_scale	area of cropland [ENVO:01000892]	Area of cropland [ENVO:01000892]	True	True	exact	0	Area of cropland [ENVO:01000892]				1.0	0.85	True
publication	supplement	nmdc:bsm-11-havpgy71	env_medium	leaf [PO:0025034]	agricultural soil [ENVO:00002259] | plant matter [ENVO:01001121]	True	True	unrelated		agricultural soil [ENVO:00002259]				0.0	0.35	False
publication	supplement	nmdc:bsm-11-t6shsk68	env_broad_scale	cropland biome [ENVO:01000245]	Terrestrial Biome [ENVO:00000446]	True	True	descendant	2	Terrestrial Biome [ENVO:00000446]				0.8	0.75	False
publication	supplement	nmdc:bsm-11-t6shsk68	env_local_scale	area of cropland [ENVO:01000892]	Area of cropland [ENVO:01000892]	True	True	exact	0	Area of cropland [ENVO:01000892]				1.0	0.85	True
publication	supplement	nmdc:bsm-11-t6shsk68	env_medium	leaf [PO:0025034]	agricultural soil [ENVO:00002259] | plant matter [ENVO:01001121]	True	True	unrelated		agricultural soil [ENVO:00002259]				0.0	0.35	False
publication	supplement	nmdc:bsm-11-zqthfw03	env_broad_scale	cropland biome [ENVO:01000245]	Terrestrial Biome [ENVO:00000446]	True	True	descendant	2	Terrestrial Biome [ENVO:00000446]				0.8	0.75	False
publication	supplement	nmdc:bsm-11-zqthfw03	env_local_scale	area of cropland [ENVO:01000892]	Area of cropland [ENVO:01000892]	True	True	exact	0	Area of cropland [ENVO:01000892]				1.0	0.85	True
publication	supplement	nmdc:bsm-11-zqthfw03	env_medium	leaf [PO:0025034]	agricultural soil [ENVO:00002259] | plant matter [ENVO:01001121]	True	True	unrelated		agricultural soil [ENVO:00002259]				0.0	0.35	False
publication	supplement	nmdc:bsm-11-jqch2c77	env_broad_scale	cropland biome [ENVO:01000245]	Terrestrial Biome [ENVO:00000446]	True	True	descendant	2	Terrestrial Biome [ENVO:00000446]				0.8	0.75	False
publication	supplement	nmdc:bsm-11-jqch2c77	env_local_scale	area of cropland [ENVO:01000892]	Area of cropland [ENVO:01000892]	True	True	exact	0	Area of cropland [ENVO:01000892]				1.0	0.85	True
publication	supplement	nmdc:bsm-11-jqch2c77	env_medium	leaf [PO:0025034]	agricultural soil [ENVO:00002259] | plant matter [ENVO:01001121]	True	True	unrelated		agricultural soil [ENVO:00002259]				0.0	0.35	False
publication	supplement	nmdc:bsm-11-c54mhk23	env_broad_scale	cropland biome [ENVO:01000245]	Terrestrial Biome [ENVO:00000446]	True	True	descendant	2	Terrestrial Biome [ENVO:00000446]				0.8	0.75	False
publication	supplement	nmdc:bsm-11-c54mhk23	env_local_scale	area of cropland [ENVO:01000892]	Area of cropland [ENVO:01000892]	True	True	exact	0	Area of cropland [ENVO:01000892]				1.0	0.85	True
publication	supplement	nmdc:bsm-11-c54mhk23	env_medium	leaf [PO:0025034]	agricultural soil [ENVO:00002259] | plant matter [ENVO:01001121]	True	True	unrelated		agricultural soil [ENVO:00002259]				0.0	0.35	False
publication	supplement	nmdc:bsm-11-7pfvq374	env_broad_scale	cropland biome [ENVO:01000245]	Terrestrial Biome [ENVO:00000446]	True	True	descendant	2	Terrestrial Biome [ENVO:00000446]				0.8	0.75	False
publication	supplement	nmdc:bsm-11-7pfvq374	env_local_scale	area of cropland [ENVO:01000892]	Area of cropland [ENVO:01000892]	True	True	exact	0	Area of cropland [ENVO:01000892]				1.0	0.85	True
publication	supplement	nmdc:bsm-11-7pfvq374	env_medium	leaf [PO:0025034]	agricultural soil [ENVO:00002259] | plant matter [ENVO:01001121]	True	True	unrelated		agricultural soil [ENVO:00002259]				0.0	0.35	False
publication	supplement	nmdc:bsm-11-5erq8849	env_broad_scale	cropland biome [ENVO:01000245]	Terrestrial Biome [ENVO:00000446]	True	True	descendant	2	Terrestrial Biome [ENVO:00000446]				0.8	0.75	False
publication	supplement	nmdc:bsm-11-5erq8849	env_local_scale	area of cropland [ENVO:01000892]	Area of cropland [ENVO:01000892]	True	True	exact	0	Area of cropland [ENVO:01000892]				1.0	0.85	True
publication	supplement	nmdc:bsm-11-5erq8849	env_medium	leaf [PO:0025034]	agricultural soil [ENVO:00002259] | plant matter [ENVO:01001121]	True	True	unrelated		agricultural soil [ENVO:00002259]				0.0	0.35	False
publication	supplement	nmdc:bsm-11-rs4es287	env_broad_scale	cropland biome [ENVO:01000245]	Terrestrial Biome [ENVO:00000446]	True	True	descendant	2	Terrestrial Biome [ENVO:00000446]				0.8	0.75	False
publication	supplement	nmdc:bsm-11-rs4es287	env_local_scale	area of cropland [ENVO:01000892]	Area of cropland [ENVO:01000892]	True	True	exact	0	Area of cropland [ENVO:01000892]				1.0	0.85	True
publication	supplement	nmdc:bsm-11-rs4es287	env_medium	leaf [PO:0025034]	agricultural soil [ENVO:00002259] | plant matter [ENVO:01001121]	True	True	unrelated		agricultural soil [ENVO:00002259]				0.0	0.35	False
publication	supplement	nmdc:bsm-11-mr6jqb94	env_broad_scale	cropland biome [ENVO:01000245]	Terrestrial Biome [ENVO:00000446]	True	True	descendant	2	Terrestrial Biome [ENVO:00000446]				0.8	0.75	False
publication	supplement	nmdc:bsm-11-mr6jqb94	env_local_scale	area of cropland [ENVO:01000892]	Area of cropland [ENVO:01000892]	True	True	exact	0	Area of cropland [ENVO:01000892]				1.0	0.85	True
publication	supplement	nmdc:bsm-11-mr6jqb94	env_medium	leaf [PO:0025034]	agricultural soil [ENVO:00002259] | plant matter [ENVO:01001121]	True	True	unrelated		agricultural soil [ENVO:00002259]				0.0	0.35	False
publication	supplement	nmdc:bsm-11-11a1rr28	env_broad_scale	cropland biome [ENVO:01000245]	Terrestrial Biome [ENVO:00000446]	True	True	descendant	2	Terrestrial Biome [ENVO:00000446]				0.8	0.75	False
publication	supplement	nmdc:bsm-11-11a1rr28	env_local_scale	area of cropland [ENVO:01000892]	Area of cropland [ENVO:01000892]	True	True	exact	0	Area of cropland [ENVO:01000892]				1.0	0.85	True
publication	supplement	nmdc:bsm-11-11a1rr28	env_medium	leaf [PO:0025034]	agricultural soil [ENVO:00002259] | plant matter [ENVO:01001121]	True	True	unrelated		agricultural soil [ENVO:00002259]				0.0	0.35	False
publication	supplement	nmdc:bsm-11-07qp3e36	env_broad_scale	cropland biome [ENVO:01000245]	Terrestrial Biome [ENVO:00000446]	True	True	descendant	2	Terrestrial Biome [ENVO:00000446]				0.8	0.75	False
publication	supplement	nmdc:bsm-11-07qp3e36	env_local_scale	area of cropland [ENVO:01000892]	Area of cropland [ENVO:01000892]	True	True	exact	0	Area of cropland [ENVO:01000892]				1.0	0.85	True
publication	supplement	nmdc:bsm-11-07qp3e36	env_medium	leaf [PO:0025034]	agricultural soil [ENVO:00002259] | plant matter [ENVO:01001121]	True	True	unrelated		agricultural soil [ENVO:00002259]				0.0	0.35	False
publication	supplement	nmdc:bsm-11-92m86j46	env_broad_scale	cropland biome [ENVO:01000245]	Terrestrial Biome [ENVO:00000446]	True	True	descendant	2	Terrestrial Biome [ENVO:00000446]				0.8	0.75	False
publication	supplement	nmdc:bsm-11-92m86j46	env_local_scale	area of cropland [ENVO:01000892]	Area of cropland [ENVO:01000892]	True	True	exact	0	Area of cropland [ENVO:01000892]				1.0	0.85	True
publication	supplement	nmdc:bsm-11-92m86j46	env_medium	leaf [PO:0025034]	agricultural soil [ENVO:00002259] | plant matter [ENVO:01001121]	True	True	unrelated		agricultural soil [ENVO:00002259]				0.0	0.35	False
publication	supplement	nmdc:bsm-11-ywsr9543	env_broad_scale	cropland biome [ENVO:01000245]	Terrestrial Biome [ENVO:00000446]	True	True	descendant	2	Terrestrial Biome [ENVO:00000446]				0.8	0.75	False
publication	supplement	nmdc:bsm-11-ywsr9543	env_local_scale	area of cropland [ENVO:01000892]	Area of cropland [ENVO:01000892]	True	True	exact	0	Area of cropland [ENVO:01000892]				1.0	0.85	True
publication	supplement	nmdc:bsm-11-ywsr9543	env_medium	leaf [PO:0025034]	agricultural soil [ENVO:00002259] | plant matter [ENVO:01001121]	True	True	unrelated		agricultural soil [ENVO:00002259]				0.0	0.35	False
publication	supplement	nmdc:bsm-11-adc8nc37	env_broad_scale	cropland biome [ENVO:01000245]	Terrestrial Biome [ENVO:00000446]	True	True	descendant	2	Terrestrial Biome [ENVO:00000446]				0.8	0.75	False
publication	supplement	nmdc:bsm-11-adc8nc37	env_local_scale	area of cropland [ENVO:01000892]	Area of cropland [ENVO:01000892]	True	True	exact	0	Area of cropland [ENVO:01000892]				1.0	0.85	True
publication	supplement	nmdc:bsm-11-adc8nc37	env_medium	leaf [PO:0025034]	agricultural soil [ENVO:00002259] | plant matter [ENVO:01001121]	True	True	unrelated		agricultural soil [ENVO:00002259]				0.0	0.35	False
publication	supplement	nmdc:bsm-11-tew3vz89	env_broad_scale	cropland biome [ENVO:01000245]	Terrestrial Biome [ENVO:00000446]	True	True	descendant	2	Terrestrial Biome [ENVO:00000446]				0.8	0.75	False
publication	supplement	nmdc:bsm-11-tew3vz89	env_local_scale	area of cropland [ENVO:01000892]	Area of cropland [ENVO:01000892]	True	True	exact	0	Area of cropland [ENVO:01000892]				1.0	0.85	True
publication	supplement	nmdc:bsm-11-tew3vz89	env_medium	leaf [PO:0025034]	agricultural soil [ENVO:00002259] | plant matter [ENVO:01001121]	True	True	unrelated		agricultural soil [ENVO:00002259]				0.0	0.35	False
publication	supplement	nmdc:bsm-11-tyzygh82	env_broad_scale	cropland biome [ENVO:01000245]	Terrestrial Biome [ENVO:00000446]	True	True	descendant	2	Terrestrial Biome [ENVO:00000446]				0.8	0.75	False
publication	supplement	nmdc:bsm-11-tyzygh82	env_local_scale	area of cropland [ENVO:01000892]	Area of cropland [ENVO:01000892]	True	True	exact	0	Area of cropland [ENVO:01000892]				1.0	0.85	True
publication	supplement	nmdc:bsm-11-tyzygh82	env_medium	leaf [PO:0025034]	agricultural soil [ENVO:00002259] | plant matter [ENVO:01001121]	True	True	unrelated		agricultural soil [ENVO:00002259]				0.0	0.35	False
publication	supplement	nmdc:bsm-11-80bdyg71	env_broad_scale	cropland biome [ENVO:01000245]	Terrestrial Biome [ENVO:00000446]	True	True	descendant	2	Terrestrial Biome [ENVO:00000446]				0.8	0.75	False
publication	supplement	nmdc:bsm-11-80bdyg71	env_local_scale	area of cropland [ENVO:01000892]	Area of cropland [ENVO:01000892]	True	True	exact	0	Area of cropland [ENVO:01000892]				1.0	0.85	True
publication	supplement	nmdc:bsm-11-80bdyg71	env_medium	leaf [PO:0025034]	agricultural soil [ENVO:00002259] | plant matter [ENVO:01001121]	True	True	unrelated		agricultural soil [ENVO:00002259]				0.0	0.35	False
publication	supplement	nmdc:bsm-11-jwasrx09	env_broad_scale	cropland biome [ENVO:01000245]	Terrestrial Biome [ENVO:00000446]	True	True	descendant	2	Terrestrial Biome [ENVO:00000446]				0.8	0.75	False
publication	supplement	nmdc:bsm-11-jwasrx09	env_local_scale	area of cropland [ENVO:01000892]	Area of cropland [ENVO:01000892]	True	True	exact	0	Area of cropland [ENVO:01000892]				1.0	0.85	True
publication	supplement	nmdc:bsm-11-jwasrx09	env_medium	leaf [PO:0025034]	agricultural soil [ENVO:00002259] | plant matter [ENVO:01001121]	True	True	unrelated		agricultural soil [ENVO:00002259]				0.0	0.35	False
publication	supplement	nmdc:bsm-11-qe2ws334	env_broad_scale	cropland biome [ENVO:01000245]	Terrestrial Biome [ENVO:00000446]	True	True	descendant	2	Terrestrial Biome [ENVO:00000446]				0.8	0.75	False
publication	supplement	nmdc:bsm-11-qe2ws334	env_local_scale	area of cropland [ENVO:01000892]	Area of cropland [ENVO:01000892]	True	True	exact	0	Area of cropland [ENVO:01000892]				1.0	0.85	True
publication	supplement	nmdc:bsm-11-qe2ws334	env_medium	leaf [PO:0025034]	agricultural soil [ENVO:00002259] | plant matter [ENVO:01001121]	True	True	unrelated		agricultural soil [ENVO:00002259]				0.0	0.35	False
publication	supplement	nmdc:bsm-11-2btg8s15	env_broad_scale	cropland biome [ENVO:01000245]	Terrestrial Biome [ENVO:00000446]	True	True	descendant	2	Terrestrial Biome [ENVO:00000446]				0.8	0.75	False
publication	supplement	nmdc:bsm-11-2btg8s15	env_local_scale	area of cropland [ENVO:01000892]	Area of cropland [ENVO:01000892]	True	True	exact	0	Area of cropland [ENVO:01000892]				1.0	0.85	True
publication	supplement	nmdc:bsm-11-2btg8s15	env_medium	leaf [PO:0025034]	agricultural soil [ENVO:00002259] | plant matter [ENVO:01001121]	True	True	unrelated		agricultural soil [ENVO:00002259]				0.0	0.35	False
publication	supplement	nmdc:bsm-11-4hmq1r09	env_broad_scale	cropland biome [ENVO:01000245]	Terrestrial Biome [ENVO:00000446]	True	True	descendant	2	Terrestrial Biome [ENVO:00000446]				0.8	0.75	False
publication	supplement	nmdc:bsm-11-4hmq1r09	env_local_scale	area of cropland [ENVO:01000892]	Area of cropland [ENVO:01000892]	True	True	exact	0	Area of cropland [ENVO:01000892]				1.0	0.85	True
publication	supplement	nmdc:bsm-11-4hmq1r09	env_medium	leaf [PO:0025034]	agricultural soil [ENVO:00002259] | plant matter [ENVO:01001121]	True	True	unrelated		agricultural soil [ENVO:00002259]				0.0	0.35	False
publication	supplement	nmdc:bsm-11-hesr2613	env_broad_scale	cropland biome [ENVO:01000245]	Terrestrial Biome [ENVO:00000446]	True	True	descendant	2	Terrestrial Biome [ENVO:00000446]				0.8	0.75	False
publication	supplement	nmdc:bsm-11-hesr2613	env_local_scale	area of cropland [ENVO:01000892]	Area of cropland [ENVO:01000892]	True	True	exact	0	Area of cropland [ENVO:01000892]				1.0	0.85	True
publication	supplement	nmdc:bsm-11-hesr2613	env_medium	leaf [PO:0025034]	agricultural soil [ENVO:00002259] | plant matter [ENVO:01001121]	True	True	unrelated		agricultural soil [ENVO:00002259]				0.0	0.35	False
publication	supplement	nmdc:bsm-11-stf7ba19	env_broad_scale	cropland biome [ENVO:01000245]	Terrestrial Biome [ENVO:00000446]	True	True	descendant	2	Terrestrial Biome [ENVO:00000446]				0.8	0.75	False
publication	supplement	nmdc:bsm-11-stf7ba19	env_local_scale	area of cropland [ENVO:01000892]	Area of cropland [ENVO:01000892]	True	True	exact	0	Area of cropland [ENVO:01000892]				1.0	0.85	True
publication	supplement	nmdc:bsm-11-stf7ba19	env_medium	leaf [PO:0025034]	agricultural soil [ENVO:00002259] | plant matter [ENVO:01001121]	True	True	unrelated		agricultural soil [ENVO:00002259]				0.0	0.35	False
publication	supplement	nmdc:bsm-11-3we9d184	env_broad_scale	cropland biome [ENVO:01000245]	Terrestrial Biome [ENVO:00000446]	True	True	descendant	2	Terrestrial Biome [ENVO:00000446]				0.8	0.75	False
publication	supplement	nmdc:bsm-11-3we9d184	env_local_scale	area of cropland [ENVO:01000892]	Area of cropland [ENVO:01000892]	True	True	exact	0	Area of cropland [ENVO:01000892]				1.0	0.85	True
publication	supplement	nmdc:bsm-11-3we9d184	env_medium	leaf [PO:0025034]	agricultural soil [ENVO:00002259] | plant matter [ENVO:01001121]	True	True	unrelated		agricultural soil [ENVO:00002259]				0.0	0.35	False
publication	supplement	nmdc:bsm-11-3bp8t709	env_broad_scale	cropland biome [ENVO:01000245]	Terrestrial Biome [ENVO:00000446]	True	True	descendant	2	Terrestrial Biome [ENVO:00000446]				0.8	0.75	False
publication	supplement	nmdc:bsm-11-3bp8t709	env_local_scale	area of cropland [ENVO:01000892]	Area of cropland [ENVO:01000892]	True	True	exact	0	Area of cropland [ENVO:01000892]				1.0	0.85	True
publication	supplement	nmdc:bsm-11-3bp8t709	env_medium	leaf [PO:0025034]	agricultural soil [ENVO:00002259] | plant matter [ENVO:01001121]	True	True	unrelated		agricultural soil [ENVO:00002259]				0.0	0.35	False
publication	supplement	nmdc:bsm-11-bp54wm37	env_broad_scale	cropland biome [ENVO:01000245]	Terrestrial Biome [ENVO:00000446]	True	True	descendant	2	Terrestrial Biome [ENVO:00000446]				0.8	0.75	False
publication	supplement	nmdc:bsm-11-bp54wm37	env_local_scale	area of cropland [ENVO:01000892]	Area of cropland [ENVO:01000892]	True	True	exact	0	Area of cropland [ENVO:01000892]				1.0	0.85	True
publication	supplement	nmdc:bsm-11-bp54wm37	env_medium	leaf [PO:0025034]	agricultural soil [ENVO:00002259] | plant matter [ENVO:01001121]	True	True	unrelated		agricultural soil [ENVO:00002259]				0.0	0.35	False
publication	supplement	nmdc:bsm-11-39ffvf62	env_broad_scale	cropland biome [ENVO:01000245]	Terrestrial Biome [ENVO:00000446]	True	True	descendant	2	Terrestrial Biome [ENVO:00000446]				0.8	0.75	False
publication	supplement	nmdc:bsm-11-39ffvf62	env_local_scale	agricultural field [ENVO:00000114]	Area of cropland [ENVO:01000892]	True	True	unrelated		Area of cropland [ENVO:01000892]				0.0	0.35	False
publication	supplement	nmdc:bsm-11-39ffvf62	env_medium	leaf [PO:0025034]	agricultural soil [ENVO:00002259] | plant matter [ENVO:01001121]	True	True	unrelated		agricultural soil [ENVO:00002259]				0.0	0.35	False
publication	supplement	nmdc:bsm-11-nhmgz959	env_broad_scale	cropland biome [ENVO:01000245]	Terrestrial Biome [ENVO:00000446]	True	True	descendant	2	Terrestrial Biome [ENVO:00000446]				0.8	0.75	False
publication	supplement	nmdc:bsm-11-nhmgz959	env_local_scale	agricultural field [ENVO:00000114]	Area of cropland [ENVO:01000892]	True	True	unrelated		Area of cropland [ENVO:01000892]				0.0	0.35	False
publication	supplement	nmdc:bsm-11-nhmgz959	env_medium	leaf [PO:0025034]	agricultural soil [ENVO:00002259] | plant matter [ENVO:01001121]	True	True	unrelated		agricultural soil [ENVO:00002259]				0.0	0.35	False
publication	supplement	nmdc:bsm-11-c69gft27	env_broad_scale	cropland biome [ENVO:01000245]	Terrestrial Biome [ENVO:00000446]	True	True	descendant	2	Terrestrial Biome [ENVO:00000446]				0.8	0.75	False
publication	supplement	nmdc:bsm-11-c69gft27	env_local_scale	agricultural field [ENVO:00000114]	Area of cropland [ENVO:01000892]	True	True	unrelated		Area of cropland [ENVO:01000892]				0.0	0.35	False
publication	supplement	nmdc:bsm-11-c69gft27	env_medium	leaf [PO:0025034]	agricultural soil [ENVO:00002259] | plant matter [ENVO:01001121]	True	True	unrelated		agricultural soil [ENVO:00002259]				0.0	0.35	False
publication	supplement	nmdc:bsm-11-skkg3v08	env_broad_scale	cropland biome [ENVO:01000245]	Terrestrial Biome [ENVO:00000446]	True	True	descendant	2	Terrestrial Biome [ENVO:00000446]				0.8	0.75	False
publication	supplement	nmdc:bsm-11-skkg3v08	env_local_scale	agricultural field [ENVO:00000114]	Area of cropland [ENVO:01000892]	True	True	unrelated		Area of cropland [ENVO:01000892]				0.0	0.35	False
publication	supplement	nmdc:bsm-11-skkg3v08	env_medium	leaf [PO:0025034]	agricultural soil [ENVO:00002259] | plant matter [ENVO:01001121]	True	True	unrelated		agricultural soil [ENVO:00002259]				0.0	0.35	False
publication	supplement	nmdc:bsm-11-nahfhm41	env_broad_scale	cropland biome [ENVO:01000245]	Terrestrial Biome [ENVO:00000446]	True	True	descendant	2	Terrestrial Biome [ENVO:00000446]				0.8	0.75	False
publication	supplement	nmdc:bsm-11-nahfhm41	env_local_scale	agricultural field [ENVO:00000114]	Area of cropland [ENVO:01000892]	True	True	unrelated		Area of cropland [ENVO:01000892]				0.0	0.35	False
publication	supplement	nmdc:bsm-11-nahfhm41	env_medium	leaf [PO:0025034]	agricultural soil [ENVO:00002259] | plant matter [ENVO:01001121]	True	True	unrelated		agricultural soil [ENVO:00002259]				0.0	0.35	False
publication	supplement	nmdc:bsm-11-vw3jbk60	env_broad_scale	cropland biome [ENVO:01000245]	Terrestrial Biome [ENVO:00000446]	True	True	descendant	2	Terrestrial Biome [ENVO:00000446]				0.8	0.75	False
publication	supplement	nmdc:bsm-11-vw3jbk60	env_local_scale	agricultural field [ENVO:00000114]	Area of cropland [ENVO:01000892]	True	True	unrelated		Area of cropland [ENVO:01000892]				0.0	0.35	False
publication	supplement	nmdc:bsm-11-vw3jbk60	env_medium	leaf [PO:0025034]	agricultural soil [ENVO:00002259] | plant matter [ENVO:01001121]	True	True	unrelated		agricultural soil [ENVO:00002259]				0.0	0.35	False
publication	supplement	nmdc:bsm-11-ddj1pw11	env_broad_scale	cropland biome [ENVO:01000245]	Terrestrial Biome [ENVO:00000446]	True	True	descendant	2	Terrestrial Biome [ENVO:00000446]				0.8	0.75	False
publication	supplement	nmdc:bsm-11-ddj1pw11	env_local_scale	agricultural field [ENVO:00000114]	Area of cropland [ENVO:01000892]	True	True	unrelated		Area of cropland [ENVO:01000892]				0.0	0.35	False
publication	supplement	nmdc:bsm-11-ddj1pw11	env_medium	leaf [PO:0025034]	agricultural soil [ENVO:00002259] | plant matter [ENVO:01001121]	True	True	unrelated		agricultural soil [ENVO:00002259]				0.0	0.35	False
publication	supplement	nmdc:bsm-11-htwn4756	env_broad_scale	cropland biome [ENVO:01000245]	Terrestrial Biome [ENVO:00000446]	True	True	descendant	2	Terrestrial Biome [ENVO:00000446]				0.8	0.75	False
publication	supplement	nmdc:bsm-11-htwn4756	env_local_scale	agricultural field [ENVO:00000114]	Area of cropland [ENVO:01000892]	True	True	unrelated		Area of cropland [ENVO:01000892]				0.0	0.35	False
publication	supplement	nmdc:bsm-11-htwn4756	env_medium	leaf [PO:0025034]	agricultural soil [ENVO:00002259] | plant matter [ENVO:01001121]	True	True	unrelated		agricultural soil [ENVO:00002259]				0.0	0.35	False
publication	supplement	nmdc:bsm-11-xnbh4c30	env_broad_scale	cropland biome [ENVO:01000245]	Terrestrial Biome [ENVO:00000446]	True	True	descendant	2	Terrestrial Biome [ENVO:00000446]				0.8	0.75	False
publication	supplement	nmdc:bsm-11-xnbh4c30	env_local_scale	agricultural field [ENVO:00000114]	Area of cropland [ENVO:01000892]	True	True	unrelated		Area of cropland [ENVO:01000892]				0.0	0.35	False
publication	supplement	nmdc:bsm-11-xnbh4c30	env_medium	leaf [PO:0025034]	agricultural soil [ENVO:00002259] | plant matter [ENVO:01001121]	True	True	unrelated		agricultural soil [ENVO:00002259]				0.0	0.35	False
publication	supplement	nmdc:bsm-11-hgsmz769	env_broad_scale	cropland biome [ENVO:01000245]	Terrestrial Biome [ENVO:00000446]	True	True	descendant	2	Terrestrial Biome [ENVO:00000446]				0.8	0.75	False
publication	supplement	nmdc:bsm-11-hgsmz769	env_local_scale	agricultural field [ENVO:00000114]	Area of cropland [ENVO:01000892]	True	True	unrelated		Area of cropland [ENVO:01000892]				0.0	0.35	False
publication	supplement	nmdc:bsm-11-hgsmz769	env_medium	leaf [PO:0025034]	agricultural soil [ENVO:00002259] | plant matter [ENVO:01001121]	True	True	unrelated		agricultural soil [ENVO:00002259]				0.0	0.35	False
publication	supplement	nmdc:bsm-11-6ba0xr45	env_broad_scale	cropland biome [ENVO:01000245]	Terrestrial Biome [ENVO:00000446]	True	True	descendant	2	Terrestrial Biome [ENVO:00000446]				0.8	0.75	False
publication	supplement	nmdc:bsm-11-6ba0xr45	env_local_scale	agricultural field [ENVO:00000114]	Area of cropland [ENVO:01000892]	True	True	unrelated		Area of cropland [ENVO:01000892]				0.0	0.35	False
publication	supplement	nmdc:bsm-11-6ba0xr45	env_medium	leaf [PO:0025034]	agricultural soil [ENVO:00002259] | plant matter [ENVO:01001121]	True	True	unrelated		agricultural soil [ENVO:00002259]				0.0	0.35	False
publication	supplement	nmdc:bsm-11-6z6te940	env_broad_scale	cropland biome [ENVO:01000245]	Terrestrial Biome [ENVO:00000446]	True	True	descendant	2	Terrestrial Biome [ENVO:00000446]				0.8	0.75	False
publication	supplement	nmdc:bsm-11-6z6te940	env_local_scale	agricultural field [ENVO:00000114]	Area of cropland [ENVO:01000892]	True	True	unrelated		Area of cropland [ENVO:01000892]				0.0	0.35	False
publication	supplement	nmdc:bsm-11-6z6te940	env_medium	leaf [PO:0025034]	agricultural soil [ENVO:00002259] | plant matter [ENVO:01001121]	True	True	unrelated		agricultural soil [ENVO:00002259]				0.0	0.35	False
publication	supplement	nmdc:bsm-11-rfrgbh91	env_broad_scale	cropland biome [ENVO:01000245]	Terrestrial Biome [ENVO:00000446]	True	True	descendant	2	Terrestrial Biome [ENVO:00000446]				0.8	0.75	False
publication	supplement	nmdc:bsm-11-rfrgbh91	env_local_scale	agricultural field [ENVO:00000114]	Area of cropland [ENVO:01000892]	True	True	unrelated		Area of cropland [ENVO:01000892]				0.0	0.35	False
publication	supplement	nmdc:bsm-11-rfrgbh91	env_medium	leaf [PO:0025034]	agricultural soil [ENVO:00002259] | plant matter [ENVO:01001121]	True	True	unrelated		agricultural soil [ENVO:00002259]				0.0	0.35	False
publication	supplement	nmdc:bsm-11-cwgggf43	env_broad_scale	cropland biome [ENVO:01000245]	Terrestrial Biome [ENVO:00000446]	True	True	descendant	2	Terrestrial Biome [ENVO:00000446]				0.8	0.75	False
publication	supplement	nmdc:bsm-11-cwgggf43	env_local_scale	agricultural field [ENVO:00000114]	Area of cropland [ENVO:01000892]	True	True	unrelated		Area of cropland [ENVO:01000892]				0.0	0.35	False
publication	supplement	nmdc:bsm-11-cwgggf43	env_medium	leaf [PO:0025034]	agricultural soil [ENVO:00002259] | plant matter [ENVO:01001121]	True	True	unrelated		agricultural soil [ENVO:00002259]				0.0	0.35	False
publication	supplement	nmdc:bsm-11-8kaw9q16	env_broad_scale	cropland biome [ENVO:01000245]	Terrestrial Biome [ENVO:00000446]	True	True	descendant	2	Terrestrial Biome [ENVO:00000446]				0.8	0.75	False
publication	supplement	nmdc:bsm-11-8kaw9q16	env_local_scale	agricultural field [ENVO:00000114]	Area of cropland [ENVO:01000892]	True	True	unrelated		Area of cropland [ENVO:01000892]				0.0	0.35	False
publication	supplement	nmdc:bsm-11-8kaw9q16	env_medium	leaf [PO:0025034]	agricultural soil [ENVO:00002259] | plant matter [ENVO:01001121]	True	True	unrelated		agricultural soil [ENVO:00002259]				0.0	0.35	False
publication	supplement	nmdc:bsm-11-rt430k29	env_broad_scale	cropland biome [ENVO:01000245]	Terrestrial Biome [ENVO:00000446]	True	True	descendant	2	Terrestrial Biome [ENVO:00000446]				0.8	0.75	False
publication	supplement	nmdc:bsm-11-rt430k29	env_local_scale	agricultural field [ENVO:00000114]	Area of cropland [ENVO:01000892]	True	True	unrelated		Area of cropland [ENVO:01000892]				0.0	0.35	False
publication	supplement	nmdc:bsm-11-rt430k29	env_medium	leaf [PO:0025034]	agricultural soil [ENVO:00002259] | plant matter [ENVO:01001121]	True	True	unrelated		agricultural soil [ENVO:00002259]				0.0	0.35	False
publication	supplement	nmdc:bsm-11-72bek389	env_broad_scale	cropland biome [ENVO:01000245]	Terrestrial Biome [ENVO:00000446]	True	True	descendant	2	Terrestrial Biome [ENVO:00000446]				0.8	0.75	False
publication	supplement	nmdc:bsm-11-72bek389	env_local_scale	agricultural field [ENVO:00000114]	Area of cropland [ENVO:01000892]	True	True	unrelated		Area of cropland [ENVO:01000892]				0.0	0.35	False
publication	supplement	nmdc:bsm-11-72bek389	env_medium	leaf [PO:0025034]	agricultural soil [ENVO:00002259] | plant matter [ENVO:01001121]	True	True	unrelated		agricultural soil [ENVO:00002259]				0.0	0.35	False
publication	supplement	nmdc:bsm-11-v3snhf66	env_broad_scale	cropland biome [ENVO:01000245]	Terrestrial Biome [ENVO:00000446]	True	True	descendant	2	Terrestrial Biome [ENVO:00000446]				0.8	0.75	False
publication	supplement	nmdc:bsm-11-v3snhf66	env_local_scale	agricultural field [ENVO:00000114]	Area of cropland [ENVO:01000892]	True	True	unrelated		Area of cropland [ENVO:01000892]				0.0	0.35	False
publication	supplement	nmdc:bsm-11-v3snhf66	env_medium	leaf [PO:0025034]	agricultural soil [ENVO:00002259] | plant matter [ENVO:01001121]	True	True	unrelated		agricultural soil [ENVO:00002259]				0.0	0.35	False
publication	supplement	nmdc:bsm-11-snfctz27	env_broad_scale	cropland biome [ENVO:01000245]	Terrestrial Biome [ENVO:00000446]	True	True	descendant	2	Terrestrial Biome [ENVO:00000446]				0.8	0.75	False
publication	supplement	nmdc:bsm-11-snfctz27	env_local_scale	agricultural field [ENVO:00000114]	Area of cropland [ENVO:01000892]	True	True	unrelated		Area of cropland [ENVO:01000892]				0.0	0.35	False
publication	supplement	nmdc:bsm-11-snfctz27	env_medium	leaf [PO:0025034]	agricultural soil [ENVO:00002259] | plant matter [ENVO:01001121]	True	True	unrelated		agricultural soil [ENVO:00002259]				0.0	0.35	False
publication	supplement	nmdc:bsm-11-hs153937	env_broad_scale	cropland biome [ENVO:01000245]	Terrestrial Biome [ENVO:00000446]	True	True	descendant	2	Terrestrial Biome [ENVO:00000446]				0.8	0.75	False
publication	supplement	nmdc:bsm-11-hs153937	env_local_scale	agricultural field [ENVO:00000114]	Area of cropland [ENVO:01000892]	True	True	unrelated		Area of cropland [ENVO:01000892]				0.0	0.35	False
publication	supplement	nmdc:bsm-11-hs153937	env_medium	leaf [PO:0025034]	agricultural soil [ENVO:00002259] | plant matter [ENVO:01001121]	True	True	unrelated		agricultural soil [ENVO:00002259]				0.0	0.35	False
publication	supplement	nmdc:bsm-11-19z9km20	env_broad_scale	cropland biome [ENVO:01000245]	Terrestrial Biome [ENVO:00000446]	True	True	descendant	2	Terrestrial Biome [ENVO:00000446]				0.8	0.75	False
publication	supplement	nmdc:bsm-11-19z9km20	env_local_scale	agricultural field [ENVO:00000114]	Area of cropland [ENVO:01000892]	True	True	unrelated		Area of cropland [ENVO:01000892]				0.0	0.35	False
publication	supplement	nmdc:bsm-11-19z9km20	env_medium	leaf [PO:0025034]	agricultural soil [ENVO:00002259] | plant matter [ENVO:01001121]	True	True	unrelated		agricultural soil [ENVO:00002259]				0.0	0.35	False
publication	supplement	nmdc:bsm-11-6d731x94	env_broad_scale	cropland biome [ENVO:01000245]	Terrestrial Biome [ENVO:00000446]	True	True	descendant	2	Terrestrial Biome [ENVO:00000446]				0.8	0.75	False
publication	supplement	nmdc:bsm-11-6d731x94	env_local_scale	agricultural field [ENVO:00000114]	Area of cropland [ENVO:01000892]	True	True	unrelated		Area of cropland [ENVO:01000892]				0.0	0.35	False
publication	supplement	nmdc:bsm-11-6d731x94	env_medium	leaf [PO:0025034]	agricultural soil [ENVO:00002259] | plant matter [ENVO:01001121]	True	True	unrelated		agricultural soil [ENVO:00002259]				0.0	0.35	False
publication	supplement	nmdc:bsm-11-vgwb6e54	env_broad_scale	cropland biome [ENVO:01000245]	Terrestrial Biome [ENVO:00000446]	True	True	descendant	2	Terrestrial Biome [ENVO:00000446]				0.8	0.75	False
publication	supplement	nmdc:bsm-11-vgwb6e54	env_local_scale	agricultural field [ENVO:00000114]	Area of cropland [ENVO:01000892]	True	True	unrelated		Area of cropland [ENVO:01000892]				0.0	0.35	False
publication	supplement	nmdc:bsm-11-vgwb6e54	env_medium	leaf [PO:0025034]	agricultural soil [ENVO:00002259] | plant matter [ENVO:01001121]	True	True	unrelated		agricultural soil [ENVO:00002259]				0.0	0.35	False
publication	supplement	nmdc:bsm-11-m08fbx84	env_broad_scale	cropland biome [ENVO:01000245]	Terrestrial Biome [ENVO:00000446]	True	True	descendant	2	Terrestrial Biome [ENVO:00000446]				0.8	0.75	False
publication	supplement	nmdc:bsm-11-m08fbx84	env_local_scale	agricultural field [ENVO:00000114]	Area of cropland [ENVO:01000892]	True	True	unrelated		Area of cropland [ENVO:01000892]				0.0	0.35	False
publication	supplement	nmdc:bsm-11-m08fbx84	env_medium	leaf [PO:0025034]	agricultural soil [ENVO:00002259] | plant matter [ENVO:01001121]	True	True	unrelated		agricultural soil [ENVO:00002259]				0.0	0.35	False
publication	supplement	nmdc:bsm-11-4w06fv35	env_broad_scale	cropland biome [ENVO:01000245]	Terrestrial Biome [ENVO:00000446]	True	True	descendant	2	Terrestrial Biome [ENVO:00000446]				0.8	0.75	False
publication	supplement	nmdc:bsm-11-4w06fv35	env_local_scale	agricultural field [ENVO:00000114]	Area of cropland [ENVO:01000892]	True	True	unrelated		Area of cropland [ENVO:01000892]				0.0	0.35	False
publication	supplement	nmdc:bsm-11-4w06fv35	env_medium	leaf [PO:0025034]	agricultural soil [ENVO:00002259] | plant matter [ENVO:01001121]	True	True	unrelated		agricultural soil [ENVO:00002259]				0.0	0.35	False
publication	supplement	nmdc:bsm-11-gaa15d67	env_broad_scale	cropland biome [ENVO:01000245]	Terrestrial Biome [ENVO:00000446]	True	True	descendant	2	Terrestrial Biome [ENVO:00000446]				0.8	0.75	False
publication	supplement	nmdc:bsm-11-gaa15d67	env_local_scale	crop canopy [ENVO:01001241]	Area of cropland [ENVO:01000892]	True	True	unrelated		Area of cropland [ENVO:01000892]				0.0	0.35	False
publication	supplement	nmdc:bsm-11-gaa15d67	env_medium	leaf [PO:0025034]	agricultural soil [ENVO:00002259] | plant matter [ENVO:01001121]	True	True	unrelated		agricultural soil [ENVO:00002259]				0.0	0.35	False
publication	supplement	nmdc:bsm-11-rv0kzb71	env_broad_scale	cropland biome [ENVO:01000245]	Terrestrial Biome [ENVO:00000446]	True	True	descendant	2	Terrestrial Biome [ENVO:00000446]				0.8	0.75	False
publication	supplement	nmdc:bsm-11-rv0kzb71	env_local_scale	crop canopy [ENVO:01001241]	Area of cropland [ENVO:01000892]	True	True	unrelated		Area of cropland [ENVO:01000892]				0.0	0.35	False
publication	supplement	nmdc:bsm-11-rv0kzb71	env_medium	leaf [PO:0025034]	agricultural soil [ENVO:00002259] | plant matter [ENVO:01001121]	True	True	unrelated		agricultural soil [ENVO:00002259]				0.0	0.35	False
publication	supplement	nmdc:bsm-11-bgsyn946	env_broad_scale	cropland biome [ENVO:01000245]	Terrestrial Biome [ENVO:00000446]	True	True	descendant	2	Terrestrial Biome [ENVO:00000446]				0.8	0.75	False
publication	supplement	nmdc:bsm-11-bgsyn946	env_local_scale	crop canopy [ENVO:01001241]	Area of cropland [ENVO:01000892]	True	True	unrelated		Area of cropland [ENVO:01000892]				0.0	0.35	False
publication	supplement	nmdc:bsm-11-bgsyn946	env_medium	leaf [PO:0025034]	agricultural soil [ENVO:00002259] | plant matter [ENVO:01001121]	True	True	unrelated		agricultural soil [ENVO:00002259]				0.0	0.35	False
publication	supplement	nmdc:bsm-11-3g522z71	env_broad_scale	cropland biome [ENVO:01000245]	Terrestrial Biome [ENVO:00000446]	True	True	descendant	2	Terrestrial Biome [ENVO:00000446]				0.8	0.75	False
publication	supplement	nmdc:bsm-11-3g522z71	env_local_scale	crop canopy [ENVO:01001241]	Area of cropland [ENVO:01000892]	True	True	unrelated		Area of cropland [ENVO:01000892]				0.0	0.35	False
publication	supplement	nmdc:bsm-11-3g522z71	env_medium	leaf [PO:0025034]	agricultural soil [ENVO:00002259] | plant matter [ENVO:01001121]	True	True	unrelated		agricultural soil [ENVO:00002259]				0.0	0.35	False
publication	supplement	nmdc:bsm-11-btm3zf82	env_broad_scale	cropland biome [ENVO:01000245]	Terrestrial Biome [ENVO:00000446]	True	True	descendant	2	Terrestrial Biome [ENVO:00000446]				0.8	0.75	False
publication	supplement	nmdc:bsm-11-btm3zf82	env_local_scale	crop canopy [ENVO:01001241]	Area of cropland [ENVO:01000892]	True	True	unrelated		Area of cropland [ENVO:01000892]				0.0	0.35	False
publication	supplement	nmdc:bsm-11-btm3zf82	env_medium	leaf [PO:0025034]	agricultural soil [ENVO:00002259] | plant matter [ENVO:01001121]	True	True	unrelated		agricultural soil [ENVO:00002259]				0.0	0.35	False
publication	supplement	nmdc:bsm-11-fjas8n82	env_broad_scale	cropland biome [ENVO:01000245]	Terrestrial Biome [ENVO:00000446]	True	True	descendant	2	Terrestrial Biome [ENVO:00000446]				0.8	0.75	False
publication	supplement	nmdc:bsm-11-fjas8n82	env_local_scale	crop canopy [ENVO:01001241]	Area of cropland [ENVO:01000892]	True	True	unrelated		Area of cropland [ENVO:01000892]				0.0	0.35	False
publication	supplement	nmdc:bsm-11-fjas8n82	env_medium	leaf [PO:0025034]	agricultural soil [ENVO:00002259] | plant matter [ENVO:01001121]	True	True	unrelated		agricultural soil [ENVO:00002259]				0.0	0.35	False
publication	supplement	nmdc:bsm-11-06mvg980	env_broad_scale	cropland biome [ENVO:01000245]	Terrestrial Biome [ENVO:00000446]	True	True	descendant	2	Terrestrial Biome [ENVO:00000446]				0.8	0.75	False
publication	supplement	nmdc:bsm-11-06mvg980	env_local_scale	crop canopy [ENVO:01001241]	Area of cropland [ENVO:01000892]	True	True	unrelated		Area of cropland [ENVO:01000892]				0.0	0.35	False
publication	supplement	nmdc:bsm-11-06mvg980	env_medium	leaf [PO:0025034]	agricultural soil [ENVO:00002259] | plant matter [ENVO:01001121]	True	True	unrelated		agricultural soil [ENVO:00002259]				0.0	0.35	False
publication	supplement	nmdc:bsm-11-mg4xhx34	env_broad_scale	cropland biome [ENVO:01000245]	Terrestrial Biome [ENVO:00000446]	True	True	descendant	2	Terrestrial Biome [ENVO:00000446]				0.8	0.75	False
publication	supplement	nmdc:bsm-11-mg4xhx34	env_local_scale	crop canopy [ENVO:01001241]	Area of cropland [ENVO:01000892]	True	True	unrelated		Area of cropland [ENVO:01000892]				0.0	0.35	False
publication	supplement	nmdc:bsm-11-mg4xhx34	env_medium	leaf [PO:0025034]	agricultural soil [ENVO:00002259] | plant matter [ENVO:01001121]	True	True	unrelated		agricultural soil [ENVO:00002259]				0.0	0.35	False
publication	supplement	nmdc:bsm-11-nywmab67	env_broad_scale	cropland biome [ENVO:01000245]	Terrestrial Biome [ENVO:00000446]	True	True	descendant	2	Terrestrial Biome [ENVO:00000446]				0.8	0.75	False
publication	supplement	nmdc:bsm-11-nywmab67	env_local_scale	crop canopy [ENVO:01001241]	Area of cropland [ENVO:01000892]	True	True	unrelated		Area of cropland [ENVO:01000892]				0.0	0.35	False
publication	supplement	nmdc:bsm-11-nywmab67	env_medium	leaf [PO:0025034]	agricultural soil [ENVO:00002259] | plant matter [ENVO:01001121]	True	True	unrelated		agricultural soil [ENVO:00002259]				0.0	0.35	False
publication	supplement	nmdc:bsm-11-5vg3xj92	env_broad_scale	cropland biome [ENVO:01000245]	Terrestrial Biome [ENVO:00000446]	True	True	descendant	2	Terrestrial Biome [ENVO:00000446]				0.8	0.75	False
publication	supplement	nmdc:bsm-11-5vg3xj92	env_local_scale	crop canopy [ENVO:01001241]	Area of cropland [ENVO:01000892]	True	True	unrelated		Area of cropland [ENVO:01000892]				0.0	0.35	False
publication	supplement	nmdc:bsm-11-5vg3xj92	env_medium	leaf [PO:0025034]	agricultural soil [ENVO:00002259] | plant matter [ENVO:01001121]	True	True	unrelated		agricultural soil [ENVO:00002259]				0.0	0.35	False
publication	supplement	nmdc:bsm-11-t2w8a056	env_broad_scale	cropland biome [ENVO:01000245]	Terrestrial Biome [ENVO:00000446]	True	True	descendant	2	Terrestrial Biome [ENVO:00000446]				0.8	0.75	False
publication	supplement	nmdc:bsm-11-t2w8a056	env_local_scale	crop canopy [ENVO:01001241]	Area of cropland [ENVO:01000892]	True	True	unrelated		Area of cropland [ENVO:01000892]				0.0	0.35	False
publication	supplement	nmdc:bsm-11-t2w8a056	env_medium	leaf [PO:0025034]	agricultural soil [ENVO:00002259] | plant matter [ENVO:01001121]	True	True	unrelated		agricultural soil [ENVO:00002259]				0.0	0.35	False
publication	supplement	nmdc:bsm-11-5gj6wm02	env_broad_scale	cropland biome [ENVO:01000245]	Terrestrial Biome [ENVO:00000446]	True	True	descendant	2	Terrestrial Biome [ENVO:00000446]				0.8	0.75	False
publication	supplement	nmdc:bsm-11-5gj6wm02	env_local_scale	crop canopy [ENVO:01001241]	Area of cropland [ENVO:01000892]	True	True	unrelated		Area of cropland [ENVO:01000892]				0.0	0.35	False
publication	supplement	nmdc:bsm-11-5gj6wm02	env_medium	leaf [PO:0025034]	agricultural soil [ENVO:00002259] | plant matter [ENVO:01001121]	True	True	unrelated		agricultural soil [ENVO:00002259]				0.0	0.35	False
publication	supplement	nmdc:bsm-11-1gm9pn76	env_broad_scale	cropland biome [ENVO:01000245]	Terrestrial Biome [ENVO:00000446]	True	True	descendant	2	Terrestrial Biome [ENVO:00000446]				0.8	0.75	False
publication	supplement	nmdc:bsm-11-1gm9pn76	env_local_scale	crop canopy [ENVO:01001241]	Area of cropland [ENVO:01000892]	True	True	unrelated		Area of cropland [ENVO:01000892]				0.0	0.35	False
publication	supplement	nmdc:bsm-11-1gm9pn76	env_medium	leaf [PO:0025034]	agricultural soil [ENVO:00002259] | plant matter [ENVO:01001121]	True	True	unrelated		agricultural soil [ENVO:00002259]				0.0	0.35	False
publication	supplement	nmdc:bsm-11-0435yq18	env_broad_scale	cropland biome [ENVO:01000245]	Terrestrial Biome [ENVO:00000446]	True	True	descendant	2	Terrestrial Biome [ENVO:00000446]				0.8	0.75	False
publication	supplement	nmdc:bsm-11-0435yq18	env_local_scale	crop canopy [ENVO:01001241]	Area of cropland [ENVO:01000892]	True	True	unrelated		Area of cropland [ENVO:01000892]				0.0	0.35	False
publication	supplement	nmdc:bsm-11-0435yq18	env_medium	leaf [PO:0025034]	agricultural soil [ENVO:00002259] | plant matter [ENVO:01001121]	True	True	unrelated		agricultural soil [ENVO:00002259]				0.0	0.35	False
publication	supplement	nmdc:bsm-11-x6cq0675	env_broad_scale	cropland biome [ENVO:01000245]	Terrestrial Biome [ENVO:00000446]	True	True	descendant	2	Terrestrial Biome [ENVO:00000446]				0.8	0.75	False
publication	supplement	nmdc:bsm-11-x6cq0675	env_local_scale	crop canopy [ENVO:01001241]	Area of cropland [ENVO:01000892]	True	True	unrelated		Area of cropland [ENVO:01000892]				0.0	0.35	False
publication	supplement	nmdc:bsm-11-x6cq0675	env_medium	leaf [PO:0025034]	agricultural soil [ENVO:00002259] | plant matter [ENVO:01001121]	True	True	unrelated		agricultural soil [ENVO:00002259]				0.0	0.35	False
publication	supplement	nmdc:bsm-11-58kpt479	env_broad_scale	cropland biome [ENVO:01000245]	Terrestrial Biome [ENVO:00000446]	True	True	descendant	2	Terrestrial Biome [ENVO:00000446]				0.8	0.75	False
publication	supplement	nmdc:bsm-11-58kpt479	env_local_scale	crop canopy [ENVO:01001241]	Area of cropland [ENVO:01000892]	True	True	unrelated		Area of cropland [ENVO:01000892]				0.0	0.35	False
publication	supplement	nmdc:bsm-11-58kpt479	env_medium	leaf [PO:0025034]	agricultural soil [ENVO:00002259] | plant matter [ENVO:01001121]	True	True	unrelated		agricultural soil [ENVO:00002259]				0.0	0.35	False
publication	supplement	nmdc:bsm-11-jyjxbj68	env_broad_scale	cropland biome [ENVO:01000245]	Terrestrial Biome [ENVO:00000446]	True	True	descendant	2	Terrestrial Biome [ENVO:00000446]				0.8	0.75	False
publication	supplement	nmdc:bsm-11-jyjxbj68	env_local_scale	crop canopy [ENVO:01001241]	Area of cropland [ENVO:01000892]	True	True	unrelated		Area of cropland [ENVO:01000892]				0.0	0.35	False
publication	supplement	nmdc:bsm-11-jyjxbj68	env_medium	leaf [PO:0025034]	agricultural soil [ENVO:00002259] | plant matter [ENVO:01001121]	True	True	unrelated		agricultural soil [ENVO:00002259]				0.0	0.35	False
publication	nmdc	nmdc:bsm-11-q59jb831	env_broad_scale	cropland biome [ENVO:01000245]	agricultural biome [ENVO:01001442]	True	True	unrelated		agricultural biome [ENVO:01001442]				0.0	0.35	False
publication	nmdc	nmdc:bsm-11-q59jb831	env_local_scale	crop canopy [ENVO:01001241]	phyllosphere biome [ENVO:01001442]	True	True	unrelated		phyllosphere biome [ENVO:01001442]				0.0	0.35	False
publication	nmdc	nmdc:bsm-11-q59jb831	env_medium	leaf [PO:0025034]	plant-associated biome [ENVO:01001001]	True	True	unrelated		plant-associated biome [ENVO:01001001]				0.0	0.35	False
publication	nmdc	nmdc:bsm-11-w3pdpe50	env_broad_scale	cropland biome [ENVO:01000245]	agricultural biome [ENVO:01001442]	True	True	unrelated		agricultural biome [ENVO:01001442]				0.0	0.35	False
publication	nmdc	nmdc:bsm-11-w3pdpe50	env_local_scale	crop canopy [ENVO:01001241]	phyllosphere biome [ENVO:01001442]	True	True	unrelated		phyllosphere biome [ENVO:01001442]				0.0	0.35	False
publication	nmdc	nmdc:bsm-11-w3pdpe50	env_medium	leaf [PO:0025034]	plant-associated biome [ENVO:01001001]	True	True	unrelated		plant-associated biome [ENVO:01001001]				0.0	0.35	False
publication	nmdc	nmdc:bsm-11-1edk3k41	env_broad_scale	cropland biome [ENVO:01000245]	agricultural biome [ENVO:01001442]	True	True	unrelated		agricultural biome [ENVO:01001442]				0.0	0.35	False
publication	nmdc	nmdc:bsm-11-1edk3k41	env_local_scale	crop canopy [ENVO:01001241]	phyllosphere biome [ENVO:01001442]	True	True	unrelated		phyllosphere biome [ENVO:01001442]				0.0	0.35	False
publication	nmdc	nmdc:bsm-11-1edk3k41	env_medium	leaf [PO:0025034]	plant-associated biome [ENVO:01001001]	True	True	unrelated		plant-associated biome [ENVO:01001001]				0.0	0.35	False
publication	nmdc	nmdc:bsm-11-hqyw6174	env_broad_scale	cropland biome [ENVO:01000245]	agricultural biome [ENVO:01001442]	True	True	unrelated		agricultural biome [ENVO:01001442]				0.0	0.35	False
publication	nmdc	nmdc:bsm-11-hqyw6174	env_local_scale	crop canopy [ENVO:01001241]	phyllosphere biome [ENVO:01001442]	True	True	unrelated		phyllosphere biome [ENVO:01001442]				0.0	0.35	False
publication	nmdc	nmdc:bsm-11-hqyw6174	env_medium	leaf [PO:0025034]	plant-associated biome [ENVO:01001001]	True	True	unrelated		plant-associated biome [ENVO:01001001]				0.0	0.35	False
publication	nmdc	nmdc:bsm-11-6qmh9383	env_broad_scale	cropland biome [ENVO:01000245]	agricultural biome [ENVO:01001442]	True	True	unrelated		agricultural biome [ENVO:01001442]				0.0	0.35	False
publication	nmdc	nmdc:bsm-11-6qmh9383	env_local_scale	crop canopy [ENVO:01001241]	phyllosphere biome [ENVO:01001442]	True	True	unrelated		phyllosphere biome [ENVO:01001442]				0.0	0.35	False
publication	nmdc	nmdc:bsm-11-6qmh9383	env_medium	leaf [PO:0025034]	plant-associated biome [ENVO:01001001]	True	True	unrelated		plant-associated biome [ENVO:01001001]				0.0	0.35	False
publication	nmdc	nmdc:bsm-11-ne98nc20	env_broad_scale	cropland biome [ENVO:01000245]	agricultural biome [ENVO:01001442]	True	True	unrelated		agricultural biome [ENVO:01001442]				0.0	0.35	False
publication	nmdc	nmdc:bsm-11-ne98nc20	env_local_scale	crop canopy [ENVO:01001241]	phyllosphere biome [ENVO:01001442]	True	True	unrelated		phyllosphere biome [ENVO:01001442]				0.0	0.35	False
publication	nmdc	nmdc:bsm-11-ne98nc20	env_medium	leaf [PO:0025034]	plant-associated biome [ENVO:01001001]	True	True	unrelated		plant-associated biome [ENVO:01001001]				0.0	0.35	False
publication	nmdc	nmdc:bsm-11-nkmbv371	env_broad_scale	cropland biome [ENVO:01000245]	agricultural biome [ENVO:01001442]	True	True	unrelated		agricultural biome [ENVO:01001442]				0.0	0.35	False
publication	nmdc	nmdc:bsm-11-nkmbv371	env_local_scale	crop canopy [ENVO:01001241]	phyllosphere biome [ENVO:01001442]	True	True	unrelated		phyllosphere biome [ENVO:01001442]				0.0	0.35	False
publication	nmdc	nmdc:bsm-11-nkmbv371	env_medium	leaf [PO:0025034]	plant-associated biome [ENVO:01001001]	True	True	unrelated		plant-associated biome [ENVO:01001001]				0.0	0.35	False
publication	nmdc	nmdc:bsm-11-cw4dzz42	env_broad_scale	cropland biome [ENVO:01000245]	agricultural biome [ENVO:01001442]	True	True	unrelated		agricultural biome [ENVO:01001442]				0.0	0.35	False
publication	nmdc	nmdc:bsm-11-cw4dzz42	env_local_scale	crop canopy [ENVO:01001241]	phyllosphere biome [ENVO:01001442]	True	True	unrelated		phyllosphere biome [ENVO:01001442]				0.0	0.35	False
publication	nmdc	nmdc:bsm-11-cw4dzz42	env_medium	leaf [PO:0025034]	plant-associated biome [ENVO:01001001]	True	True	unrelated		plant-associated biome [ENVO:01001001]				0.0	0.35	False
publication	nmdc	nmdc:bsm-11-50a9ap27	env_broad_scale	cropland biome [ENVO:01000245]	agricultural biome [ENVO:01001442]	True	True	unrelated		agricultural biome [ENVO:01001442]				0.0	0.35	False
publication	nmdc	nmdc:bsm-11-50a9ap27	env_local_scale	crop canopy [ENVO:01001241]	phyllosphere biome [ENVO:01001442]	True	True	unrelated		phyllosphere biome [ENVO:01001442]				0.0	0.35	False
publication	nmdc	nmdc:bsm-11-50a9ap27	env_medium	leaf [PO:0025034]	plant-associated biome [ENVO:01001001]	True	True	unrelated		plant-associated biome [ENVO:01001001]				0.0	0.35	False
publication	nmdc	nmdc:bsm-11-07nqms41	env_broad_scale	cropland biome [ENVO:01000245]	agricultural biome [ENVO:01001442]	True	True	unrelated		agricultural biome [ENVO:01001442]				0.0	0.35	False
publication	nmdc	nmdc:bsm-11-07nqms41	env_local_scale	crop canopy [ENVO:01001241]	phyllosphere biome [ENVO:01001442]	True	True	unrelated		phyllosphere biome [ENVO:01001442]				0.0	0.35	False
publication	nmdc	nmdc:bsm-11-07nqms41	env_medium	leaf [PO:0025034]	plant-associated biome [ENVO:01001001]	True	True	unrelated		plant-associated biome [ENVO:01001001]				0.0	0.35	False
publication	nmdc	nmdc:bsm-11-z3vym146	env_broad_scale	cropland biome [ENVO:01000245]	agricultural biome [ENVO:01001442]	True	True	unrelated		agricultural biome [ENVO:01001442]				0.0	0.35	False
publication	nmdc	nmdc:bsm-11-z3vym146	env_local_scale	crop canopy [ENVO:01001241]	phyllosphere biome [ENVO:01001442]	True	True	unrelated		phyllosphere biome [ENVO:01001442]				0.0	0.35	False
publication	nmdc	nmdc:bsm-11-z3vym146	env_medium	leaf [PO:0025034]	plant-associated biome [ENVO:01001001]	True	True	unrelated		plant-associated biome [ENVO:01001001]				0.0	0.35	False
publication	nmdc	nmdc:bsm-11-99t4fx92	env_broad_scale	cropland biome [ENVO:01000245]	agricultural biome [ENVO:01001442]	True	True	unrelated		agricultural biome [ENVO:01001442]				0.0	0.35	False
publication	nmdc	nmdc:bsm-11-99t4fx92	env_local_scale	crop canopy [ENVO:01001241]	phyllosphere biome [ENVO:01001442]	True	True	unrelated		phyllosphere biome [ENVO:01001442]				0.0	0.35	False
publication	nmdc	nmdc:bsm-11-99t4fx92	env_medium	leaf [PO:0025034]	plant-associated biome [ENVO:01001001]	True	True	unrelated		plant-associated biome [ENVO:01001001]				0.0	0.35	False
publication	nmdc	nmdc:bsm-11-0rtyy508	env_broad_scale	cropland biome [ENVO:01000245]	agricultural biome [ENVO:01001442]	True	True	unrelated		agricultural biome [ENVO:01001442]				0.0	0.35	False
publication	nmdc	nmdc:bsm-11-0rtyy508	env_local_scale	crop canopy [ENVO:01001241]	phyllosphere biome [ENVO:01001442]	True	True	unrelated		phyllosphere biome [ENVO:01001442]				0.0	0.35	False
publication	nmdc	nmdc:bsm-11-0rtyy508	env_medium	leaf [PO:0025034]	plant-associated biome [ENVO:01001001]	True	True	unrelated		plant-associated biome [ENVO:01001001]				0.0	0.35	False
publication	nmdc	nmdc:bsm-11-se116p22	env_broad_scale	cropland biome [ENVO:01000245]	agricultural biome [ENVO:01001442]	True	True	unrelated		agricultural biome [ENVO:01001442]				0.0	0.35	False
publication	nmdc	nmdc:bsm-11-se116p22	env_local_scale	crop canopy [ENVO:01001241]	phyllosphere biome [ENVO:01001442]	True	True	unrelated		phyllosphere biome [ENVO:01001442]				0.0	0.35	False
publication	nmdc	nmdc:bsm-11-se116p22	env_medium	leaf [PO:0025034]	plant-associated biome [ENVO:01001001]	True	True	unrelated		plant-associated biome [ENVO:01001001]				0.0	0.35	False
publication	nmdc	nmdc:bsm-11-ekesct69	env_broad_scale	cropland biome [ENVO:01000245]	agricultural biome [ENVO:01001442]	True	True	unrelated		agricultural biome [ENVO:01001442]				0.0	0.35	False
publication	nmdc	nmdc:bsm-11-ekesct69	env_local_scale	crop canopy [ENVO:01001241]	phyllosphere biome [ENVO:01001442]	True	True	unrelated		phyllosphere biome [ENVO:01001442]				0.0	0.35	False
publication	nmdc	nmdc:bsm-11-ekesct69	env_medium	leaf [PO:0025034]	plant-associated biome [ENVO:01001001]	True	True	unrelated		plant-associated biome [ENVO:01001001]				0.0	0.35	False
publication	nmdc	nmdc:bsm-11-3qbt0v77	env_broad_scale	cropland biome [ENVO:01000245]	agricultural biome [ENVO:01001442]	True	True	unrelated		agricultural biome [ENVO:01001442]				0.0	0.35	False
publication	nmdc	nmdc:bsm-11-3qbt0v77	env_local_scale	crop canopy [ENVO:01001241]	phyllosphere biome [ENVO:01001442]	True	True	unrelated		phyllosphere biome [ENVO:01001442]				0.0	0.35	False
publication	nmdc	nmdc:bsm-11-3qbt0v77	env_medium	leaf [PO:0025034]	plant-associated biome [ENVO:01001001]	True	True	unrelated		plant-associated biome [ENVO:01001001]				0.0	0.35	False
publication	nmdc	nmdc:bsm-11-gtvw7q78	env_broad_scale	cropland biome [ENVO:01000245]	agricultural biome [ENVO:01001442]	True	True	unrelated		agricultural biome [ENVO:01001442]				0.0	0.35	False
publication	nmdc	nmdc:bsm-11-gtvw7q78	env_local_scale	crop canopy [ENVO:01001241]	phyllosphere biome [ENVO:01001442]	True	True	unrelated		phyllosphere biome [ENVO:01001442]				0.0	0.35	False
publication	nmdc	nmdc:bsm-11-gtvw7q78	env_medium	leaf [PO:0025034]	plant-associated biome [ENVO:01001001]	True	True	unrelated		plant-associated biome [ENVO:01001001]				0.0	0.35	False
publication	nmdc	nmdc:bsm-11-7sftem25	env_broad_scale	cropland biome [ENVO:01000245]	agricultural biome [ENVO:01001442]	True	True	unrelated		agricultural biome [ENVO:01001442]				0.0	0.35	False
publication	nmdc	nmdc:bsm-11-7sftem25	env_local_scale	crop canopy [ENVO:01001241]	phyllosphere biome [ENVO:01001442]	True	True	unrelated		phyllosphere biome [ENVO:01001442]				0.0	0.35	False
publication	nmdc	nmdc:bsm-11-7sftem25	env_medium	leaf [PO:0025034]	plant-associated biome [ENVO:01001001]	True	True	unrelated		plant-associated biome [ENVO:01001001]				0.0	0.35	False
publication	nmdc	nmdc:bsm-11-8v10jf75	env_broad_scale	cropland biome [ENVO:01000245]	agricultural biome [ENVO:01001442]	True	True	unrelated		agricultural biome [ENVO:01001442]				0.0	0.35	False
publication	nmdc	nmdc:bsm-11-8v10jf75	env_local_scale	crop canopy [ENVO:01001241]	phyllosphere biome [ENVO:01001442]	True	True	unrelated		phyllosphere biome [ENVO:01001442]				0.0	0.35	False
publication	nmdc	nmdc:bsm-11-8v10jf75	env_medium	leaf [PO:0025034]	plant-associated biome [ENVO:01001001]	True	True	unrelated		plant-associated biome [ENVO:01001001]				0.0	0.35	False
publication	nmdc	nmdc:bsm-11-0zn3g786	env_broad_scale	cropland biome [ENVO:01000245]	agricultural biome [ENVO:01001442]	True	True	unrelated		agricultural biome [ENVO:01001442]				0.0	0.35	False
publication	nmdc	nmdc:bsm-11-0zn3g786	env_local_scale	crop canopy [ENVO:01001241]	phyllosphere biome [ENVO:01001442]	True	True	unrelated		phyllosphere biome [ENVO:01001442]				0.0	0.35	False
publication	nmdc	nmdc:bsm-11-0zn3g786	env_medium	leaf [PO:0025034]	plant-associated biome [ENVO:01001001]	True	True	unrelated		plant-associated biome [ENVO:01001001]				0.0	0.35	False
publication	nmdc	nmdc:bsm-11-yq8nqp52	env_broad_scale	cropland biome [ENVO:01000245]	agricultural biome [ENVO:01001442]	True	True	unrelated		agricultural biome [ENVO:01001442]				0.0	0.35	False
publication	nmdc	nmdc:bsm-11-yq8nqp52	env_local_scale	crop canopy [ENVO:01001241]	phyllosphere biome [ENVO:01001442]	True	True	unrelated		phyllosphere biome [ENVO:01001442]				0.0	0.35	False
publication	nmdc	nmdc:bsm-11-yq8nqp52	env_medium	leaf [PO:0025034]	plant-associated biome [ENVO:01001001]	True	True	unrelated		plant-associated biome [ENVO:01001001]				0.0	0.35	False
publication	nmdc	nmdc:bsm-11-c7z6wr23	env_broad_scale	cropland biome [ENVO:01000245]	agricultural biome [ENVO:01001442]	True	True	unrelated		agricultural biome [ENVO:01001442]				0.0	0.35	False
publication	nmdc	nmdc:bsm-11-c7z6wr23	env_local_scale	crop canopy [ENVO:01001241]	phyllosphere biome [ENVO:01001442]	True	True	unrelated		phyllosphere biome [ENVO:01001442]				0.0	0.35	False
publication	nmdc	nmdc:bsm-11-c7z6wr23	env_medium	leaf [PO:0025034]	plant-associated biome [ENVO:01001001]	True	True	unrelated		plant-associated biome [ENVO:01001001]				0.0	0.35	False
publication	nmdc	nmdc:bsm-11-fnd2xg72	env_broad_scale	cropland biome [ENVO:01000245]	agricultural biome [ENVO:01001442]	True	True	unrelated		agricultural biome [ENVO:01001442]				0.0	0.35	False
publication	nmdc	nmdc:bsm-11-fnd2xg72	env_local_scale	crop canopy [ENVO:01001241]	phyllosphere biome [ENVO:01001442]	True	True	unrelated		phyllosphere biome [ENVO:01001442]				0.0	0.35	False
publication	nmdc	nmdc:bsm-11-fnd2xg72	env_medium	leaf [PO:0025034]	plant-associated biome [ENVO:01001001]	True	True	unrelated		plant-associated biome [ENVO:01001001]				0.0	0.35	False
publication	nmdc	nmdc:bsm-11-2xpd3w44	env_broad_scale	cropland biome [ENVO:01000245]	agricultural biome [ENVO:01001442]	True	True	unrelated		agricultural biome [ENVO:01001442]				0.0	0.35	False
publication	nmdc	nmdc:bsm-11-2xpd3w44	env_local_scale	crop canopy [ENVO:01001241]	phyllosphere biome [ENVO:01001442]	True	True	unrelated		phyllosphere biome [ENVO:01001442]				0.0	0.35	False
publication	nmdc	nmdc:bsm-11-2xpd3w44	env_medium	leaf [PO:0025034]	plant-associated biome [ENVO:01001001]	True	True	unrelated		plant-associated biome [ENVO:01001001]				0.0	0.35	False
publication	nmdc	nmdc:bsm-11-7q4cjr78	env_broad_scale	cropland biome [ENVO:01000245]	agricultural biome [ENVO:01001442]	True	True	unrelated		agricultural biome [ENVO:01001442]				0.0	0.35	False
publication	nmdc	nmdc:bsm-11-7q4cjr78	env_local_scale	crop canopy [ENVO:01001241]	phyllosphere biome [ENVO:01001442]	True	True	unrelated		phyllosphere biome [ENVO:01001442]				0.0	0.35	False
publication	nmdc	nmdc:bsm-11-7q4cjr78	env_medium	leaf [PO:0025034]	plant-associated biome [ENVO:01001001]	True	True	unrelated		plant-associated biome [ENVO:01001001]				0.0	0.35	False
publication	nmdc	nmdc:bsm-11-xcgsbp16	env_broad_scale	cropland biome [ENVO:01000245]	agricultural biome [ENVO:01001442]	True	True	unrelated		agricultural biome [ENVO:01001442]				0.0	0.35	False
publication	nmdc	nmdc:bsm-11-xcgsbp16	env_local_scale	crop canopy [ENVO:01001241]	phyllosphere biome [ENVO:01001442]	True	True	unrelated		phyllosphere biome [ENVO:01001442]				0.0	0.35	False
publication	nmdc	nmdc:bsm-11-xcgsbp16	env_medium	leaf [PO:0025034]	plant-associated biome [ENVO:01001001]	True	True	unrelated		plant-associated biome [ENVO:01001001]				0.0	0.35	False
publication	nmdc	nmdc:bsm-11-s132mk31	env_broad_scale	cropland biome [ENVO:01000245]	agricultural biome [ENVO:01001442]	True	True	unrelated		agricultural biome [ENVO:01001442]				0.0	0.35	False
publication	nmdc	nmdc:bsm-11-s132mk31	env_local_scale	crop canopy [ENVO:01001241]	phyllosphere biome [ENVO:01001442]	True	True	unrelated		phyllosphere biome [ENVO:01001442]				0.0	0.35	False
publication	nmdc	nmdc:bsm-11-s132mk31	env_medium	leaf [PO:0025034]	plant-associated biome [ENVO:01001001]	True	True	unrelated		plant-associated biome [ENVO:01001001]				0.0	0.35	False
publication	nmdc	nmdc:bsm-11-hk7feq79	env_broad_scale	cropland biome [ENVO:01000245]	agricultural biome [ENVO:01001442]	True	True	unrelated		agricultural biome [ENVO:01001442]				0.0	0.35	False
publication	nmdc	nmdc:bsm-11-hk7feq79	env_local_scale	crop canopy [ENVO:01001241]	phyllosphere biome [ENVO:01001442]	True	True	unrelated		phyllosphere biome [ENVO:01001442]				0.0	0.35	False
publication	nmdc	nmdc:bsm-11-hk7feq79	env_medium	leaf [PO:0025034]	plant-associated biome [ENVO:01001001]	True	True	unrelated		plant-associated biome [ENVO:01001001]				0.0	0.35	False
publication	nmdc	nmdc:bsm-11-80gna819	env_broad_scale	cropland biome [ENVO:01000245]	agricultural biome [ENVO:01001442]	True	True	unrelated		agricultural biome [ENVO:01001442]				0.0	0.35	False
publication	nmdc	nmdc:bsm-11-80gna819	env_local_scale	crop canopy [ENVO:01001241]	phyllosphere biome [ENVO:01001442]	True	True	unrelated		phyllosphere biome [ENVO:01001442]				0.0	0.35	False
publication	nmdc	nmdc:bsm-11-80gna819	env_medium	leaf [PO:0025034]	plant-associated biome [ENVO:01001001]	True	True	unrelated		plant-associated biome [ENVO:01001001]				0.0	0.35	False
publication	nmdc	nmdc:bsm-11-rqsqhy95	env_broad_scale	cropland biome [ENVO:01000245]	agricultural biome [ENVO:01001442]	True	True	unrelated		agricultural biome [ENVO:01001442]				0.0	0.35	False
publication	nmdc	nmdc:bsm-11-rqsqhy95	env_local_scale	crop canopy [ENVO:01001241]	phyllosphere biome [ENVO:01001442]	True	True	unrelated		phyllosphere biome [ENVO:01001442]				0.0	0.35	False
publication	nmdc	nmdc:bsm-11-rqsqhy95	env_medium	leaf [PO:0025034]	plant-associated biome [ENVO:01001001]	True	True	unrelated		plant-associated biome [ENVO:01001001]				0.0	0.35	False
publication	nmdc	nmdc:bsm-11-x86cew87	env_broad_scale	cropland biome [ENVO:01000245]	agricultural biome [ENVO:01001442]	True	True	unrelated		agricultural biome [ENVO:01001442]				0.0	0.35	False
publication	nmdc	nmdc:bsm-11-x86cew87	env_local_scale	crop canopy [ENVO:01001241]	phyllosphere biome [ENVO:01001442]	True	True	unrelated		phyllosphere biome [ENVO:01001442]				0.0	0.35	False
publication	nmdc	nmdc:bsm-11-x86cew87	env_medium	leaf [PO:0025034]	plant-associated biome [ENVO:01001001]	True	True	unrelated		plant-associated biome [ENVO:01001001]				0.0	0.35	False
publication	nmdc	nmdc:bsm-11-9gjpzm56	env_broad_scale	cropland biome [ENVO:01000245]	agricultural biome [ENVO:01001442]	True	True	unrelated		agricultural biome [ENVO:01001442]				0.0	0.35	False
publication	nmdc	nmdc:bsm-11-9gjpzm56	env_local_scale	crop canopy [ENVO:01001241]	phyllosphere biome [ENVO:01001442]	True	True	unrelated		phyllosphere biome [ENVO:01001442]				0.0	0.35	False
publication	nmdc	nmdc:bsm-11-9gjpzm56	env_medium	leaf [PO:0025034]	plant-associated biome [ENVO:01001001]	True	True	unrelated		plant-associated biome [ENVO:01001001]				0.0	0.35	False
publication	nmdc	nmdc:bsm-11-yt172e48	env_broad_scale	cropland biome [ENVO:01000245]	agricultural biome [ENVO:01001442]	True	True	unrelated		agricultural biome [ENVO:01001442]				0.0	0.35	False
publication	nmdc	nmdc:bsm-11-yt172e48	env_local_scale	crop canopy [ENVO:01001241]	phyllosphere biome [ENVO:01001442]	True	True	unrelated		phyllosphere biome [ENVO:01001442]				0.0	0.35	False
publication	nmdc	nmdc:bsm-11-yt172e48	env_medium	leaf [PO:0025034]	plant-associated biome [ENVO:01001001]	True	True	unrelated		plant-associated biome [ENVO:01001001]				0.0	0.35	False
publication	nmdc	nmdc:bsm-11-56myw148	env_broad_scale	cropland biome [ENVO:01000245]	agricultural biome [ENVO:01001442]	True	True	unrelated		agricultural biome [ENVO:01001442]				0.0	0.35	False
publication	nmdc	nmdc:bsm-11-56myw148	env_local_scale	crop canopy [ENVO:01001241]	phyllosphere biome [ENVO:01001442]	True	True	unrelated		phyllosphere biome [ENVO:01001442]				0.0	0.35	False
publication	nmdc	nmdc:bsm-11-56myw148	env_medium	leaf [PO:0025034]	plant-associated biome [ENVO:01001001]	True	True	unrelated		plant-associated biome [ENVO:01001001]				0.0	0.35	False
publication	nmdc	nmdc:bsm-11-c3yz0m49	env_broad_scale	cropland biome [ENVO:01000245]	agricultural biome [ENVO:01001442]	True	True	unrelated		agricultural biome [ENVO:01001442]				0.0	0.35	False
publication	nmdc	nmdc:bsm-11-c3yz0m49	env_local_scale	crop canopy [ENVO:01001241]	phyllosphere biome [ENVO:01001442]	True	True	unrelated		phyllosphere biome [ENVO:01001442]				0.0	0.35	False
publication	nmdc	nmdc:bsm-11-c3yz0m49	env_medium	leaf [PO:0025034]	plant-associated biome [ENVO:01001001]	True	True	unrelated		plant-associated biome [ENVO:01001001]				0.0	0.35	False
publication	nmdc	nmdc:bsm-11-vhshew32	env_broad_scale	cropland biome [ENVO:01000245]	agricultural biome [ENVO:01001442]	True	True	unrelated		agricultural biome [ENVO:01001442]				0.0	0.35	False
publication	nmdc	nmdc:bsm-11-vhshew32	env_local_scale	crop canopy [ENVO:01001241]	phyllosphere biome [ENVO:01001442]	True	True	unrelated		phyllosphere biome [ENVO:01001442]				0.0	0.35	False
publication	nmdc	nmdc:bsm-11-vhshew32	env_medium	leaf [PO:0025034]	plant-associated biome [ENVO:01001001]	True	True	unrelated		plant-associated biome [ENVO:01001001]				0.0	0.35	False
publication	nmdc	nmdc:bsm-11-8zmfw691	env_broad_scale	cropland biome [ENVO:01000245]	agricultural biome [ENVO:01001442]	True	True	unrelated		agricultural biome [ENVO:01001442]				0.0	0.35	False
publication	nmdc	nmdc:bsm-11-8zmfw691	env_local_scale	crop canopy [ENVO:01001241]	phyllosphere biome [ENVO:01001442]	True	True	unrelated		phyllosphere biome [ENVO:01001442]				0.0	0.35	False
publication	nmdc	nmdc:bsm-11-8zmfw691	env_medium	leaf [PO:0025034]	plant-associated biome [ENVO:01001001]	True	True	unrelated		plant-associated biome [ENVO:01001001]				0.0	0.35	False
publication	nmdc	nmdc:bsm-11-4ycxmk54	env_broad_scale	cropland biome [ENVO:01000245]	agricultural biome [ENVO:01001442]	True	True	unrelated		agricultural biome [ENVO:01001442]				0.0	0.35	False
publication	nmdc	nmdc:bsm-11-4ycxmk54	env_local_scale	crop canopy [ENVO:01001241]	phyllosphere biome [ENVO:01001442]	True	True	unrelated		phyllosphere biome [ENVO:01001442]				0.0	0.35	False
publication	nmdc	nmdc:bsm-11-4ycxmk54	env_medium	leaf [PO:0025034]	plant-associated biome [ENVO:01001001]	True	True	unrelated		plant-associated biome [ENVO:01001001]				0.0	0.35	False
publication	nmdc	nmdc:bsm-11-zk747f22	env_broad_scale	cropland biome [ENVO:01000245]	agricultural biome [ENVO:01001442]	True	True	unrelated		agricultural biome [ENVO:01001442]				0.0	0.35	False
publication	nmdc	nmdc:bsm-11-zk747f22	env_local_scale	crop canopy [ENVO:01001241]	phyllosphere biome [ENVO:01001442]	True	True	unrelated		phyllosphere biome [ENVO:01001442]				0.0	0.35	False
publication	nmdc	nmdc:bsm-11-zk747f22	env_medium	leaf [PO:0025034]	plant-associated biome [ENVO:01001001]	True	True	unrelated		plant-associated biome [ENVO:01001001]				0.0	0.35	False
publication	nmdc	nmdc:bsm-11-e1rzv830	env_broad_scale	cropland biome [ENVO:01000245]	agricultural biome [ENVO:01001442]	True	True	unrelated		agricultural biome [ENVO:01001442]				0.0	0.35	False
publication	nmdc	nmdc:bsm-11-e1rzv830	env_local_scale	crop canopy [ENVO:01001241]	phyllosphere biome [ENVO:01001442]	True	True	unrelated		phyllosphere biome [ENVO:01001442]				0.0	0.35	False
publication	nmdc	nmdc:bsm-11-e1rzv830	env_medium	leaf [PO:0025034]	plant-associated biome [ENVO:01001001]	True	True	unrelated		plant-associated biome [ENVO:01001001]				0.0	0.35	False
publication	nmdc	nmdc:bsm-11-jbygv324	env_broad_scale	cropland biome [ENVO:01000245]	agricultural biome [ENVO:01001442]	True	True	unrelated		agricultural biome [ENVO:01001442]				0.0	0.35	False
publication	nmdc	nmdc:bsm-11-jbygv324	env_local_scale	crop canopy [ENVO:01001241]	phyllosphere biome [ENVO:01001442]	True	True	unrelated		phyllosphere biome [ENVO:01001442]				0.0	0.35	False
publication	nmdc	nmdc:bsm-11-jbygv324	env_medium	leaf [PO:0025034]	plant-associated biome [ENVO:01001001]	True	True	unrelated		plant-associated biome [ENVO:01001001]				0.0	0.35	False
publication	nmdc	nmdc:bsm-11-n8bk1992	env_broad_scale	cropland biome [ENVO:01000245]	agricultural biome [ENVO:01001442]	True	True	unrelated		agricultural biome [ENVO:01001442]				0.0	0.35	False
publication	nmdc	nmdc:bsm-11-n8bk1992	env_local_scale	crop canopy [ENVO:01001241]	phyllosphere biome [ENVO:01001442]	True	True	unrelated		phyllosphere biome [ENVO:01001442]				0.0	0.35	False
publication	nmdc	nmdc:bsm-11-n8bk1992	env_medium	leaf [PO:0025034]	plant-associated biome [ENVO:01001001]	True	True	unrelated		plant-associated biome [ENVO:01001001]				0.0	0.35	False
publication	nmdc	nmdc:bsm-11-kbn39574	env_broad_scale	cropland biome [ENVO:01000245]	agricultural biome [ENVO:01001442]	True	True	unrelated		agricultural biome [ENVO:01001442]				0.0	0.35	False
publication	nmdc	nmdc:bsm-11-kbn39574	env_local_scale	crop canopy [ENVO:01001241]	phyllosphere biome [ENVO:01001442]	True	True	unrelated		phyllosphere biome [ENVO:01001442]				0.0	0.35	False
publication	nmdc	nmdc:bsm-11-kbn39574	env_medium	leaf [PO:0025034]	plant-associated biome [ENVO:01001001]	True	True	unrelated		plant-associated biome [ENVO:01001001]				0.0	0.35	False
publication	nmdc	nmdc:bsm-11-qwcedw78	env_broad_scale	cropland biome [ENVO:01000245]	agricultural biome [ENVO:01001442]	True	True	unrelated		agricultural biome [ENVO:01001442]				0.0	0.35	False
publication	nmdc	nmdc:bsm-11-qwcedw78	env_local_scale	crop canopy [ENVO:01001241]	phyllosphere biome [ENVO:01001442]	True	True	unrelated		phyllosphere biome [ENVO:01001442]				0.0	0.35	False
publication	nmdc	nmdc:bsm-11-qwcedw78	env_medium	leaf [PO:0025034]	plant-associated biome [ENVO:01001001]	True	True	unrelated		plant-associated biome [ENVO:01001001]				0.0	0.35	False
publication	nmdc	nmdc:bsm-11-8x5nva78	env_broad_scale	cropland biome [ENVO:01000245]	agricultural biome [ENVO:01001442]	True	True	unrelated		agricultural biome [ENVO:01001442]				0.0	0.35	False
publication	nmdc	nmdc:bsm-11-8x5nva78	env_local_scale	crop canopy [ENVO:01001241]	phyllosphere biome [ENVO:01001442]	True	True	unrelated		phyllosphere biome [ENVO:01001442]				0.0	0.35	False
publication	nmdc	nmdc:bsm-11-8x5nva78	env_medium	leaf [PO:0025034]	plant-associated biome [ENVO:01001001]	True	True	unrelated		plant-associated biome [ENVO:01001001]				0.0	0.35	False
publication	nmdc	nmdc:bsm-11-006pnx90	env_broad_scale	cropland biome [ENVO:01000245]	agricultural biome [ENVO:01001442]	True	True	unrelated		agricultural biome [ENVO:01001442]				0.0	0.35	False
publication	nmdc	nmdc:bsm-11-006pnx90	env_local_scale	crop canopy [ENVO:01001241]	phyllosphere biome [ENVO:01001442]	True	True	unrelated		phyllosphere biome [ENVO:01001442]				0.0	0.35	False
publication	nmdc	nmdc:bsm-11-006pnx90	env_medium	leaf [PO:0025034]	plant-associated biome [ENVO:01001001]	True	True	unrelated		plant-associated biome [ENVO:01001001]				0.0	0.35	False
publication	nmdc	nmdc:bsm-11-525ft480	env_broad_scale	cropland biome [ENVO:01000245]	agricultural biome [ENVO:01001442]	True	True	unrelated		agricultural biome [ENVO:01001442]				0.0	0.35	False
publication	nmdc	nmdc:bsm-11-525ft480	env_local_scale	crop canopy [ENVO:01001241]	phyllosphere biome [ENVO:01001442]	True	True	unrelated		phyllosphere biome [ENVO:01001442]				0.0	0.35	False
publication	nmdc	nmdc:bsm-11-525ft480	env_medium	leaf [PO:0025034]	plant-associated biome [ENVO:01001001]	True	True	unrelated		plant-associated biome [ENVO:01001001]				0.0	0.35	False
publication	nmdc	nmdc:bsm-11-72s3j307	env_broad_scale	cropland biome [ENVO:01000245]	agricultural biome [ENVO:01001442]	True	True	unrelated		agricultural biome [ENVO:01001442]				0.0	0.35	False
publication	nmdc	nmdc:bsm-11-72s3j307	env_local_scale	crop canopy [ENVO:01001241]	phyllosphere biome [ENVO:01001442]	True	True	unrelated		phyllosphere biome [ENVO:01001442]				0.0	0.35	False
publication	nmdc	nmdc:bsm-11-72s3j307	env_medium	leaf [PO:0025034]	plant-associated biome [ENVO:01001001]	True	True	unrelated		plant-associated biome [ENVO:01001001]				0.0	0.35	False
publication	nmdc	nmdc:bsm-11-ym6xky32	env_broad_scale	cropland biome [ENVO:01000245]	agricultural biome [ENVO:01001442]	True	True	unrelated		agricultural biome [ENVO:01001442]				0.0	0.35	False
publication	nmdc	nmdc:bsm-11-ym6xky32	env_local_scale	crop canopy [ENVO:01001241]	phyllosphere biome [ENVO:01001442]	True	True	unrelated		phyllosphere biome [ENVO:01001442]				0.0	0.35	False
publication	nmdc	nmdc:bsm-11-ym6xky32	env_medium	leaf [PO:0025034]	plant-associated biome [ENVO:01001001]	True	True	unrelated		plant-associated biome [ENVO:01001001]				0.0	0.35	False
publication	nmdc	nmdc:bsm-11-d6zmmg26	env_broad_scale	cropland biome [ENVO:01000245]	agricultural biome [ENVO:01001442]	True	True	unrelated		agricultural biome [ENVO:01001442]				0.0	0.35	False
publication	nmdc	nmdc:bsm-11-d6zmmg26	env_local_scale	crop canopy [ENVO:01001241]	phyllosphere biome [ENVO:01001442]	True	True	unrelated		phyllosphere biome [ENVO:01001442]				0.0	0.35	False
publication	nmdc	nmdc:bsm-11-d6zmmg26	env_medium	leaf [PO:0025034]	plant-associated biome [ENVO:01001001]	True	True	unrelated		plant-associated biome [ENVO:01001001]				0.0	0.35	False
publication	nmdc	nmdc:bsm-11-gb5gqf77	env_broad_scale	cropland biome [ENVO:01000245]	agricultural biome [ENVO:01001442]	True	True	unrelated		agricultural biome [ENVO:01001442]				0.0	0.35	False
publication	nmdc	nmdc:bsm-11-gb5gqf77	env_local_scale	crop canopy [ENVO:01001241]	phyllosphere biome [ENVO:01001442]	True	True	unrelated		phyllosphere biome [ENVO:01001442]				0.0	0.35	False
publication	nmdc	nmdc:bsm-11-gb5gqf77	env_medium	leaf [PO:0025034]	plant-associated biome [ENVO:01001001]	True	True	unrelated		plant-associated biome [ENVO:01001001]				0.0	0.35	False
publication	nmdc	nmdc:bsm-11-q3b3py28	env_broad_scale	cropland biome [ENVO:01000245]	agricultural biome [ENVO:01001442]	True	True	unrelated		agricultural biome [ENVO:01001442]				0.0	0.35	False
publication	nmdc	nmdc:bsm-11-q3b3py28	env_local_scale	crop canopy [ENVO:01001241]	phyllosphere biome [ENVO:01001442]	True	True	unrelated		phyllosphere biome [ENVO:01001442]				0.0	0.35	False
publication	nmdc	nmdc:bsm-11-q3b3py28	env_medium	leaf [PO:0025034]	plant-associated biome [ENVO:01001001]	True	True	unrelated		plant-associated biome [ENVO:01001001]				0.0	0.35	False
publication	nmdc	nmdc:bsm-11-c8p0qk16	env_broad_scale	cropland biome [ENVO:01000245]	agricultural biome [ENVO:01001442]	True	True	unrelated		agricultural biome [ENVO:01001442]				0.0	0.35	False
publication	nmdc	nmdc:bsm-11-c8p0qk16	env_local_scale	crop canopy [ENVO:01001241]	phyllosphere biome [ENVO:01001442]	True	True	unrelated		phyllosphere biome [ENVO:01001442]				0.0	0.35	False
publication	nmdc	nmdc:bsm-11-c8p0qk16	env_medium	leaf [PO:0025034]	plant-associated biome [ENVO:01001001]	True	True	unrelated		plant-associated biome [ENVO:01001001]				0.0	0.35	False
publication	nmdc	nmdc:bsm-11-qbd0vv07	env_broad_scale	cropland biome [ENVO:01000245]	agricultural biome [ENVO:01001442]	True	True	unrelated		agricultural biome [ENVO:01001442]				0.0	0.35	False
publication	nmdc	nmdc:bsm-11-qbd0vv07	env_local_scale	crop canopy [ENVO:01001241]	phyllosphere biome [ENVO:01001442]	True	True	unrelated		phyllosphere biome [ENVO:01001442]				0.0	0.35	False
publication	nmdc	nmdc:bsm-11-qbd0vv07	env_medium	leaf [PO:0025034]	plant-associated biome [ENVO:01001001]	True	True	unrelated		plant-associated biome [ENVO:01001001]				0.0	0.35	False
publication	nmdc	nmdc:bsm-11-1q90hg48	env_broad_scale	cropland biome [ENVO:01000245]	agricultural biome [ENVO:01001442]	True	True	unrelated		agricultural biome [ENVO:01001442]				0.0	0.35	False
publication	nmdc	nmdc:bsm-11-1q90hg48	env_local_scale	crop canopy [ENVO:01001241]	phyllosphere biome [ENVO:01001442]	True	True	unrelated		phyllosphere biome [ENVO:01001442]				0.0	0.35	False
publication	nmdc	nmdc:bsm-11-1q90hg48	env_medium	leaf [PO:0025034]	plant-associated biome [ENVO:01001001]	True	True	unrelated		plant-associated biome [ENVO:01001001]				0.0	0.35	False
publication	nmdc	nmdc:bsm-11-sq6vgh17	env_broad_scale	cropland biome [ENVO:01000245]	agricultural biome [ENVO:01001442]	True	True	unrelated		agricultural biome [ENVO:01001442]				0.0	0.35	False
publication	nmdc	nmdc:bsm-11-sq6vgh17	env_local_scale	crop canopy [ENVO:01001241]	phyllosphere biome [ENVO:01001442]	True	True	unrelated		phyllosphere biome [ENVO:01001442]				0.0	0.35	False
publication	nmdc	nmdc:bsm-11-sq6vgh17	env_medium	leaf [PO:0025034]	plant-associated biome [ENVO:01001001]	True	True	unrelated		plant-associated biome [ENVO:01001001]				0.0	0.35	False
publication	nmdc	nmdc:bsm-11-b6gr4t62	env_broad_scale	cropland biome [ENVO:01000245]	agricultural biome [ENVO:01001442]	True	True	unrelated		agricultural biome [ENVO:01001442]				0.0	0.35	False
publication	nmdc	nmdc:bsm-11-b6gr4t62	env_local_scale	crop canopy [ENVO:01001241]	phyllosphere biome [ENVO:01001442]	True	True	unrelated		phyllosphere biome [ENVO:01001442]				0.0	0.35	False
publication	nmdc	nmdc:bsm-11-b6gr4t62	env_medium	leaf [PO:0025034]	plant-associated biome [ENVO:01001001]	True	True	unrelated		plant-associated biome [ENVO:01001001]				0.0	0.35	False
publication	nmdc	nmdc:bsm-11-djsfq929	env_broad_scale	cropland biome [ENVO:01000245]	agricultural biome [ENVO:01001442]	True	True	unrelated		agricultural biome [ENVO:01001442]				0.0	0.35	False
publication	nmdc	nmdc:bsm-11-djsfq929	env_local_scale	crop canopy [ENVO:01001241]	phyllosphere biome [ENVO:01001442]	True	True	unrelated		phyllosphere biome [ENVO:01001442]				0.0	0.35	False
publication	nmdc	nmdc:bsm-11-djsfq929	env_medium	leaf [PO:0025034]	plant-associated biome [ENVO:01001001]	True	True	unrelated		plant-associated biome [ENVO:01001001]				0.0	0.35	False
publication	nmdc	nmdc:bsm-11-pnwb6r98	env_broad_scale	cropland biome [ENVO:01000245]	agricultural biome [ENVO:01001442]	True	True	unrelated		agricultural biome [ENVO:01001442]				0.0	0.35	False
publication	nmdc	nmdc:bsm-11-pnwb6r98	env_local_scale	crop canopy [ENVO:01001241]	phyllosphere biome [ENVO:01001442]	True	True	unrelated		phyllosphere biome [ENVO:01001442]				0.0	0.35	False
publication	nmdc	nmdc:bsm-11-pnwb6r98	env_medium	leaf [PO:0025034]	plant-associated biome [ENVO:01001001]	True	True	unrelated		plant-associated biome [ENVO:01001001]				0.0	0.35	False
publication	nmdc	nmdc:bsm-11-bezk4q92	env_broad_scale	cropland biome [ENVO:01000245]	agricultural biome [ENVO:01001442]	True	True	unrelated		agricultural biome [ENVO:01001442]				0.0	0.35	False
publication	nmdc	nmdc:bsm-11-bezk4q92	env_local_scale	crop canopy [ENVO:01001241]	phyllosphere biome [ENVO:01001442]	True	True	unrelated		phyllosphere biome [ENVO:01001442]				0.0	0.35	False
publication	nmdc	nmdc:bsm-11-bezk4q92	env_medium	leaf [PO:0025034]	plant-associated biome [ENVO:01001001]	True	True	unrelated		plant-associated biome [ENVO:01001001]				0.0	0.35	False
publication	nmdc	nmdc:bsm-11-1myy1191	env_broad_scale	cropland biome [ENVO:01000245]	agricultural biome [ENVO:01001442]	True	True	unrelated		agricultural biome [ENVO:01001442]				0.0	0.35	False
publication	nmdc	nmdc:bsm-11-1myy1191	env_local_scale	crop canopy [ENVO:01001241]	phyllosphere biome [ENVO:01001442]	True	True	unrelated		phyllosphere biome [ENVO:01001442]				0.0	0.35	False
publication	nmdc	nmdc:bsm-11-1myy1191	env_medium	leaf [PO:0025034]	plant-associated biome [ENVO:01001001]	True	True	unrelated		plant-associated biome [ENVO:01001001]				0.0	0.35	False
publication	nmdc	nmdc:bsm-11-q1n3q598	env_broad_scale	cropland biome [ENVO:01000245]	agricultural biome [ENVO:01001442]	True	True	unrelated		agricultural biome [ENVO:01001442]				0.0	0.35	False
publication	nmdc	nmdc:bsm-11-q1n3q598	env_local_scale	crop canopy [ENVO:01001241]	phyllosphere biome [ENVO:01001442]	True	True	unrelated		phyllosphere biome [ENVO:01001442]				0.0	0.35	False
publication	nmdc	nmdc:bsm-11-q1n3q598	env_medium	leaf [PO:0025034]	plant-associated biome [ENVO:01001001]	True	True	unrelated		plant-associated biome [ENVO:01001001]				0.0	0.35	False
publication	nmdc	nmdc:bsm-11-6xj63294	env_broad_scale	cropland biome [ENVO:01000245]	agricultural biome [ENVO:01001442]	True	True	unrelated		agricultural biome [ENVO:01001442]				0.0	0.35	False
publication	nmdc	nmdc:bsm-11-6xj63294	env_local_scale	crop canopy [ENVO:01001241]	phyllosphere biome [ENVO:01001442]	True	True	unrelated		phyllosphere biome [ENVO:01001442]				0.0	0.35	False
publication	nmdc	nmdc:bsm-11-6xj63294	env_medium	leaf [PO:0025034]	plant-associated biome [ENVO:01001001]	True	True	unrelated		plant-associated biome [ENVO:01001001]				0.0	0.35	False
publication	nmdc	nmdc:bsm-11-4yam4475	env_broad_scale	cropland biome [ENVO:01000245]	agricultural biome [ENVO:01001442]	True	True	unrelated		agricultural biome [ENVO:01001442]				0.0	0.35	False
publication	nmdc	nmdc:bsm-11-4yam4475	env_local_scale	crop canopy [ENVO:01001241]	phyllosphere biome [ENVO:01001442]	True	True	unrelated		phyllosphere biome [ENVO:01001442]				0.0	0.35	False
publication	nmdc	nmdc:bsm-11-4yam4475	env_medium	leaf [PO:0025034]	plant-associated biome [ENVO:01001001]	True	True	unrelated		plant-associated biome [ENVO:01001001]				0.0	0.35	False
publication	nmdc	nmdc:bsm-11-ashcsv81	env_broad_scale	cropland biome [ENVO:01000245]	agricultural biome [ENVO:01001442]	True	True	unrelated		agricultural biome [ENVO:01001442]				0.0	0.35	False
publication	nmdc	nmdc:bsm-11-ashcsv81	env_local_scale	crop canopy [ENVO:01001241]	phyllosphere biome [ENVO:01001442]	True	True	unrelated		phyllosphere biome [ENVO:01001442]				0.0	0.35	False
publication	nmdc	nmdc:bsm-11-ashcsv81	env_medium	leaf [PO:0025034]	plant-associated biome [ENVO:01001001]	True	True	unrelated		plant-associated biome [ENVO:01001001]				0.0	0.35	False
publication	nmdc	nmdc:bsm-11-0xajtb06	env_broad_scale	cropland biome [ENVO:01000245]	agricultural biome [ENVO:01001442]	True	True	unrelated		agricultural biome [ENVO:01001442]				0.0	0.35	False
publication	nmdc	nmdc:bsm-11-0xajtb06	env_local_scale	crop canopy [ENVO:01001241]	phyllosphere biome [ENVO:01001442]	True	True	unrelated		phyllosphere biome [ENVO:01001442]				0.0	0.35	False
publication	nmdc	nmdc:bsm-11-0xajtb06	env_medium	leaf [PO:0025034]	plant-associated biome [ENVO:01001001]	True	True	unrelated		plant-associated biome [ENVO:01001001]				0.0	0.35	False
publication	nmdc	nmdc:bsm-11-d0mgn431	env_broad_scale	cropland biome [ENVO:01000245]	agricultural biome [ENVO:01001442]	True	True	unrelated		agricultural biome [ENVO:01001442]				0.0	0.35	False
publication	nmdc	nmdc:bsm-11-d0mgn431	env_local_scale	crop canopy [ENVO:01001241]	phyllosphere biome [ENVO:01001442]	True	True	unrelated		phyllosphere biome [ENVO:01001442]				0.0	0.35	False
publication	nmdc	nmdc:bsm-11-d0mgn431	env_medium	leaf [PO:0025034]	plant-associated biome [ENVO:01001001]	True	True	unrelated		plant-associated biome [ENVO:01001001]				0.0	0.35	False
publication	nmdc	nmdc:bsm-11-p6ynvx26	env_broad_scale	cropland biome [ENVO:01000245]	agricultural biome [ENVO:01001442]	True	True	unrelated		agricultural biome [ENVO:01001442]				0.0	0.35	False
publication	nmdc	nmdc:bsm-11-p6ynvx26	env_local_scale	crop canopy [ENVO:01001241]	phyllosphere biome [ENVO:01001442]	True	True	unrelated		phyllosphere biome [ENVO:01001442]				0.0	0.35	False
publication	nmdc	nmdc:bsm-11-p6ynvx26	env_medium	leaf [PO:0025034]	plant-associated biome [ENVO:01001001]	True	True	unrelated		plant-associated biome [ENVO:01001001]				0.0	0.35	False
publication	nmdc	nmdc:bsm-11-hyh58649	env_broad_scale	cropland biome [ENVO:01000245]	agricultural biome [ENVO:01001442]	True	True	unrelated		agricultural biome [ENVO:01001442]				0.0	0.35	False
publication	nmdc	nmdc:bsm-11-hyh58649	env_local_scale	crop canopy [ENVO:01001241]	phyllosphere biome [ENVO:01001442]	True	True	unrelated		phyllosphere biome [ENVO:01001442]				0.0	0.35	False
publication	nmdc	nmdc:bsm-11-hyh58649	env_medium	leaf [PO:0025034]	plant-associated biome [ENVO:01001001]	True	True	unrelated		plant-associated biome [ENVO:01001001]				0.0	0.35	False
publication	nmdc	nmdc:bsm-11-axm9cz50	env_broad_scale	cropland biome [ENVO:01000245]	agricultural biome [ENVO:01001442]	True	True	unrelated		agricultural biome [ENVO:01001442]				0.0	0.35	False
publication	nmdc	nmdc:bsm-11-axm9cz50	env_local_scale	crop canopy [ENVO:01001241]	phyllosphere biome [ENVO:01001442]	True	True	unrelated		phyllosphere biome [ENVO:01001442]				0.0	0.35	False
publication	nmdc	nmdc:bsm-11-axm9cz50	env_medium	leaf [PO:0025034]	plant-associated biome [ENVO:01001001]	True	True	unrelated		plant-associated biome [ENVO:01001001]				0.0	0.35	False
publication	nmdc	nmdc:bsm-11-y5c85m67	env_broad_scale	cropland biome [ENVO:01000245]	agricultural biome [ENVO:01001442]	True	True	unrelated		agricultural biome [ENVO:01001442]				0.0	0.35	False
publication	nmdc	nmdc:bsm-11-y5c85m67	env_local_scale	crop canopy [ENVO:01001241]	phyllosphere biome [ENVO:01001442]	True	True	unrelated		phyllosphere biome [ENVO:01001442]				0.0	0.35	False
publication	nmdc	nmdc:bsm-11-y5c85m67	env_medium	leaf [PO:0025034]	plant-associated biome [ENVO:01001001]	True	True	unrelated		plant-associated biome [ENVO:01001001]				0.0	0.35	False
publication	nmdc	nmdc:bsm-11-w6q8zd96	env_broad_scale	cropland biome [ENVO:01000245]	agricultural biome [ENVO:01001442]	True	True	unrelated		agricultural biome [ENVO:01001442]				0.0	0.35	False
publication	nmdc	nmdc:bsm-11-w6q8zd96	env_local_scale	crop canopy [ENVO:01001241]	phyllosphere biome [ENVO:01001442]	True	True	unrelated		phyllosphere biome [ENVO:01001442]				0.0	0.35	False
publication	nmdc	nmdc:bsm-11-w6q8zd96	env_medium	leaf [PO:0025034]	plant-associated biome [ENVO:01001001]	True	True	unrelated		plant-associated biome [ENVO:01001001]				0.0	0.35	False
publication	nmdc	nmdc:bsm-11-fbpnww48	env_broad_scale	cropland biome [ENVO:01000245]	agricultural biome [ENVO:01001442]	True	True	unrelated		agricultural biome [ENVO:01001442]				0.0	0.35	False
publication	nmdc	nmdc:bsm-11-fbpnww48	env_local_scale	crop canopy [ENVO:01001241]	phyllosphere biome [ENVO:01001442]	True	True	unrelated		phyllosphere biome [ENVO:01001442]				0.0	0.35	False
publication	nmdc	nmdc:bsm-11-fbpnww48	env_medium	leaf [PO:0025034]	plant-associated biome [ENVO:01001001]	True	True	unrelated		plant-associated biome [ENVO:01001001]				0.0	0.35	False
publication	nmdc	nmdc:bsm-11-aapx7y71	env_broad_scale	cropland biome [ENVO:01000245]	agricultural biome [ENVO:01001442]	True	True	unrelated		agricultural biome [ENVO:01001442]				0.0	0.35	False
publication	nmdc	nmdc:bsm-11-aapx7y71	env_local_scale	crop canopy [ENVO:01001241]	phyllosphere biome [ENVO:01001442]	True	True	unrelated		phyllosphere biome [ENVO:01001442]				0.0	0.35	False
publication	nmdc	nmdc:bsm-11-aapx7y71	env_medium	leaf [PO:0025034]	plant-associated biome [ENVO:01001001]	True	True	unrelated		plant-associated biome [ENVO:01001001]				0.0	0.35	False
publication	nmdc	nmdc:bsm-11-5q8cfe18	env_broad_scale	cropland biome [ENVO:01000245]	agricultural biome [ENVO:01001442]	True	True	unrelated		agricultural biome [ENVO:01001442]				0.0	0.35	False
publication	nmdc	nmdc:bsm-11-5q8cfe18	env_local_scale	crop canopy [ENVO:01001241]	phyllosphere biome [ENVO:01001442]	True	True	unrelated		phyllosphere biome [ENVO:01001442]				0.0	0.35	False
publication	nmdc	nmdc:bsm-11-5q8cfe18	env_medium	leaf [PO:0025034]	plant-associated biome [ENVO:01001001]	True	True	unrelated		plant-associated biome [ENVO:01001001]				0.0	0.35	False
publication	nmdc	nmdc:bsm-11-0yb49r23	env_broad_scale	cropland biome [ENVO:01000245]	agricultural biome [ENVO:01001442]	True	True	unrelated		agricultural biome [ENVO:01001442]				0.0	0.35	False
publication	nmdc	nmdc:bsm-11-0yb49r23	env_local_scale	crop canopy [ENVO:01001241]	phyllosphere biome [ENVO:01001442]	True	True	unrelated		phyllosphere biome [ENVO:01001442]				0.0	0.35	False
publication	nmdc	nmdc:bsm-11-0yb49r23	env_medium	leaf [PO:0025034]	plant-associated biome [ENVO:01001001]	True	True	unrelated		plant-associated biome [ENVO:01001001]				0.0	0.35	False
publication	nmdc	nmdc:bsm-11-9583y135	env_broad_scale	cropland biome [ENVO:01000245]	agricultural biome [ENVO:01001442]	True	True	unrelated		agricultural biome [ENVO:01001442]				0.0	0.35	False
publication	nmdc	nmdc:bsm-11-9583y135	env_local_scale	crop canopy [ENVO:01001241]	phyllosphere biome [ENVO:01001442]	True	True	unrelated		phyllosphere biome [ENVO:01001442]				0.0	0.35	False
publication	nmdc	nmdc:bsm-11-9583y135	env_medium	leaf [PO:0025034]	plant-associated biome [ENVO:01001001]	True	True	unrelated		plant-associated biome [ENVO:01001001]				0.0	0.35	False
publication	nmdc	nmdc:bsm-11-qwwnvp34	env_broad_scale	cropland biome [ENVO:01000245]	agricultural biome [ENVO:01001442]	True	True	unrelated		agricultural biome [ENVO:01001442]				0.0	0.35	False
publication	nmdc	nmdc:bsm-11-qwwnvp34	env_local_scale	crop canopy [ENVO:01001241]	phyllosphere biome [ENVO:01001442]	True	True	unrelated		phyllosphere biome [ENVO:01001442]				0.0	0.35	False
publication	nmdc	nmdc:bsm-11-qwwnvp34	env_medium	leaf [PO:0025034]	plant-associated biome [ENVO:01001001]	True	True	unrelated		plant-associated biome [ENVO:01001001]				0.0	0.35	False
publication	nmdc	nmdc:bsm-11-s0572744	env_broad_scale	cropland biome [ENVO:01000245]	agricultural biome [ENVO:01001442]	True	True	unrelated		agricultural biome [ENVO:01001442]				0.0	0.35	False
publication	nmdc	nmdc:bsm-11-s0572744	env_local_scale	crop canopy [ENVO:01001241]	phyllosphere biome [ENVO:01001442]	True	True	unrelated		phyllosphere biome [ENVO:01001442]				0.0	0.35	False
publication	nmdc	nmdc:bsm-11-s0572744	env_medium	leaf [PO:0025034]	plant-associated biome [ENVO:01001001]	True	True	unrelated		plant-associated biome [ENVO:01001001]				0.0	0.35	False
publication	nmdc	nmdc:bsm-11-4kfspg06	env_broad_scale	cropland biome [ENVO:01000245]	agricultural biome [ENVO:01001442]	True	True	unrelated		agricultural biome [ENVO:01001442]				0.0	0.35	False
publication	nmdc	nmdc:bsm-11-4kfspg06	env_local_scale	crop canopy [ENVO:01001241]	phyllosphere biome [ENVO:01001442]	True	True	unrelated		phyllosphere biome [ENVO:01001442]				0.0	0.35	False
publication	nmdc	nmdc:bsm-11-4kfspg06	env_medium	leaf [PO:0025034]	plant-associated biome [ENVO:01001001]	True	True	unrelated		plant-associated biome [ENVO:01001001]				0.0	0.35	False
publication	nmdc	nmdc:bsm-11-nxjqyp16	env_broad_scale	cropland biome [ENVO:01000245]	agricultural biome [ENVO:01001442]	True	True	unrelated		agricultural biome [ENVO:01001442]				0.0	0.35	False
publication	nmdc	nmdc:bsm-11-nxjqyp16	env_local_scale	crop canopy [ENVO:01001241]	phyllosphere biome [ENVO:01001442]	True	True	unrelated		phyllosphere biome [ENVO:01001442]				0.0	0.35	False
publication	nmdc	nmdc:bsm-11-nxjqyp16	env_medium	leaf [PO:0025034]	plant-associated biome [ENVO:01001001]	True	True	unrelated		plant-associated biome [ENVO:01001001]				0.0	0.35	False
publication	nmdc	nmdc:bsm-11-s2505c63	env_broad_scale	cropland biome [ENVO:01000245]	agricultural biome [ENVO:01001442]	True	True	unrelated		agricultural biome [ENVO:01001442]				0.0	0.35	False
publication	nmdc	nmdc:bsm-11-s2505c63	env_local_scale	crop canopy [ENVO:01001241]	phyllosphere biome [ENVO:01001442]	True	True	unrelated		phyllosphere biome [ENVO:01001442]				0.0	0.35	False
publication	nmdc	nmdc:bsm-11-s2505c63	env_medium	leaf [PO:0025034]	plant-associated biome [ENVO:01001001]	True	True	unrelated		plant-associated biome [ENVO:01001001]				0.0	0.35	False
publication	nmdc	nmdc:bsm-11-xzt7p588	env_broad_scale	cropland biome [ENVO:01000245]	agricultural biome [ENVO:01001442]	True	True	unrelated		agricultural biome [ENVO:01001442]				0.0	0.35	False
publication	nmdc	nmdc:bsm-11-xzt7p588	env_local_scale	crop canopy [ENVO:01001241]	phyllosphere biome [ENVO:01001442]	True	True	unrelated		phyllosphere biome [ENVO:01001442]				0.0	0.35	False
publication	nmdc	nmdc:bsm-11-xzt7p588	env_medium	leaf [PO:0025034]	plant-associated biome [ENVO:01001001]	True	True	unrelated		plant-associated biome [ENVO:01001001]				0.0	0.35	False
publication	nmdc	nmdc:bsm-11-qx6p7k13	env_broad_scale	cropland biome [ENVO:01000245]	agricultural biome [ENVO:01001442]	True	True	unrelated		agricultural biome [ENVO:01001442]				0.0	0.35	False
publication	nmdc	nmdc:bsm-11-qx6p7k13	env_local_scale	crop canopy [ENVO:01001241]	phyllosphere biome [ENVO:01001442]	True	True	unrelated		phyllosphere biome [ENVO:01001442]				0.0	0.35	False
publication	nmdc	nmdc:bsm-11-qx6p7k13	env_medium	leaf [PO:0025034]	plant-associated biome [ENVO:01001001]	True	True	unrelated		plant-associated biome [ENVO:01001001]				0.0	0.35	False
publication	nmdc	nmdc:bsm-11-e4szzv74	env_broad_scale	cropland biome [ENVO:01000245]	agricultural biome [ENVO:01001442]	True	True	unrelated		agricultural biome [ENVO:01001442]				0.0	0.35	False
publication	nmdc	nmdc:bsm-11-e4szzv74	env_local_scale	crop canopy [ENVO:01001241]	phyllosphere biome [ENVO:01001442]	True	True	unrelated		phyllosphere biome [ENVO:01001442]				0.0	0.35	False
publication	nmdc	nmdc:bsm-11-e4szzv74	env_medium	leaf [PO:0025034]	plant-associated biome [ENVO:01001001]	True	True	unrelated		plant-associated biome [ENVO:01001001]				0.0	0.35	False
publication	nmdc	nmdc:bsm-11-k37j6x61	env_broad_scale	cropland biome [ENVO:01000245]	agricultural biome [ENVO:01001442]	True	True	unrelated		agricultural biome [ENVO:01001442]				0.0	0.35	False
publication	nmdc	nmdc:bsm-11-k37j6x61	env_local_scale	crop canopy [ENVO:01001241]	phyllosphere biome [ENVO:01001442]	True	True	unrelated		phyllosphere biome [ENVO:01001442]				0.0	0.35	False
publication	nmdc	nmdc:bsm-11-k37j6x61	env_medium	leaf [PO:0025034]	plant-associated biome [ENVO:01001001]	True	True	unrelated		plant-associated biome [ENVO:01001001]				0.0	0.35	False
publication	nmdc	nmdc:bsm-11-aszpj358	env_broad_scale	cropland biome [ENVO:01000245]	agricultural biome [ENVO:01001442]	True	True	unrelated		agricultural biome [ENVO:01001442]				0.0	0.35	False
publication	nmdc	nmdc:bsm-11-aszpj358	env_local_scale	crop canopy [ENVO:01001241]	phyllosphere biome [ENVO:01001442]	True	True	unrelated		phyllosphere biome [ENVO:01001442]				0.0	0.35	False
publication	nmdc	nmdc:bsm-11-aszpj358	env_medium	leaf [PO:0025034]	plant-associated biome [ENVO:01001001]	True	True	unrelated		plant-associated biome [ENVO:01001001]				0.0	0.35	False
publication	nmdc	nmdc:bsm-11-4cm4d739	env_broad_scale	cropland biome [ENVO:01000245]	agricultural biome [ENVO:01001442]	True	True	unrelated		agricultural biome [ENVO:01001442]				0.0	0.35	False
publication	nmdc	nmdc:bsm-11-4cm4d739	env_local_scale	crop canopy [ENVO:01001241]	phyllosphere biome [ENVO:01001442]	True	True	unrelated		phyllosphere biome [ENVO:01001442]				0.0	0.35	False
publication	nmdc	nmdc:bsm-11-4cm4d739	env_medium	leaf [PO:0025034]	plant-associated biome [ENVO:01001001]	True	True	unrelated		plant-associated biome [ENVO:01001001]				0.0	0.35	False
publication	nmdc	nmdc:bsm-11-p69snh20	env_broad_scale	cropland biome [ENVO:01000245]	agricultural biome [ENVO:01001442]	True	True	unrelated		agricultural biome [ENVO:01001442]				0.0	0.35	False
publication	nmdc	nmdc:bsm-11-p69snh20	env_local_scale	crop canopy [ENVO:01001241]	phyllosphere biome [ENVO:01001442]	True	True	unrelated		phyllosphere biome [ENVO:01001442]				0.0	0.35	False
publication	nmdc	nmdc:bsm-11-p69snh20	env_medium	leaf [PO:0025034]	plant-associated biome [ENVO:01001001]	True	True	unrelated		plant-associated biome [ENVO:01001001]				0.0	0.35	False
publication	nmdc	nmdc:bsm-11-j87w5759	env_broad_scale	cropland biome [ENVO:01000245]	agricultural biome [ENVO:01001442]	True	True	unrelated		agricultural biome [ENVO:01001442]				0.0	0.35	False
publication	nmdc	nmdc:bsm-11-j87w5759	env_local_scale	crop canopy [ENVO:01001241]	phyllosphere biome [ENVO:01001442]	True	True	unrelated		phyllosphere biome [ENVO:01001442]				0.0	0.35	False
publication	nmdc	nmdc:bsm-11-j87w5759	env_medium	leaf [PO:0025034]	plant-associated biome [ENVO:01001001]	True	True	unrelated		plant-associated biome [ENVO:01001001]				0.0	0.35	False
publication	nmdc	nmdc:bsm-11-1w5nfd33	env_broad_scale	cropland biome [ENVO:01000245]	agricultural biome [ENVO:01001442]	True	True	unrelated		agricultural biome [ENVO:01001442]				0.0	0.35	False
publication	nmdc	nmdc:bsm-11-1w5nfd33	env_local_scale	crop canopy [ENVO:01001241]	phyllosphere biome [ENVO:01001442]	True	True	unrelated		phyllosphere biome [ENVO:01001442]				0.0	0.35	False
publication	nmdc	nmdc:bsm-11-1w5nfd33	env_medium	leaf [PO:0025034]	plant-associated biome [ENVO:01001001]	True	True	unrelated		plant-associated biome [ENVO:01001001]				0.0	0.35	False
publication	nmdc	nmdc:bsm-11-x02b5640	env_broad_scale	cropland biome [ENVO:01000245]	agricultural biome [ENVO:01001442]	True	True	unrelated		agricultural biome [ENVO:01001442]				0.0	0.35	False
publication	nmdc	nmdc:bsm-11-x02b5640	env_local_scale	crop canopy [ENVO:01001241]	phyllosphere biome [ENVO:01001442]	True	True	unrelated		phyllosphere biome [ENVO:01001442]				0.0	0.35	False
publication	nmdc	nmdc:bsm-11-x02b5640	env_medium	leaf [PO:0025034]	plant-associated biome [ENVO:01001001]	True	True	unrelated		plant-associated biome [ENVO:01001001]				0.0	0.35	False
publication	nmdc	nmdc:bsm-11-0pqvg660	env_broad_scale	cropland biome [ENVO:01000245]	agricultural biome [ENVO:01001442]	True	True	unrelated		agricultural biome [ENVO:01001442]				0.0	0.35	False
publication	nmdc	nmdc:bsm-11-0pqvg660	env_local_scale	crop canopy [ENVO:01001241]	phyllosphere biome [ENVO:01001442]	True	True	unrelated		phyllosphere biome [ENVO:01001442]				0.0	0.35	False
publication	nmdc	nmdc:bsm-11-0pqvg660	env_medium	leaf [PO:0025034]	plant-associated biome [ENVO:01001001]	True	True	unrelated		plant-associated biome [ENVO:01001001]				0.0	0.35	False
publication	nmdc	nmdc:bsm-11-re6t9r16	env_broad_scale	cropland biome [ENVO:01000245]	agricultural biome [ENVO:01001442]	True	True	unrelated		agricultural biome [ENVO:01001442]				0.0	0.35	False
publication	nmdc	nmdc:bsm-11-re6t9r16	env_local_scale	crop canopy [ENVO:01001241]	phyllosphere biome [ENVO:01001442]	True	True	unrelated		phyllosphere biome [ENVO:01001442]				0.0	0.35	False
publication	nmdc	nmdc:bsm-11-re6t9r16	env_medium	leaf [PO:0025034]	plant-associated biome [ENVO:01001001]	True	True	unrelated		plant-associated biome [ENVO:01001001]				0.0	0.35	False
publication	nmdc	nmdc:bsm-11-trkdrc88	env_broad_scale	cropland biome [ENVO:01000245]	agricultural biome [ENVO:01001442]	True	True	unrelated		agricultural biome [ENVO:01001442]				0.0	0.35	False
publication	nmdc	nmdc:bsm-11-trkdrc88	env_local_scale	crop canopy [ENVO:01001241]	phyllosphere biome [ENVO:01001442]	True	True	unrelated		phyllosphere biome [ENVO:01001442]				0.0	0.35	False
publication	nmdc	nmdc:bsm-11-trkdrc88	env_medium	leaf [PO:0025034]	plant-associated biome [ENVO:01001001]	True	True	unrelated		plant-associated biome [ENVO:01001001]				0.0	0.35	False
publication	nmdc	nmdc:bsm-11-twpad883	env_broad_scale	cropland biome [ENVO:01000245]	agricultural biome [ENVO:01001442]	True	True	unrelated		agricultural biome [ENVO:01001442]				0.0	0.35	False
publication	nmdc	nmdc:bsm-11-twpad883	env_local_scale	crop canopy [ENVO:01001241]	phyllosphere biome [ENVO:01001442]	True	True	unrelated		phyllosphere biome [ENVO:01001442]				0.0	0.35	False
publication	nmdc	nmdc:bsm-11-twpad883	env_medium	leaf [PO:0025034]	plant-associated biome [ENVO:01001001]	True	True	unrelated		plant-associated biome [ENVO:01001001]				0.0	0.35	False
publication	nmdc	nmdc:bsm-11-hpcym074	env_broad_scale	cropland biome [ENVO:01000245]	agricultural biome [ENVO:01001442]	True	True	unrelated		agricultural biome [ENVO:01001442]				0.0	0.35	False
publication	nmdc	nmdc:bsm-11-hpcym074	env_local_scale	crop canopy [ENVO:01001241]	phyllosphere biome [ENVO:01001442]	True	True	unrelated		phyllosphere biome [ENVO:01001442]				0.0	0.35	False
publication	nmdc	nmdc:bsm-11-hpcym074	env_medium	leaf [PO:0025034]	plant-associated biome [ENVO:01001001]	True	True	unrelated		plant-associated biome [ENVO:01001001]				0.0	0.35	False
publication	nmdc	nmdc:bsm-11-4ah19610	env_broad_scale	cropland biome [ENVO:01000245]	agricultural biome [ENVO:01001442]	True	True	unrelated		agricultural biome [ENVO:01001442]				0.0	0.35	False
publication	nmdc	nmdc:bsm-11-4ah19610	env_local_scale	crop canopy [ENVO:01001241]	phyllosphere biome [ENVO:01001442]	True	True	unrelated		phyllosphere biome [ENVO:01001442]				0.0	0.35	False
publication	nmdc	nmdc:bsm-11-4ah19610	env_medium	leaf [PO:0025034]	plant-associated biome [ENVO:01001001]	True	True	unrelated		plant-associated biome [ENVO:01001001]				0.0	0.35	False
publication	nmdc	nmdc:bsm-11-7za5cn37	env_broad_scale	cropland biome [ENVO:01000245]	agricultural biome [ENVO:01001442]	True	True	unrelated		agricultural biome [ENVO:01001442]				0.0	0.35	False
publication	nmdc	nmdc:bsm-11-7za5cn37	env_local_scale	crop canopy [ENVO:01001241]	phyllosphere biome [ENVO:01001442]	True	True	unrelated		phyllosphere biome [ENVO:01001442]				0.0	0.35	False
publication	nmdc	nmdc:bsm-11-7za5cn37	env_medium	leaf [PO:0025034]	plant-associated biome [ENVO:01001001]	True	True	unrelated		plant-associated biome [ENVO:01001001]				0.0	0.35	False
publication	nmdc	nmdc:bsm-11-1p2n9n46	env_broad_scale	cropland biome [ENVO:01000245]	agricultural biome [ENVO:01001442]	True	True	unrelated		agricultural biome [ENVO:01001442]				0.0	0.35	False
publication	nmdc	nmdc:bsm-11-1p2n9n46	env_local_scale	crop canopy [ENVO:01001241]	phyllosphere biome [ENVO:01001442]	True	True	unrelated		phyllosphere biome [ENVO:01001442]				0.0	0.35	False
publication	nmdc	nmdc:bsm-11-1p2n9n46	env_medium	leaf [PO:0025034]	plant-associated biome [ENVO:01001001]	True	True	unrelated		plant-associated biome [ENVO:01001001]				0.0	0.35	False
publication	nmdc	nmdc:bsm-11-cx8x0329	env_broad_scale	cropland biome [ENVO:01000245]	agricultural biome [ENVO:01001442]	True	True	unrelated		agricultural biome [ENVO:01001442]				0.0	0.35	False
publication	nmdc	nmdc:bsm-11-cx8x0329	env_local_scale	area of cropland [ENVO:01000892]	phyllosphere biome [ENVO:01001442]	True	True	unrelated		phyllosphere biome [ENVO:01001442]				0.0	0.35	False
publication	nmdc	nmdc:bsm-11-cx8x0329	env_medium	leaf [PO:0025034]	plant-associated biome [ENVO:01001001]	True	True	unrelated		plant-associated biome [ENVO:01001001]				0.0	0.35	False
publication	nmdc	nmdc:bsm-11-vq6mas66	env_broad_scale	cropland biome [ENVO:01000245]	agricultural biome [ENVO:01001442]	True	True	unrelated		agricultural biome [ENVO:01001442]				0.0	0.35	False
publication	nmdc	nmdc:bsm-11-vq6mas66	env_local_scale	area of cropland [ENVO:01000892]	phyllosphere biome [ENVO:01001442]	True	True	unrelated		phyllosphere biome [ENVO:01001442]				0.0	0.35	False
publication	nmdc	nmdc:bsm-11-vq6mas66	env_medium	leaf [PO:0025034]	plant-associated biome [ENVO:01001001]	True	True	unrelated		plant-associated biome [ENVO:01001001]				0.0	0.35	False
publication	nmdc	nmdc:bsm-11-0qmfcv11	env_broad_scale	cropland biome [ENVO:01000245]	agricultural biome [ENVO:01001442]	True	True	unrelated		agricultural biome [ENVO:01001442]				0.0	0.35	False
publication	nmdc	nmdc:bsm-11-0qmfcv11	env_local_scale	area of cropland [ENVO:01000892]	phyllosphere biome [ENVO:01001442]	True	True	unrelated		phyllosphere biome [ENVO:01001442]				0.0	0.35	False
publication	nmdc	nmdc:bsm-11-0qmfcv11	env_medium	leaf [PO:0025034]	plant-associated biome [ENVO:01001001]	True	True	unrelated		plant-associated biome [ENVO:01001001]				0.0	0.35	False
publication	nmdc	nmdc:bsm-11-565q2834	env_broad_scale	cropland biome [ENVO:01000245]	agricultural biome [ENVO:01001442]	True	True	unrelated		agricultural biome [ENVO:01001442]				0.0	0.35	False
publication	nmdc	nmdc:bsm-11-565q2834	env_local_scale	area of cropland [ENVO:01000892]	phyllosphere biome [ENVO:01001442]	True	True	unrelated		phyllosphere biome [ENVO:01001442]				0.0	0.35	False
publication	nmdc	nmdc:bsm-11-565q2834	env_medium	leaf [PO:0025034]	plant-associated biome [ENVO:01001001]	True	True	unrelated		plant-associated biome [ENVO:01001001]				0.0	0.35	False
publication	nmdc	nmdc:bsm-11-eny4t026	env_broad_scale	cropland biome [ENVO:01000245]	agricultural biome [ENVO:01001442]	True	True	unrelated		agricultural biome [ENVO:01001442]				0.0	0.35	False
publication	nmdc	nmdc:bsm-11-eny4t026	env_local_scale	area of cropland [ENVO:01000892]	phyllosphere biome [ENVO:01001442]	True	True	unrelated		phyllosphere biome [ENVO:01001442]				0.0	0.35	False
publication	nmdc	nmdc:bsm-11-eny4t026	env_medium	leaf [PO:0025034]	plant-associated biome [ENVO:01001001]	True	True	unrelated		plant-associated biome [ENVO:01001001]				0.0	0.35	False
publication	nmdc	nmdc:bsm-11-6sqw3h28	env_broad_scale	cropland biome [ENVO:01000245]	agricultural biome [ENVO:01001442]	True	True	unrelated		agricultural biome [ENVO:01001442]				0.0	0.35	False
publication	nmdc	nmdc:bsm-11-6sqw3h28	env_local_scale	area of cropland [ENVO:01000892]	phyllosphere biome [ENVO:01001442]	True	True	unrelated		phyllosphere biome [ENVO:01001442]				0.0	0.35	False
publication	nmdc	nmdc:bsm-11-6sqw3h28	env_medium	leaf [PO:0025034]	plant-associated biome [ENVO:01001001]	True	True	unrelated		plant-associated biome [ENVO:01001001]				0.0	0.35	False
publication	nmdc	nmdc:bsm-11-m5jxmh57	env_broad_scale	cropland biome [ENVO:01000245]	agricultural biome [ENVO:01001442]	True	True	unrelated		agricultural biome [ENVO:01001442]				0.0	0.35	False
publication	nmdc	nmdc:bsm-11-m5jxmh57	env_local_scale	area of cropland [ENVO:01000892]	phyllosphere biome [ENVO:01001442]	True	True	unrelated		phyllosphere biome [ENVO:01001442]				0.0	0.35	False
publication	nmdc	nmdc:bsm-11-m5jxmh57	env_medium	leaf [PO:0025034]	plant-associated biome [ENVO:01001001]	True	True	unrelated		plant-associated biome [ENVO:01001001]				0.0	0.35	False
publication	nmdc	nmdc:bsm-11-zfks3b64	env_broad_scale	cropland biome [ENVO:01000245]	agricultural biome [ENVO:01001442]	True	True	unrelated		agricultural biome [ENVO:01001442]				0.0	0.35	False
publication	nmdc	nmdc:bsm-11-zfks3b64	env_local_scale	area of cropland [ENVO:01000892]	phyllosphere biome [ENVO:01001442]	True	True	unrelated		phyllosphere biome [ENVO:01001442]				0.0	0.35	False
publication	nmdc	nmdc:bsm-11-zfks3b64	env_medium	leaf [PO:0025034]	plant-associated biome [ENVO:01001001]	True	True	unrelated		plant-associated biome [ENVO:01001001]				0.0	0.35	False
publication	nmdc	nmdc:bsm-11-3h782c22	env_broad_scale	cropland biome [ENVO:01000245]	agricultural biome [ENVO:01001442]	True	True	unrelated		agricultural biome [ENVO:01001442]				0.0	0.35	False
publication	nmdc	nmdc:bsm-11-3h782c22	env_local_scale	area of cropland [ENVO:01000892]	phyllosphere biome [ENVO:01001442]	True	True	unrelated		phyllosphere biome [ENVO:01001442]				0.0	0.35	False
publication	nmdc	nmdc:bsm-11-3h782c22	env_medium	leaf [PO:0025034]	plant-associated biome [ENVO:01001001]	True	True	unrelated		plant-associated biome [ENVO:01001001]				0.0	0.35	False
publication	nmdc	nmdc:bsm-11-89cgj483	env_broad_scale	cropland biome [ENVO:01000245]	agricultural biome [ENVO:01001442]	True	True	unrelated		agricultural biome [ENVO:01001442]				0.0	0.35	False
publication	nmdc	nmdc:bsm-11-89cgj483	env_local_scale	area of cropland [ENVO:01000892]	phyllosphere biome [ENVO:01001442]	True	True	unrelated		phyllosphere biome [ENVO:01001442]				0.0	0.35	False
publication	nmdc	nmdc:bsm-11-89cgj483	env_medium	leaf [PO:0025034]	plant-associated biome [ENVO:01001001]	True	True	unrelated		plant-associated biome [ENVO:01001001]				0.0	0.35	False
publication	nmdc	nmdc:bsm-11-pp5qqg39	env_broad_scale	cropland biome [ENVO:01000245]	agricultural biome [ENVO:01001442]	True	True	unrelated		agricultural biome [ENVO:01001442]				0.0	0.35	False
publication	nmdc	nmdc:bsm-11-pp5qqg39	env_local_scale	area of cropland [ENVO:01000892]	phyllosphere biome [ENVO:01001442]	True	True	unrelated		phyllosphere biome [ENVO:01001442]				0.0	0.35	False
publication	nmdc	nmdc:bsm-11-pp5qqg39	env_medium	leaf [PO:0025034]	plant-associated biome [ENVO:01001001]	True	True	unrelated		plant-associated biome [ENVO:01001001]				0.0	0.35	False
publication	nmdc	nmdc:bsm-11-0d6kw824	env_broad_scale	cropland biome [ENVO:01000245]	agricultural biome [ENVO:01001442]	True	True	unrelated		agricultural biome [ENVO:01001442]				0.0	0.35	False
publication	nmdc	nmdc:bsm-11-0d6kw824	env_local_scale	area of cropland [ENVO:01000892]	phyllosphere biome [ENVO:01001442]	True	True	unrelated		phyllosphere biome [ENVO:01001442]				0.0	0.35	False
publication	nmdc	nmdc:bsm-11-0d6kw824	env_medium	leaf [PO:0025034]	plant-associated biome [ENVO:01001001]	True	True	unrelated		plant-associated biome [ENVO:01001001]				0.0	0.35	False
publication	nmdc	nmdc:bsm-11-vz45zz16	env_broad_scale	cropland biome [ENVO:01000245]	agricultural biome [ENVO:01001442]	True	True	unrelated		agricultural biome [ENVO:01001442]				0.0	0.35	False
publication	nmdc	nmdc:bsm-11-vz45zz16	env_local_scale	area of cropland [ENVO:01000892]	phyllosphere biome [ENVO:01001442]	True	True	unrelated		phyllosphere biome [ENVO:01001442]				0.0	0.35	False
publication	nmdc	nmdc:bsm-11-vz45zz16	env_medium	leaf [PO:0025034]	plant-associated biome [ENVO:01001001]	True	True	unrelated		plant-associated biome [ENVO:01001001]				0.0	0.35	False
publication	nmdc	nmdc:bsm-11-hmd3c262	env_broad_scale	cropland biome [ENVO:01000245]	agricultural biome [ENVO:01001442]	True	True	unrelated		agricultural biome [ENVO:01001442]				0.0	0.35	False
publication	nmdc	nmdc:bsm-11-hmd3c262	env_local_scale	area of cropland [ENVO:01000892]	phyllosphere biome [ENVO:01001442]	True	True	unrelated		phyllosphere biome [ENVO:01001442]				0.0	0.35	False
publication	nmdc	nmdc:bsm-11-hmd3c262	env_medium	leaf [PO:0025034]	plant-associated biome [ENVO:01001001]	True	True	unrelated		plant-associated biome [ENVO:01001001]				0.0	0.35	False
publication	nmdc	nmdc:bsm-11-x3j60412	env_broad_scale	cropland biome [ENVO:01000245]	agricultural biome [ENVO:01001442]	True	True	unrelated		agricultural biome [ENVO:01001442]				0.0	0.35	False
publication	nmdc	nmdc:bsm-11-x3j60412	env_local_scale	area of cropland [ENVO:01000892]	phyllosphere biome [ENVO:01001442]	True	True	unrelated		phyllosphere biome [ENVO:01001442]				0.0	0.35	False
publication	nmdc	nmdc:bsm-11-x3j60412	env_medium	leaf [PO:0025034]	plant-associated biome [ENVO:01001001]	True	True	unrelated		plant-associated biome [ENVO:01001001]				0.0	0.35	False
publication	nmdc	nmdc:bsm-11-v06cjb80	env_broad_scale	cropland biome [ENVO:01000245]	agricultural biome [ENVO:01001442]	True	True	unrelated		agricultural biome [ENVO:01001442]				0.0	0.35	False
publication	nmdc	nmdc:bsm-11-v06cjb80	env_local_scale	area of cropland [ENVO:01000892]	phyllosphere biome [ENVO:01001442]	True	True	unrelated		phyllosphere biome [ENVO:01001442]				0.0	0.35	False
publication	nmdc	nmdc:bsm-11-v06cjb80	env_medium	leaf [PO:0025034]	plant-associated biome [ENVO:01001001]	True	True	unrelated		plant-associated biome [ENVO:01001001]				0.0	0.35	False
publication	nmdc	nmdc:bsm-11-kyyr2a92	env_broad_scale	cropland biome [ENVO:01000245]	agricultural biome [ENVO:01001442]	True	True	unrelated		agricultural biome [ENVO:01001442]				0.0	0.35	False
publication	nmdc	nmdc:bsm-11-kyyr2a92	env_local_scale	area of cropland [ENVO:01000892]	phyllosphere biome [ENVO:01001442]	True	True	unrelated		phyllosphere biome [ENVO:01001442]				0.0	0.35	False
publication	nmdc	nmdc:bsm-11-kyyr2a92	env_medium	leaf [PO:0025034]	plant-associated biome [ENVO:01001001]	True	True	unrelated		plant-associated biome [ENVO:01001001]				0.0	0.35	False
publication	nmdc	nmdc:bsm-11-1yq40d22	env_broad_scale	cropland biome [ENVO:01000245]	agricultural biome [ENVO:01001442]	True	True	unrelated		agricultural biome [ENVO:01001442]				0.0	0.35	False
publication	nmdc	nmdc:bsm-11-1yq40d22	env_local_scale	area of cropland [ENVO:01000892]	phyllosphere biome [ENVO:01001442]	True	True	unrelated		phyllosphere biome [ENVO:01001442]				0.0	0.35	False
publication	nmdc	nmdc:bsm-11-1yq40d22	env_medium	leaf [PO:0025034]	plant-associated biome [ENVO:01001001]	True	True	unrelated		plant-associated biome [ENVO:01001001]				0.0	0.35	False
publication	nmdc	nmdc:bsm-11-scdxg902	env_broad_scale	cropland biome [ENVO:01000245]	agricultural biome [ENVO:01001442]	True	True	unrelated		agricultural biome [ENVO:01001442]				0.0	0.35	False
publication	nmdc	nmdc:bsm-11-scdxg902	env_local_scale	area of cropland [ENVO:01000892]	phyllosphere biome [ENVO:01001442]	True	True	unrelated		phyllosphere biome [ENVO:01001442]				0.0	0.35	False
publication	nmdc	nmdc:bsm-11-scdxg902	env_medium	leaf [PO:0025034]	plant-associated biome [ENVO:01001001]	True	True	unrelated		plant-associated biome [ENVO:01001001]				0.0	0.35	False
publication	nmdc	nmdc:bsm-11-yv389t44	env_broad_scale	cropland biome [ENVO:01000245]	agricultural biome [ENVO:01001442]	True	True	unrelated		agricultural biome [ENVO:01001442]				0.0	0.35	False
publication	nmdc	nmdc:bsm-11-yv389t44	env_local_scale	area of cropland [ENVO:01000892]	phyllosphere biome [ENVO:01001442]	True	True	unrelated		phyllosphere biome [ENVO:01001442]				0.0	0.35	False
publication	nmdc	nmdc:bsm-11-yv389t44	env_medium	leaf [PO:0025034]	plant-associated biome [ENVO:01001001]	True	True	unrelated		plant-associated biome [ENVO:01001001]				0.0	0.35	False
publication	nmdc	nmdc:bsm-11-2j4qq664	env_broad_scale	cropland biome [ENVO:01000245]	agricultural biome [ENVO:01001442]	True	True	unrelated		agricultural biome [ENVO:01001442]				0.0	0.35	False
publication	nmdc	nmdc:bsm-11-2j4qq664	env_local_scale	area of cropland [ENVO:01000892]	phyllosphere biome [ENVO:01001442]	True	True	unrelated		phyllosphere biome [ENVO:01001442]				0.0	0.35	False
publication	nmdc	nmdc:bsm-11-2j4qq664	env_medium	leaf [PO:0025034]	plant-associated biome [ENVO:01001001]	True	True	unrelated		plant-associated biome [ENVO:01001001]				0.0	0.35	False
publication	nmdc	nmdc:bsm-11-9w569119	env_broad_scale	cropland biome [ENVO:01000245]	agricultural biome [ENVO:01001442]	True	True	unrelated		agricultural biome [ENVO:01001442]				0.0	0.35	False
publication	nmdc	nmdc:bsm-11-9w569119	env_local_scale	area of cropland [ENVO:01000892]	phyllosphere biome [ENVO:01001442]	True	True	unrelated		phyllosphere biome [ENVO:01001442]				0.0	0.35	False
publication	nmdc	nmdc:bsm-11-9w569119	env_medium	leaf [PO:0025034]	plant-associated biome [ENVO:01001001]	True	True	unrelated		plant-associated biome [ENVO:01001001]				0.0	0.35	False
publication	nmdc	nmdc:bsm-11-nvygyy64	env_broad_scale	cropland biome [ENVO:01000245]	agricultural biome [ENVO:01001442]	True	True	unrelated		agricultural biome [ENVO:01001442]				0.0	0.35	False
publication	nmdc	nmdc:bsm-11-nvygyy64	env_local_scale	area of cropland [ENVO:01000892]	phyllosphere biome [ENVO:01001442]	True	True	unrelated		phyllosphere biome [ENVO:01001442]				0.0	0.35	False
publication	nmdc	nmdc:bsm-11-nvygyy64	env_medium	leaf [PO:0025034]	plant-associated biome [ENVO:01001001]	True	True	unrelated		plant-associated biome [ENVO:01001001]				0.0	0.35	False
publication	nmdc	nmdc:bsm-11-ta9g7z16	env_broad_scale	cropland biome [ENVO:01000245]	agricultural biome [ENVO:01001442]	True	True	unrelated		agricultural biome [ENVO:01001442]				0.0	0.35	False
publication	nmdc	nmdc:bsm-11-ta9g7z16	env_local_scale	area of cropland [ENVO:01000892]	phyllosphere biome [ENVO:01001442]	True	True	unrelated		phyllosphere biome [ENVO:01001442]				0.0	0.35	False
publication	nmdc	nmdc:bsm-11-ta9g7z16	env_medium	leaf [PO:0025034]	plant-associated biome [ENVO:01001001]	True	True	unrelated		plant-associated biome [ENVO:01001001]				0.0	0.35	False
publication	nmdc	nmdc:bsm-11-havpgy71	env_broad_scale	cropland biome [ENVO:01000245]	agricultural biome [ENVO:01001442]	True	True	unrelated		agricultural biome [ENVO:01001442]				0.0	0.35	False
publication	nmdc	nmdc:bsm-11-havpgy71	env_local_scale	area of cropland [ENVO:01000892]	phyllosphere biome [ENVO:01001442]	True	True	unrelated		phyllosphere biome [ENVO:01001442]				0.0	0.35	False
publication	nmdc	nmdc:bsm-11-havpgy71	env_medium	leaf [PO:0025034]	plant-associated biome [ENVO:01001001]	True	True	unrelated		plant-associated biome [ENVO:01001001]				0.0	0.35	False
publication	nmdc	nmdc:bsm-11-t6shsk68	env_broad_scale	cropland biome [ENVO:01000245]	agricultural biome [ENVO:01001442]	True	True	unrelated		agricultural biome [ENVO:01001442]				0.0	0.35	False
publication	nmdc	nmdc:bsm-11-t6shsk68	env_local_scale	area of cropland [ENVO:01000892]	phyllosphere biome [ENVO:01001442]	True	True	unrelated		phyllosphere biome [ENVO:01001442]				0.0	0.35	False
publication	nmdc	nmdc:bsm-11-t6shsk68	env_medium	leaf [PO:0025034]	plant-associated biome [ENVO:01001001]	True	True	unrelated		plant-associated biome [ENVO:01001001]				0.0	0.35	False
publication	nmdc	nmdc:bsm-11-zqthfw03	env_broad_scale	cropland biome [ENVO:01000245]	agricultural biome [ENVO:01001442]	True	True	unrelated		agricultural biome [ENVO:01001442]				0.0	0.35	False
publication	nmdc	nmdc:bsm-11-zqthfw03	env_local_scale	area of cropland [ENVO:01000892]	phyllosphere biome [ENVO:01001442]	True	True	unrelated		phyllosphere biome [ENVO:01001442]				0.0	0.35	False
publication	nmdc	nmdc:bsm-11-zqthfw03	env_medium	leaf [PO:0025034]	plant-associated biome [ENVO:01001001]	True	True	unrelated		plant-associated biome [ENVO:01001001]				0.0	0.35	False
publication	nmdc	nmdc:bsm-11-jqch2c77	env_broad_scale	cropland biome [ENVO:01000245]	agricultural biome [ENVO:01001442]	True	True	unrelated		agricultural biome [ENVO:01001442]				0.0	0.35	False
publication	nmdc	nmdc:bsm-11-jqch2c77	env_local_scale	area of cropland [ENVO:01000892]	phyllosphere biome [ENVO:01001442]	True	True	unrelated		phyllosphere biome [ENVO:01001442]				0.0	0.35	False
publication	nmdc	nmdc:bsm-11-jqch2c77	env_medium	leaf [PO:0025034]	plant-associated biome [ENVO:01001001]	True	True	unrelated		plant-associated biome [ENVO:01001001]				0.0	0.35	False
publication	nmdc	nmdc:bsm-11-c54mhk23	env_broad_scale	cropland biome [ENVO:01000245]	agricultural biome [ENVO:01001442]	True	True	unrelated		agricultural biome [ENVO:01001442]				0.0	0.35	False
publication	nmdc	nmdc:bsm-11-c54mhk23	env_local_scale	area of cropland [ENVO:01000892]	phyllosphere biome [ENVO:01001442]	True	True	unrelated		phyllosphere biome [ENVO:01001442]				0.0	0.35	False
publication	nmdc	nmdc:bsm-11-c54mhk23	env_medium	leaf [PO:0025034]	plant-associated biome [ENVO:01001001]	True	True	unrelated		plant-associated biome [ENVO:01001001]				0.0	0.35	False
publication	nmdc	nmdc:bsm-11-7pfvq374	env_broad_scale	cropland biome [ENVO:01000245]	agricultural biome [ENVO:01001442]	True	True	unrelated		agricultural biome [ENVO:01001442]				0.0	0.35	False
publication	nmdc	nmdc:bsm-11-7pfvq374	env_local_scale	area of cropland [ENVO:01000892]	phyllosphere biome [ENVO:01001442]	True	True	unrelated		phyllosphere biome [ENVO:01001442]				0.0	0.35	False
publication	nmdc	nmdc:bsm-11-7pfvq374	env_medium	leaf [PO:0025034]	plant-associated biome [ENVO:01001001]	True	True	unrelated		plant-associated biome [ENVO:01001001]				0.0	0.35	False
publication	nmdc	nmdc:bsm-11-5erq8849	env_broad_scale	cropland biome [ENVO:01000245]	agricultural biome [ENVO:01001442]	True	True	unrelated		agricultural biome [ENVO:01001442]				0.0	0.35	False
publication	nmdc	nmdc:bsm-11-5erq8849	env_local_scale	area of cropland [ENVO:01000892]	phyllosphere biome [ENVO:01001442]	True	True	unrelated		phyllosphere biome [ENVO:01001442]				0.0	0.35	False
publication	nmdc	nmdc:bsm-11-5erq8849	env_medium	leaf [PO:0025034]	plant-associated biome [ENVO:01001001]	True	True	unrelated		plant-associated biome [ENVO:01001001]				0.0	0.35	False
publication	nmdc	nmdc:bsm-11-rs4es287	env_broad_scale	cropland biome [ENVO:01000245]	agricultural biome [ENVO:01001442]	True	True	unrelated		agricultural biome [ENVO:01001442]				0.0	0.35	False
publication	nmdc	nmdc:bsm-11-rs4es287	env_local_scale	area of cropland [ENVO:01000892]	phyllosphere biome [ENVO:01001442]	True	True	unrelated		phyllosphere biome [ENVO:01001442]				0.0	0.35	False
publication	nmdc	nmdc:bsm-11-rs4es287	env_medium	leaf [PO:0025034]	plant-associated biome [ENVO:01001001]	True	True	unrelated		plant-associated biome [ENVO:01001001]				0.0	0.35	False
publication	nmdc	nmdc:bsm-11-mr6jqb94	env_broad_scale	cropland biome [ENVO:01000245]	agricultural biome [ENVO:01001442]	True	True	unrelated		agricultural biome [ENVO:01001442]				0.0	0.35	False
publication	nmdc	nmdc:bsm-11-mr6jqb94	env_local_scale	area of cropland [ENVO:01000892]	phyllosphere biome [ENVO:01001442]	True	True	unrelated		phyllosphere biome [ENVO:01001442]				0.0	0.35	False
publication	nmdc	nmdc:bsm-11-mr6jqb94	env_medium	leaf [PO:0025034]	plant-associated biome [ENVO:01001001]	True	True	unrelated		plant-associated biome [ENVO:01001001]				0.0	0.35	False
publication	nmdc	nmdc:bsm-11-11a1rr28	env_broad_scale	cropland biome [ENVO:01000245]	agricultural biome [ENVO:01001442]	True	True	unrelated		agricultural biome [ENVO:01001442]				0.0	0.35	False
publication	nmdc	nmdc:bsm-11-11a1rr28	env_local_scale	area of cropland [ENVO:01000892]	phyllosphere biome [ENVO:01001442]	True	True	unrelated		phyllosphere biome [ENVO:01001442]				0.0	0.35	False
publication	nmdc	nmdc:bsm-11-11a1rr28	env_medium	leaf [PO:0025034]	plant-associated biome [ENVO:01001001]	True	True	unrelated		plant-associated biome [ENVO:01001001]				0.0	0.35	False
publication	nmdc	nmdc:bsm-11-07qp3e36	env_broad_scale	cropland biome [ENVO:01000245]	agricultural biome [ENVO:01001442]	True	True	unrelated		agricultural biome [ENVO:01001442]				0.0	0.35	False
publication	nmdc	nmdc:bsm-11-07qp3e36	env_local_scale	area of cropland [ENVO:01000892]	phyllosphere biome [ENVO:01001442]	True	True	unrelated		phyllosphere biome [ENVO:01001442]				0.0	0.35	False
publication	nmdc	nmdc:bsm-11-07qp3e36	env_medium	leaf [PO:0025034]	plant-associated biome [ENVO:01001001]	True	True	unrelated		plant-associated biome [ENVO:01001001]				0.0	0.35	False
publication	nmdc	nmdc:bsm-11-92m86j46	env_broad_scale	cropland biome [ENVO:01000245]	agricultural biome [ENVO:01001442]	True	True	unrelated		agricultural biome [ENVO:01001442]				0.0	0.35	False
publication	nmdc	nmdc:bsm-11-92m86j46	env_local_scale	area of cropland [ENVO:01000892]	phyllosphere biome [ENVO:01001442]	True	True	unrelated		phyllosphere biome [ENVO:01001442]				0.0	0.35	False
publication	nmdc	nmdc:bsm-11-92m86j46	env_medium	leaf [PO:0025034]	plant-associated biome [ENVO:01001001]	True	True	unrelated		plant-associated biome [ENVO:01001001]				0.0	0.35	False
publication	nmdc	nmdc:bsm-11-ywsr9543	env_broad_scale	cropland biome [ENVO:01000245]	agricultural biome [ENVO:01001442]	True	True	unrelated		agricultural biome [ENVO:01001442]				0.0	0.35	False
publication	nmdc	nmdc:bsm-11-ywsr9543	env_local_scale	area of cropland [ENVO:01000892]	phyllosphere biome [ENVO:01001442]	True	True	unrelated		phyllosphere biome [ENVO:01001442]				0.0	0.35	False
publication	nmdc	nmdc:bsm-11-ywsr9543	env_medium	leaf [PO:0025034]	plant-associated biome [ENVO:01001001]	True	True	unrelated		plant-associated biome [ENVO:01001001]				0.0	0.35	False
publication	nmdc	nmdc:bsm-11-adc8nc37	env_broad_scale	cropland biome [ENVO:01000245]	agricultural biome [ENVO:01001442]	True	True	unrelated		agricultural biome [ENVO:01001442]				0.0	0.35	False
publication	nmdc	nmdc:bsm-11-adc8nc37	env_local_scale	area of cropland [ENVO:01000892]	phyllosphere biome [ENVO:01001442]	True	True	unrelated		phyllosphere biome [ENVO:01001442]				0.0	0.35	False
publication	nmdc	nmdc:bsm-11-adc8nc37	env_medium	leaf [PO:0025034]	plant-associated biome [ENVO:01001001]	True	True	unrelated		plant-associated biome [ENVO:01001001]				0.0	0.35	False
publication	nmdc	nmdc:bsm-11-tew3vz89	env_broad_scale	cropland biome [ENVO:01000245]	agricultural biome [ENVO:01001442]	True	True	unrelated		agricultural biome [ENVO:01001442]				0.0	0.35	False
publication	nmdc	nmdc:bsm-11-tew3vz89	env_local_scale	area of cropland [ENVO:01000892]	phyllosphere biome [ENVO:01001442]	True	True	unrelated		phyllosphere biome [ENVO:01001442]				0.0	0.35	False
publication	nmdc	nmdc:bsm-11-tew3vz89	env_medium	leaf [PO:0025034]	plant-associated biome [ENVO:01001001]	True	True	unrelated		plant-associated biome [ENVO:01001001]				0.0	0.35	False
publication	nmdc	nmdc:bsm-11-tyzygh82	env_broad_scale	cropland biome [ENVO:01000245]	agricultural biome [ENVO:01001442]	True	True	unrelated		agricultural biome [ENVO:01001442]				0.0	0.35	False
publication	nmdc	nmdc:bsm-11-tyzygh82	env_local_scale	area of cropland [ENVO:01000892]	phyllosphere biome [ENVO:01001442]	True	True	unrelated		phyllosphere biome [ENVO:01001442]				0.0	0.35	False
publication	nmdc	nmdc:bsm-11-tyzygh82	env_medium	leaf [PO:0025034]	plant-associated biome [ENVO:01001001]	True	True	unrelated		plant-associated biome [ENVO:01001001]				0.0	0.35	False
publication	nmdc	nmdc:bsm-11-80bdyg71	env_broad_scale	cropland biome [ENVO:01000245]	agricultural biome [ENVO:01001442]	True	True	unrelated		agricultural biome [ENVO:01001442]				0.0	0.35	False
publication	nmdc	nmdc:bsm-11-80bdyg71	env_local_scale	area of cropland [ENVO:01000892]	phyllosphere biome [ENVO:01001442]	True	True	unrelated		phyllosphere biome [ENVO:01001442]				0.0	0.35	False
publication	nmdc	nmdc:bsm-11-80bdyg71	env_medium	leaf [PO:0025034]	plant-associated biome [ENVO:01001001]	True	True	unrelated		plant-associated biome [ENVO:01001001]				0.0	0.35	False
publication	nmdc	nmdc:bsm-11-jwasrx09	env_broad_scale	cropland biome [ENVO:01000245]	agricultural biome [ENVO:01001442]	True	True	unrelated		agricultural biome [ENVO:01001442]				0.0	0.35	False
publication	nmdc	nmdc:bsm-11-jwasrx09	env_local_scale	area of cropland [ENVO:01000892]	phyllosphere biome [ENVO:01001442]	True	True	unrelated		phyllosphere biome [ENVO:01001442]				0.0	0.35	False
publication	nmdc	nmdc:bsm-11-jwasrx09	env_medium	leaf [PO:0025034]	plant-associated biome [ENVO:01001001]	True	True	unrelated		plant-associated biome [ENVO:01001001]				0.0	0.35	False
publication	nmdc	nmdc:bsm-11-qe2ws334	env_broad_scale	cropland biome [ENVO:01000245]	agricultural biome [ENVO:01001442]	True	True	unrelated		agricultural biome [ENVO:01001442]				0.0	0.35	False
publication	nmdc	nmdc:bsm-11-qe2ws334	env_local_scale	area of cropland [ENVO:01000892]	phyllosphere biome [ENVO:01001442]	True	True	unrelated		phyllosphere biome [ENVO:01001442]				0.0	0.35	False
publication	nmdc	nmdc:bsm-11-qe2ws334	env_medium	leaf [PO:0025034]	plant-associated biome [ENVO:01001001]	True	True	unrelated		plant-associated biome [ENVO:01001001]				0.0	0.35	False
publication	nmdc	nmdc:bsm-11-2btg8s15	env_broad_scale	cropland biome [ENVO:01000245]	agricultural biome [ENVO:01001442]	True	True	unrelated		agricultural biome [ENVO:01001442]				0.0	0.35	False
publication	nmdc	nmdc:bsm-11-2btg8s15	env_local_scale	area of cropland [ENVO:01000892]	phyllosphere biome [ENVO:01001442]	True	True	unrelated		phyllosphere biome [ENVO:01001442]				0.0	0.35	False
publication	nmdc	nmdc:bsm-11-2btg8s15	env_medium	leaf [PO:0025034]	plant-associated biome [ENVO:01001001]	True	True	unrelated		plant-associated biome [ENVO:01001001]				0.0	0.35	False
publication	nmdc	nmdc:bsm-11-4hmq1r09	env_broad_scale	cropland biome [ENVO:01000245]	agricultural biome [ENVO:01001442]	True	True	unrelated		agricultural biome [ENVO:01001442]				0.0	0.35	False
publication	nmdc	nmdc:bsm-11-4hmq1r09	env_local_scale	area of cropland [ENVO:01000892]	phyllosphere biome [ENVO:01001442]	True	True	unrelated		phyllosphere biome [ENVO:01001442]				0.0	0.35	False
publication	nmdc	nmdc:bsm-11-4hmq1r09	env_medium	leaf [PO:0025034]	plant-associated biome [ENVO:01001001]	True	True	unrelated		plant-associated biome [ENVO:01001001]				0.0	0.35	False
publication	nmdc	nmdc:bsm-11-hesr2613	env_broad_scale	cropland biome [ENVO:01000245]	agricultural biome [ENVO:01001442]	True	True	unrelated		agricultural biome [ENVO:01001442]				0.0	0.35	False
publication	nmdc	nmdc:bsm-11-hesr2613	env_local_scale	area of cropland [ENVO:01000892]	phyllosphere biome [ENVO:01001442]	True	True	unrelated		phyllosphere biome [ENVO:01001442]				0.0	0.35	False
publication	nmdc	nmdc:bsm-11-hesr2613	env_medium	leaf [PO:0025034]	plant-associated biome [ENVO:01001001]	True	True	unrelated		plant-associated biome [ENVO:01001001]				0.0	0.35	False
publication	nmdc	nmdc:bsm-11-stf7ba19	env_broad_scale	cropland biome [ENVO:01000245]	agricultural biome [ENVO:01001442]	True	True	unrelated		agricultural biome [ENVO:01001442]				0.0	0.35	False
publication	nmdc	nmdc:bsm-11-stf7ba19	env_local_scale	area of cropland [ENVO:01000892]	phyllosphere biome [ENVO:01001442]	True	True	unrelated		phyllosphere biome [ENVO:01001442]				0.0	0.35	False
publication	nmdc	nmdc:bsm-11-stf7ba19	env_medium	leaf [PO:0025034]	plant-associated biome [ENVO:01001001]	True	True	unrelated		plant-associated biome [ENVO:01001001]				0.0	0.35	False
publication	nmdc	nmdc:bsm-11-3we9d184	env_broad_scale	cropland biome [ENVO:01000245]	agricultural biome [ENVO:01001442]	True	True	unrelated		agricultural biome [ENVO:01001442]				0.0	0.35	False
publication	nmdc	nmdc:bsm-11-3we9d184	env_local_scale	area of cropland [ENVO:01000892]	phyllosphere biome [ENVO:01001442]	True	True	unrelated		phyllosphere biome [ENVO:01001442]				0.0	0.35	False
publication	nmdc	nmdc:bsm-11-3we9d184	env_medium	leaf [PO:0025034]	plant-associated biome [ENVO:01001001]	True	True	unrelated		plant-associated biome [ENVO:01001001]				0.0	0.35	False
publication	nmdc	nmdc:bsm-11-3bp8t709	env_broad_scale	cropland biome [ENVO:01000245]	agricultural biome [ENVO:01001442]	True	True	unrelated		agricultural biome [ENVO:01001442]				0.0	0.35	False
publication	nmdc	nmdc:bsm-11-3bp8t709	env_local_scale	area of cropland [ENVO:01000892]	phyllosphere biome [ENVO:01001442]	True	True	unrelated		phyllosphere biome [ENVO:01001442]				0.0	0.35	False
publication	nmdc	nmdc:bsm-11-3bp8t709	env_medium	leaf [PO:0025034]	plant-associated biome [ENVO:01001001]	True	True	unrelated		plant-associated biome [ENVO:01001001]				0.0	0.35	False
publication	nmdc	nmdc:bsm-11-bp54wm37	env_broad_scale	cropland biome [ENVO:01000245]	agricultural biome [ENVO:01001442]	True	True	unrelated		agricultural biome [ENVO:01001442]				0.0	0.35	False
publication	nmdc	nmdc:bsm-11-bp54wm37	env_local_scale	area of cropland [ENVO:01000892]	phyllosphere biome [ENVO:01001442]	True	True	unrelated		phyllosphere biome [ENVO:01001442]				0.0	0.35	False
publication	nmdc	nmdc:bsm-11-bp54wm37	env_medium	leaf [PO:0025034]	plant-associated biome [ENVO:01001001]	True	True	unrelated		plant-associated biome [ENVO:01001001]				0.0	0.35	False
publication	nmdc	nmdc:bsm-11-39ffvf62	env_broad_scale	cropland biome [ENVO:01000245]	agricultural biome [ENVO:01001442]	True	True	unrelated		agricultural biome [ENVO:01001442]				0.0	0.35	False
publication	nmdc	nmdc:bsm-11-39ffvf62	env_local_scale	agricultural field [ENVO:00000114]	phyllosphere biome [ENVO:01001442]	True	True	unrelated		phyllosphere biome [ENVO:01001442]				0.0	0.35	False
publication	nmdc	nmdc:bsm-11-39ffvf62	env_medium	leaf [PO:0025034]	plant-associated biome [ENVO:01001001]	True	True	unrelated		plant-associated biome [ENVO:01001001]				0.0	0.35	False
publication	nmdc	nmdc:bsm-11-nhmgz959	env_broad_scale	cropland biome [ENVO:01000245]	agricultural biome [ENVO:01001442]	True	True	unrelated		agricultural biome [ENVO:01001442]				0.0	0.35	False
publication	nmdc	nmdc:bsm-11-nhmgz959	env_local_scale	agricultural field [ENVO:00000114]	phyllosphere biome [ENVO:01001442]	True	True	unrelated		phyllosphere biome [ENVO:01001442]				0.0	0.35	False
publication	nmdc	nmdc:bsm-11-nhmgz959	env_medium	leaf [PO:0025034]	plant-associated biome [ENVO:01001001]	True	True	unrelated		plant-associated biome [ENVO:01001001]				0.0	0.35	False
publication	nmdc	nmdc:bsm-11-c69gft27	env_broad_scale	cropland biome [ENVO:01000245]	agricultural biome [ENVO:01001442]	True	True	unrelated		agricultural biome [ENVO:01001442]				0.0	0.35	False
publication	nmdc	nmdc:bsm-11-c69gft27	env_local_scale	agricultural field [ENVO:00000114]	phyllosphere biome [ENVO:01001442]	True	True	unrelated		phyllosphere biome [ENVO:01001442]				0.0	0.35	False
publication	nmdc	nmdc:bsm-11-c69gft27	env_medium	leaf [PO:0025034]	plant-associated biome [ENVO:01001001]	True	True	unrelated		plant-associated biome [ENVO:01001001]				0.0	0.35	False
publication	nmdc	nmdc:bsm-11-skkg3v08	env_broad_scale	cropland biome [ENVO:01000245]	agricultural biome [ENVO:01001442]	True	True	unrelated		agricultural biome [ENVO:01001442]				0.0	0.35	False
publication	nmdc	nmdc:bsm-11-skkg3v08	env_local_scale	agricultural field [ENVO:00000114]	phyllosphere biome [ENVO:01001442]	True	True	unrelated		phyllosphere biome [ENVO:01001442]				0.0	0.35	False
publication	nmdc	nmdc:bsm-11-skkg3v08	env_medium	leaf [PO:0025034]	plant-associated biome [ENVO:01001001]	True	True	unrelated		plant-associated biome [ENVO:01001001]				0.0	0.35	False
publication	nmdc	nmdc:bsm-11-nahfhm41	env_broad_scale	cropland biome [ENVO:01000245]	agricultural biome [ENVO:01001442]	True	True	unrelated		agricultural biome [ENVO:01001442]				0.0	0.35	False
publication	nmdc	nmdc:bsm-11-nahfhm41	env_local_scale	agricultural field [ENVO:00000114]	phyllosphere biome [ENVO:01001442]	True	True	unrelated		phyllosphere biome [ENVO:01001442]				0.0	0.35	False
publication	nmdc	nmdc:bsm-11-nahfhm41	env_medium	leaf [PO:0025034]	plant-associated biome [ENVO:01001001]	True	True	unrelated		plant-associated biome [ENVO:01001001]				0.0	0.35	False
publication	nmdc	nmdc:bsm-11-vw3jbk60	env_broad_scale	cropland biome [ENVO:01000245]	agricultural biome [ENVO:01001442]	True	True	unrelated		agricultural biome [ENVO:01001442]				0.0	0.35	False
publication	nmdc	nmdc:bsm-11-vw3jbk60	env_local_scale	agricultural field [ENVO:00000114]	phyllosphere biome [ENVO:01001442]	True	True	unrelated		phyllosphere biome [ENVO:01001442]				0.0	0.35	False
publication	nmdc	nmdc:bsm-11-vw3jbk60	env_medium	leaf [PO:0025034]	plant-associated biome [ENVO:01001001]	True	True	unrelated		plant-associated biome [ENVO:01001001]				0.0	0.35	False
publication	nmdc	nmdc:bsm-11-ddj1pw11	env_broad_scale	cropland biome [ENVO:01000245]	agricultural biome [ENVO:01001442]	True	True	unrelated		agricultural biome [ENVO:01001442]				0.0	0.35	False
publication	nmdc	nmdc:bsm-11-ddj1pw11	env_local_scale	agricultural field [ENVO:00000114]	phyllosphere biome [ENVO:01001442]	True	True	unrelated		phyllosphere biome [ENVO:01001442]				0.0	0.35	False
publication	nmdc	nmdc:bsm-11-ddj1pw11	env_medium	leaf [PO:0025034]	plant-associated biome [ENVO:01001001]	True	True	unrelated		plant-associated biome [ENVO:01001001]				0.0	0.35	False
publication	nmdc	nmdc:bsm-11-htwn4756	env_broad_scale	cropland biome [ENVO:01000245]	agricultural biome [ENVO:01001442]	True	True	unrelated		agricultural biome [ENVO:01001442]				0.0	0.35	False
publication	nmdc	nmdc:bsm-11-htwn4756	env_local_scale	agricultural field [ENVO:00000114]	phyllosphere biome [ENVO:01001442]	True	True	unrelated		phyllosphere biome [ENVO:01001442]				0.0	0.35	False
publication	nmdc	nmdc:bsm-11-htwn4756	env_medium	leaf [PO:0025034]	plant-associated biome [ENVO:01001001]	True	True	unrelated		plant-associated biome [ENVO:01001001]				0.0	0.35	False
publication	nmdc	nmdc:bsm-11-xnbh4c30	env_broad_scale	cropland biome [ENVO:01000245]	agricultural biome [ENVO:01001442]	True	True	unrelated		agricultural biome [ENVO:01001442]				0.0	0.35	False
publication	nmdc	nmdc:bsm-11-xnbh4c30	env_local_scale	agricultural field [ENVO:00000114]	phyllosphere biome [ENVO:01001442]	True	True	unrelated		phyllosphere biome [ENVO:01001442]				0.0	0.35	False
publication	nmdc	nmdc:bsm-11-xnbh4c30	env_medium	leaf [PO:0025034]	plant-associated biome [ENVO:01001001]	True	True	unrelated		plant-associated biome [ENVO:01001001]				0.0	0.35	False
publication	nmdc	nmdc:bsm-11-hgsmz769	env_broad_scale	cropland biome [ENVO:01000245]	agricultural biome [ENVO:01001442]	True	True	unrelated		agricultural biome [ENVO:01001442]				0.0	0.35	False
publication	nmdc	nmdc:bsm-11-hgsmz769	env_local_scale	agricultural field [ENVO:00000114]	phyllosphere biome [ENVO:01001442]	True	True	unrelated		phyllosphere biome [ENVO:01001442]				0.0	0.35	False
publication	nmdc	nmdc:bsm-11-hgsmz769	env_medium	leaf [PO:0025034]	plant-associated biome [ENVO:01001001]	True	True	unrelated		plant-associated biome [ENVO:01001001]				0.0	0.35	False
publication	nmdc	nmdc:bsm-11-6ba0xr45	env_broad_scale	cropland biome [ENVO:01000245]	agricultural biome [ENVO:01001442]	True	True	unrelated		agricultural biome [ENVO:01001442]				0.0	0.35	False
publication	nmdc	nmdc:bsm-11-6ba0xr45	env_local_scale	agricultural field [ENVO:00000114]	phyllosphere biome [ENVO:01001442]	True	True	unrelated		phyllosphere biome [ENVO:01001442]				0.0	0.35	False
publication	nmdc	nmdc:bsm-11-6ba0xr45	env_medium	leaf [PO:0025034]	plant-associated biome [ENVO:01001001]	True	True	unrelated		plant-associated biome [ENVO:01001001]				0.0	0.35	False
publication	nmdc	nmdc:bsm-11-6z6te940	env_broad_scale	cropland biome [ENVO:01000245]	agricultural biome [ENVO:01001442]	True	True	unrelated		agricultural biome [ENVO:01001442]				0.0	0.35	False
publication	nmdc	nmdc:bsm-11-6z6te940	env_local_scale	agricultural field [ENVO:00000114]	phyllosphere biome [ENVO:01001442]	True	True	unrelated		phyllosphere biome [ENVO:01001442]				0.0	0.35	False
publication	nmdc	nmdc:bsm-11-6z6te940	env_medium	leaf [PO:0025034]	plant-associated biome [ENVO:01001001]	True	True	unrelated		plant-associated biome [ENVO:01001001]				0.0	0.35	False
publication	nmdc	nmdc:bsm-11-rfrgbh91	env_broad_scale	cropland biome [ENVO:01000245]	agricultural biome [ENVO:01001442]	True	True	unrelated		agricultural biome [ENVO:01001442]				0.0	0.35	False
publication	nmdc	nmdc:bsm-11-rfrgbh91	env_local_scale	agricultural field [ENVO:00000114]	phyllosphere biome [ENVO:01001442]	True	True	unrelated		phyllosphere biome [ENVO:01001442]				0.0	0.35	False
publication	nmdc	nmdc:bsm-11-rfrgbh91	env_medium	leaf [PO:0025034]	plant-associated biome [ENVO:01001001]	True	True	unrelated		plant-associated biome [ENVO:01001001]				0.0	0.35	False
publication	nmdc	nmdc:bsm-11-cwgggf43	env_broad_scale	cropland biome [ENVO:01000245]	agricultural biome [ENVO:01001442]	True	True	unrelated		agricultural biome [ENVO:01001442]				0.0	0.35	False
publication	nmdc	nmdc:bsm-11-cwgggf43	env_local_scale	agricultural field [ENVO:00000114]	phyllosphere biome [ENVO:01001442]	True	True	unrelated		phyllosphere biome [ENVO:01001442]				0.0	0.35	False
publication	nmdc	nmdc:bsm-11-cwgggf43	env_medium	leaf [PO:0025034]	plant-associated biome [ENVO:01001001]	True	True	unrelated		plant-associated biome [ENVO:01001001]				0.0	0.35	False
publication	nmdc	nmdc:bsm-11-8kaw9q16	env_broad_scale	cropland biome [ENVO:01000245]	agricultural biome [ENVO:01001442]	True	True	unrelated		agricultural biome [ENVO:01001442]				0.0	0.35	False
publication	nmdc	nmdc:bsm-11-8kaw9q16	env_local_scale	agricultural field [ENVO:00000114]	phyllosphere biome [ENVO:01001442]	True	True	unrelated		phyllosphere biome [ENVO:01001442]				0.0	0.35	False
publication	nmdc	nmdc:bsm-11-8kaw9q16	env_medium	leaf [PO:0025034]	plant-associated biome [ENVO:01001001]	True	True	unrelated		plant-associated biome [ENVO:01001001]				0.0	0.35	False
publication	nmdc	nmdc:bsm-11-rt430k29	env_broad_scale	cropland biome [ENVO:01000245]	agricultural biome [ENVO:01001442]	True	True	unrelated		agricultural biome [ENVO:01001442]				0.0	0.35	False
publication	nmdc	nmdc:bsm-11-rt430k29	env_local_scale	agricultural field [ENVO:00000114]	phyllosphere biome [ENVO:01001442]	True	True	unrelated		phyllosphere biome [ENVO:01001442]				0.0	0.35	False
publication	nmdc	nmdc:bsm-11-rt430k29	env_medium	leaf [PO:0025034]	plant-associated biome [ENVO:01001001]	True	True	unrelated		plant-associated biome [ENVO:01001001]				0.0	0.35	False
publication	nmdc	nmdc:bsm-11-72bek389	env_broad_scale	cropland biome [ENVO:01000245]	agricultural biome [ENVO:01001442]	True	True	unrelated		agricultural biome [ENVO:01001442]				0.0	0.35	False
publication	nmdc	nmdc:bsm-11-72bek389	env_local_scale	agricultural field [ENVO:00000114]	phyllosphere biome [ENVO:01001442]	True	True	unrelated		phyllosphere biome [ENVO:01001442]				0.0	0.35	False
publication	nmdc	nmdc:bsm-11-72bek389	env_medium	leaf [PO:0025034]	plant-associated biome [ENVO:01001001]	True	True	unrelated		plant-associated biome [ENVO:01001001]				0.0	0.35	False
publication	nmdc	nmdc:bsm-11-v3snhf66	env_broad_scale	cropland biome [ENVO:01000245]	agricultural biome [ENVO:01001442]	True	True	unrelated		agricultural biome [ENVO:01001442]				0.0	0.35	False
publication	nmdc	nmdc:bsm-11-v3snhf66	env_local_scale	agricultural field [ENVO:00000114]	phyllosphere biome [ENVO:01001442]	True	True	unrelated		phyllosphere biome [ENVO:01001442]				0.0	0.35	False
publication	nmdc	nmdc:bsm-11-v3snhf66	env_medium	leaf [PO:0025034]	plant-associated biome [ENVO:01001001]	True	True	unrelated		plant-associated biome [ENVO:01001001]				0.0	0.35	False
publication	nmdc	nmdc:bsm-11-snfctz27	env_broad_scale	cropland biome [ENVO:01000245]	agricultural biome [ENVO:01001442]	True	True	unrelated		agricultural biome [ENVO:01001442]				0.0	0.35	False
publication	nmdc	nmdc:bsm-11-snfctz27	env_local_scale	agricultural field [ENVO:00000114]	phyllosphere biome [ENVO:01001442]	True	True	unrelated		phyllosphere biome [ENVO:01001442]				0.0	0.35	False
publication	nmdc	nmdc:bsm-11-snfctz27	env_medium	leaf [PO:0025034]	plant-associated biome [ENVO:01001001]	True	True	unrelated		plant-associated biome [ENVO:01001001]				0.0	0.35	False
publication	nmdc	nmdc:bsm-11-hs153937	env_broad_scale	cropland biome [ENVO:01000245]	agricultural biome [ENVO:01001442]	True	True	unrelated		agricultural biome [ENVO:01001442]				0.0	0.35	False
publication	nmdc	nmdc:bsm-11-hs153937	env_local_scale	agricultural field [ENVO:00000114]	phyllosphere biome [ENVO:01001442]	True	True	unrelated		phyllosphere biome [ENVO:01001442]				0.0	0.35	False
publication	nmdc	nmdc:bsm-11-hs153937	env_medium	leaf [PO:0025034]	plant-associated biome [ENVO:01001001]	True	True	unrelated		plant-associated biome [ENVO:01001001]				0.0	0.35	False
publication	nmdc	nmdc:bsm-11-19z9km20	env_broad_scale	cropland biome [ENVO:01000245]	agricultural biome [ENVO:01001442]	True	True	unrelated		agricultural biome [ENVO:01001442]				0.0	0.35	False
publication	nmdc	nmdc:bsm-11-19z9km20	env_local_scale	agricultural field [ENVO:00000114]	phyllosphere biome [ENVO:01001442]	True	True	unrelated		phyllosphere biome [ENVO:01001442]				0.0	0.35	False
publication	nmdc	nmdc:bsm-11-19z9km20	env_medium	leaf [PO:0025034]	plant-associated biome [ENVO:01001001]	True	True	unrelated		plant-associated biome [ENVO:01001001]				0.0	0.35	False
publication	nmdc	nmdc:bsm-11-6d731x94	env_broad_scale	cropland biome [ENVO:01000245]	agricultural biome [ENVO:01001442]	True	True	unrelated		agricultural biome [ENVO:01001442]				0.0	0.35	False
publication	nmdc	nmdc:bsm-11-6d731x94	env_local_scale	agricultural field [ENVO:00000114]	phyllosphere biome [ENVO:01001442]	True	True	unrelated		phyllosphere biome [ENVO:01001442]				0.0	0.35	False
publication	nmdc	nmdc:bsm-11-6d731x94	env_medium	leaf [PO:0025034]	plant-associated biome [ENVO:01001001]	True	True	unrelated		plant-associated biome [ENVO:01001001]				0.0	0.35	False
publication	nmdc	nmdc:bsm-11-vgwb6e54	env_broad_scale	cropland biome [ENVO:01000245]	agricultural biome [ENVO:01001442]	True	True	unrelated		agricultural biome [ENVO:01001442]				0.0	0.35	False
publication	nmdc	nmdc:bsm-11-vgwb6e54	env_local_scale	agricultural field [ENVO:00000114]	phyllosphere biome [ENVO:01001442]	True	True	unrelated		phyllosphere biome [ENVO:01001442]				0.0	0.35	False
publication	nmdc	nmdc:bsm-11-vgwb6e54	env_medium	leaf [PO:0025034]	plant-associated biome [ENVO:01001001]	True	True	unrelated		plant-associated biome [ENVO:01001001]				0.0	0.35	False
publication	nmdc	nmdc:bsm-11-m08fbx84	env_broad_scale	cropland biome [ENVO:01000245]	agricultural biome [ENVO:01001442]	True	True	unrelated		agricultural biome [ENVO:01001442]				0.0	0.35	False
publication	nmdc	nmdc:bsm-11-m08fbx84	env_local_scale	agricultural field [ENVO:00000114]	phyllosphere biome [ENVO:01001442]	True	True	unrelated		phyllosphere biome [ENVO:01001442]				0.0	0.35	False
publication	nmdc	nmdc:bsm-11-m08fbx84	env_medium	leaf [PO:0025034]	plant-associated biome [ENVO:01001001]	True	True	unrelated		plant-associated biome [ENVO:01001001]				0.0	0.35	False
publication	nmdc	nmdc:bsm-11-4w06fv35	env_broad_scale	cropland biome [ENVO:01000245]	agricultural biome [ENVO:01001442]	True	True	unrelated		agricultural biome [ENVO:01001442]				0.0	0.35	False
publication	nmdc	nmdc:bsm-11-4w06fv35	env_local_scale	agricultural field [ENVO:00000114]	phyllosphere biome [ENVO:01001442]	True	True	unrelated		phyllosphere biome [ENVO:01001442]				0.0	0.35	False
publication	nmdc	nmdc:bsm-11-4w06fv35	env_medium	leaf [PO:0025034]	plant-associated biome [ENVO:01001001]	True	True	unrelated		plant-associated biome [ENVO:01001001]				0.0	0.35	False
publication	nmdc	nmdc:bsm-11-gaa15d67	env_broad_scale	cropland biome [ENVO:01000245]	agricultural biome [ENVO:01001442]	True	True	unrelated		agricultural biome [ENVO:01001442]				0.0	0.35	False
publication	nmdc	nmdc:bsm-11-gaa15d67	env_local_scale	crop canopy [ENVO:01001241]	phyllosphere biome [ENVO:01001442]	True	True	unrelated		phyllosphere biome [ENVO:01001442]				0.0	0.35	False
publication	nmdc	nmdc:bsm-11-gaa15d67	env_medium	leaf [PO:0025034]	plant-associated biome [ENVO:01001001]	True	True	unrelated		plant-associated biome [ENVO:01001001]				0.0	0.35	False
publication	nmdc	nmdc:bsm-11-rv0kzb71	env_broad_scale	cropland biome [ENVO:01000245]	agricultural biome [ENVO:01001442]	True	True	unrelated		agricultural biome [ENVO:01001442]				0.0	0.35	False
publication	nmdc	nmdc:bsm-11-rv0kzb71	env_local_scale	crop canopy [ENVO:01001241]	phyllosphere biome [ENVO:01001442]	True	True	unrelated		phyllosphere biome [ENVO:01001442]				0.0	0.35	False
publication	nmdc	nmdc:bsm-11-rv0kzb71	env_medium	leaf [PO:0025034]	plant-associated biome [ENVO:01001001]	True	True	unrelated		plant-associated biome [ENVO:01001001]				0.0	0.35	False
publication	nmdc	nmdc:bsm-11-bgsyn946	env_broad_scale	cropland biome [ENVO:01000245]	agricultural biome [ENVO:01001442]	True	True	unrelated		agricultural biome [ENVO:01001442]				0.0	0.35	False
publication	nmdc	nmdc:bsm-11-bgsyn946	env_local_scale	crop canopy [ENVO:01001241]	phyllosphere biome [ENVO:01001442]	True	True	unrelated		phyllosphere biome [ENVO:01001442]				0.0	0.35	False
publication	nmdc	nmdc:bsm-11-bgsyn946	env_medium	leaf [PO:0025034]	plant-associated biome [ENVO:01001001]	True	True	unrelated		plant-associated biome [ENVO:01001001]				0.0	0.35	False
publication	nmdc	nmdc:bsm-11-3g522z71	env_broad_scale	cropland biome [ENVO:01000245]	agricultural biome [ENVO:01001442]	True	True	unrelated		agricultural biome [ENVO:01001442]				0.0	0.35	False
publication	nmdc	nmdc:bsm-11-3g522z71	env_local_scale	crop canopy [ENVO:01001241]	phyllosphere biome [ENVO:01001442]	True	True	unrelated		phyllosphere biome [ENVO:01001442]				0.0	0.35	False
publication	nmdc	nmdc:bsm-11-3g522z71	env_medium	leaf [PO:0025034]	plant-associated biome [ENVO:01001001]	True	True	unrelated		plant-associated biome [ENVO:01001001]				0.0	0.35	False
publication	nmdc	nmdc:bsm-11-btm3zf82	env_broad_scale	cropland biome [ENVO:01000245]	agricultural biome [ENVO:01001442]	True	True	unrelated		agricultural biome [ENVO:01001442]				0.0	0.35	False
publication	nmdc	nmdc:bsm-11-btm3zf82	env_local_scale	crop canopy [ENVO:01001241]	phyllosphere biome [ENVO:01001442]	True	True	unrelated		phyllosphere biome [ENVO:01001442]				0.0	0.35	False
publication	nmdc	nmdc:bsm-11-btm3zf82	env_medium	leaf [PO:0025034]	plant-associated biome [ENVO:01001001]	True	True	unrelated		plant-associated biome [ENVO:01001001]				0.0	0.35	False
publication	nmdc	nmdc:bsm-11-fjas8n82	env_broad_scale	cropland biome [ENVO:01000245]	agricultural biome [ENVO:01001442]	True	True	unrelated		agricultural biome [ENVO:01001442]				0.0	0.35	False
publication	nmdc	nmdc:bsm-11-fjas8n82	env_local_scale	crop canopy [ENVO:01001241]	phyllosphere biome [ENVO:01001442]	True	True	unrelated		phyllosphere biome [ENVO:01001442]				0.0	0.35	False
publication	nmdc	nmdc:bsm-11-fjas8n82	env_medium	leaf [PO:0025034]	plant-associated biome [ENVO:01001001]	True	True	unrelated		plant-associated biome [ENVO:01001001]				0.0	0.35	False
publication	nmdc	nmdc:bsm-11-06mvg980	env_broad_scale	cropland biome [ENVO:01000245]	agricultural biome [ENVO:01001442]	True	True	unrelated		agricultural biome [ENVO:01001442]				0.0	0.35	False
publication	nmdc	nmdc:bsm-11-06mvg980	env_local_scale	crop canopy [ENVO:01001241]	phyllosphere biome [ENVO:01001442]	True	True	unrelated		phyllosphere biome [ENVO:01001442]				0.0	0.35	False
publication	nmdc	nmdc:bsm-11-06mvg980	env_medium	leaf [PO:0025034]	plant-associated biome [ENVO:01001001]	True	True	unrelated		plant-associated biome [ENVO:01001001]				0.0	0.35	False
publication	nmdc	nmdc:bsm-11-mg4xhx34	env_broad_scale	cropland biome [ENVO:01000245]	agricultural biome [ENVO:01001442]	True	True	unrelated		agricultural biome [ENVO:01001442]				0.0	0.35	False
publication	nmdc	nmdc:bsm-11-mg4xhx34	env_local_scale	crop canopy [ENVO:01001241]	phyllosphere biome [ENVO:01001442]	True	True	unrelated		phyllosphere biome [ENVO:01001442]				0.0	0.35	False
publication	nmdc	nmdc:bsm-11-mg4xhx34	env_medium	leaf [PO:0025034]	plant-associated biome [ENVO:01001001]	True	True	unrelated		plant-associated biome [ENVO:01001001]				0.0	0.35	False
publication	nmdc	nmdc:bsm-11-nywmab67	env_broad_scale	cropland biome [ENVO:01000245]	agricultural biome [ENVO:01001442]	True	True	unrelated		agricultural biome [ENVO:01001442]				0.0	0.35	False
publication	nmdc	nmdc:bsm-11-nywmab67	env_local_scale	crop canopy [ENVO:01001241]	phyllosphere biome [ENVO:01001442]	True	True	unrelated		phyllosphere biome [ENVO:01001442]				0.0	0.35	False
publication	nmdc	nmdc:bsm-11-nywmab67	env_medium	leaf [PO:0025034]	plant-associated biome [ENVO:01001001]	True	True	unrelated		plant-associated biome [ENVO:01001001]				0.0	0.35	False
publication	nmdc	nmdc:bsm-11-5vg3xj92	env_broad_scale	cropland biome [ENVO:01000245]	agricultural biome [ENVO:01001442]	True	True	unrelated		agricultural biome [ENVO:01001442]				0.0	0.35	False
publication	nmdc	nmdc:bsm-11-5vg3xj92	env_local_scale	crop canopy [ENVO:01001241]	phyllosphere biome [ENVO:01001442]	True	True	unrelated		phyllosphere biome [ENVO:01001442]				0.0	0.35	False
publication	nmdc	nmdc:bsm-11-5vg3xj92	env_medium	leaf [PO:0025034]	plant-associated biome [ENVO:01001001]	True	True	unrelated		plant-associated biome [ENVO:01001001]				0.0	0.35	False
publication	nmdc	nmdc:bsm-11-t2w8a056	env_broad_scale	cropland biome [ENVO:01000245]	agricultural biome [ENVO:01001442]	True	True	unrelated		agricultural biome [ENVO:01001442]				0.0	0.35	False
publication	nmdc	nmdc:bsm-11-t2w8a056	env_local_scale	crop canopy [ENVO:01001241]	phyllosphere biome [ENVO:01001442]	True	True	unrelated		phyllosphere biome [ENVO:01001442]				0.0	0.35	False
publication	nmdc	nmdc:bsm-11-t2w8a056	env_medium	leaf [PO:0025034]	plant-associated biome [ENVO:01001001]	True	True	unrelated		plant-associated biome [ENVO:01001001]				0.0	0.35	False
publication	nmdc	nmdc:bsm-11-5gj6wm02	env_broad_scale	cropland biome [ENVO:01000245]	agricultural biome [ENVO:01001442]	True	True	unrelated		agricultural biome [ENVO:01001442]				0.0	0.35	False
publication	nmdc	nmdc:bsm-11-5gj6wm02	env_local_scale	crop canopy [ENVO:01001241]	phyllosphere biome [ENVO:01001442]	True	True	unrelated		phyllosphere biome [ENVO:01001442]				0.0	0.35	False
publication	nmdc	nmdc:bsm-11-5gj6wm02	env_medium	leaf [PO:0025034]	plant-associated biome [ENVO:01001001]	True	True	unrelated		plant-associated biome [ENVO:01001001]				0.0	0.35	False
publication	nmdc	nmdc:bsm-11-1gm9pn76	env_broad_scale	cropland biome [ENVO:01000245]	agricultural biome [ENVO:01001442]	True	True	unrelated		agricultural biome [ENVO:01001442]				0.0	0.35	False
publication	nmdc	nmdc:bsm-11-1gm9pn76	env_local_scale	crop canopy [ENVO:01001241]	phyllosphere biome [ENVO:01001442]	True	True	unrelated		phyllosphere biome [ENVO:01001442]				0.0	0.35	False
publication	nmdc	nmdc:bsm-11-1gm9pn76	env_medium	leaf [PO:0025034]	plant-associated biome [ENVO:01001001]	True	True	unrelated		plant-associated biome [ENVO:01001001]				0.0	0.35	False
publication	nmdc	nmdc:bsm-11-0435yq18	env_broad_scale	cropland biome [ENVO:01000245]	agricultural biome [ENVO:01001442]	True	True	unrelated		agricultural biome [ENVO:01001442]				0.0	0.35	False
publication	nmdc	nmdc:bsm-11-0435yq18	env_local_scale	crop canopy [ENVO:01001241]	phyllosphere biome [ENVO:01001442]	True	True	unrelated		phyllosphere biome [ENVO:01001442]				0.0	0.35	False
publication	nmdc	nmdc:bsm-11-0435yq18	env_medium	leaf [PO:0025034]	plant-associated biome [ENVO:01001001]	True	True	unrelated		plant-associated biome [ENVO:01001001]				0.0	0.35	False
publication	nmdc	nmdc:bsm-11-x6cq0675	env_broad_scale	cropland biome [ENVO:01000245]	agricultural biome [ENVO:01001442]	True	True	unrelated		agricultural biome [ENVO:01001442]				0.0	0.35	False
publication	nmdc	nmdc:bsm-11-x6cq0675	env_local_scale	crop canopy [ENVO:01001241]	phyllosphere biome [ENVO:01001442]	True	True	unrelated		phyllosphere biome [ENVO:01001442]				0.0	0.35	False
publication	nmdc	nmdc:bsm-11-x6cq0675	env_medium	leaf [PO:0025034]	plant-associated biome [ENVO:01001001]	True	True	unrelated		plant-associated biome [ENVO:01001001]				0.0	0.35	False
publication	nmdc	nmdc:bsm-11-58kpt479	env_broad_scale	cropland biome [ENVO:01000245]	agricultural biome [ENVO:01001442]	True	True	unrelated		agricultural biome [ENVO:01001442]				0.0	0.35	False
publication	nmdc	nmdc:bsm-11-58kpt479	env_local_scale	crop canopy [ENVO:01001241]	phyllosphere biome [ENVO:01001442]	True	True	unrelated		phyllosphere biome [ENVO:01001442]				0.0	0.35	False
publication	nmdc	nmdc:bsm-11-58kpt479	env_medium	leaf [PO:0025034]	plant-associated biome [ENVO:01001001]	True	True	unrelated		plant-associated biome [ENVO:01001001]				0.0	0.35	False
publication	nmdc	nmdc:bsm-11-jyjxbj68	env_broad_scale	cropland biome [ENVO:01000245]	agricultural biome [ENVO:01001442]	True	True	unrelated		agricultural biome [ENVO:01001442]				0.0	0.35	False
publication	nmdc	nmdc:bsm-11-jyjxbj68	env_local_scale	crop canopy [ENVO:01001241]	phyllosphere biome [ENVO:01001442]	True	True	unrelated		phyllosphere biome [ENVO:01001442]				0.0	0.35	False
publication	nmdc	nmdc:bsm-11-jyjxbj68	env_medium	leaf [PO:0025034]	plant-associated biome [ENVO:01001001]	True	True	unrelated		plant-associated biome [ENVO:01001001]				0.0	0.35	False
publication+supplements	supplement	nmdc:bsm-11-q59jb831	env_broad_scale	terrestrial biome [ENVO:00000446]	Terrestrial Biome [ENVO:00000446]	True	True	exact	0	Terrestrial Biome [ENVO:00000446]				1.0	0.85	True
publication+supplements	supplement	nmdc:bsm-11-q59jb831	env_local_scale	area of cropland [ENVO:01000892]	Area of cropland [ENVO:01000892]	True	True	exact	0	Area of cropland [ENVO:01000892]				1.0	0.85	True
publication+supplements	supplement	nmdc:bsm-11-q59jb831	env_medium	plant matter [ENVO:01001121]	agricultural soil [ENVO:00002259] | plant matter [ENVO:01001121]	True	True	exact	0	plant matter [ENVO:01001121]				1.0	0.85	True
publication+supplements	supplement	nmdc:bsm-11-w3pdpe50	env_broad_scale	terrestrial biome [ENVO:00000446]	Terrestrial Biome [ENVO:00000446]	True	True	exact	0	Terrestrial Biome [ENVO:00000446]				1.0	0.85	True
publication+supplements	supplement	nmdc:bsm-11-w3pdpe50	env_local_scale	area of cropland [ENVO:01000892]	Area of cropland [ENVO:01000892]	True	True	exact	0	Area of cropland [ENVO:01000892]				1.0	0.85	True
publication+supplements	supplement	nmdc:bsm-11-w3pdpe50	env_medium	plant matter [ENVO:01001121]	agricultural soil [ENVO:00002259] | plant matter [ENVO:01001121]	True	True	exact	0	plant matter [ENVO:01001121]				1.0	0.85	True
publication+supplements	supplement	nmdc:bsm-11-1edk3k41	env_broad_scale	terrestrial biome [ENVO:00000446]	Terrestrial Biome [ENVO:00000446]	True	True	exact	0	Terrestrial Biome [ENVO:00000446]				1.0	0.85	True
publication+supplements	supplement	nmdc:bsm-11-1edk3k41	env_local_scale	area of cropland [ENVO:01000892]	Area of cropland [ENVO:01000892]	True	True	exact	0	Area of cropland [ENVO:01000892]				1.0	0.85	True
publication+supplements	supplement	nmdc:bsm-11-1edk3k41	env_medium	plant matter [ENVO:01001121]	agricultural soil [ENVO:00002259] | plant matter [ENVO:01001121]	True	True	exact	0	plant matter [ENVO:01001121]				1.0	0.85	True
publication+supplements	supplement	nmdc:bsm-11-hqyw6174	env_broad_scale	terrestrial biome [ENVO:00000446]	Terrestrial Biome [ENVO:00000446]	True	True	exact	0	Terrestrial Biome [ENVO:00000446]				1.0	0.85	True
publication+supplements	supplement	nmdc:bsm-11-hqyw6174	env_local_scale	area of cropland [ENVO:01000892]	Area of cropland [ENVO:01000892]	True	True	exact	0	Area of cropland [ENVO:01000892]				1.0	0.85	True
publication+supplements	supplement	nmdc:bsm-11-hqyw6174	env_medium	plant matter [ENVO:01001121]	agricultural soil [ENVO:00002259] | plant matter [ENVO:01001121]	True	True	exact	0	plant matter [ENVO:01001121]				1.0	0.85	True
publication+supplements	supplement	nmdc:bsm-11-6qmh9383	env_broad_scale	terrestrial biome [ENVO:00000446]	Terrestrial Biome [ENVO:00000446]	True	True	exact	0	Terrestrial Biome [ENVO:00000446]				1.0	0.85	True
publication+supplements	supplement	nmdc:bsm-11-6qmh9383	env_local_scale	area of cropland [ENVO:01000892]	Area of cropland [ENVO:01000892]	True	True	exact	0	Area of cropland [ENVO:01000892]				1.0	0.85	True
publication+supplements	supplement	nmdc:bsm-11-6qmh9383	env_medium	plant matter [ENVO:01001121]	agricultural soil [ENVO:00002259] | plant matter [ENVO:01001121]	True	True	exact	0	plant matter [ENVO:01001121]				1.0	0.85	True
publication+supplements	supplement	nmdc:bsm-11-ne98nc20	env_broad_scale	terrestrial biome [ENVO:00000446]	Terrestrial Biome [ENVO:00000446]	True	True	exact	0	Terrestrial Biome [ENVO:00000446]				1.0	0.85	True
publication+supplements	supplement	nmdc:bsm-11-ne98nc20	env_local_scale	area of cropland [ENVO:01000892]	Area of cropland [ENVO:01000892]	True	True	exact	0	Area of cropland [ENVO:01000892]				1.0	0.85	True
publication+supplements	supplement	nmdc:bsm-11-ne98nc20	env_medium	plant matter [ENVO:01001121]	agricultural soil [ENVO:00002259] | plant matter [ENVO:01001121]	True	True	exact	0	plant matter [ENVO:01001121]				1.0	0.85	True
publication+supplements	supplement	nmdc:bsm-11-nkmbv371	env_broad_scale	terrestrial biome [ENVO:00000446]	Terrestrial Biome [ENVO:00000446]	True	True	exact	0	Terrestrial Biome [ENVO:00000446]				1.0	0.85	True
publication+supplements	supplement	nmdc:bsm-11-nkmbv371	env_local_scale	area of cropland [ENVO:01000892]	Area of cropland [ENVO:01000892]	True	True	exact	0	Area of cropland [ENVO:01000892]				1.0	0.85	True
publication+supplements	supplement	nmdc:bsm-11-nkmbv371	env_medium	plant matter [ENVO:01001121]	agricultural soil [ENVO:00002259] | plant matter [ENVO:01001121]	True	True	exact	0	plant matter [ENVO:01001121]				1.0	0.85	True
publication+supplements	supplement	nmdc:bsm-11-cw4dzz42	env_broad_scale	terrestrial biome [ENVO:00000446]	Terrestrial Biome [ENVO:00000446]	True	True	exact	0	Terrestrial Biome [ENVO:00000446]				1.0	0.85	True
publication+supplements	supplement	nmdc:bsm-11-cw4dzz42	env_local_scale	area of cropland [ENVO:01000892]	Area of cropland [ENVO:01000892]	True	True	exact	0	Area of cropland [ENVO:01000892]				1.0	0.85	True
publication+supplements	supplement	nmdc:bsm-11-cw4dzz42	env_medium	plant matter [ENVO:01001121]	agricultural soil [ENVO:00002259] | plant matter [ENVO:01001121]	True	True	exact	0	plant matter [ENVO:01001121]				1.0	0.85	True
publication+supplements	supplement	nmdc:bsm-11-50a9ap27	env_broad_scale	terrestrial biome [ENVO:00000446]	Terrestrial Biome [ENVO:00000446]	True	True	exact	0	Terrestrial Biome [ENVO:00000446]				1.0	0.85	True
publication+supplements	supplement	nmdc:bsm-11-50a9ap27	env_local_scale	area of cropland [ENVO:01000892]	Area of cropland [ENVO:01000892]	True	True	exact	0	Area of cropland [ENVO:01000892]				1.0	0.85	True
publication+supplements	supplement	nmdc:bsm-11-50a9ap27	env_medium	plant matter [ENVO:01001121]	agricultural soil [ENVO:00002259] | plant matter [ENVO:01001121]	True	True	exact	0	plant matter [ENVO:01001121]				1.0	0.85	True
publication+supplements	supplement	nmdc:bsm-11-07nqms41	env_broad_scale	terrestrial biome [ENVO:00000446]	Terrestrial Biome [ENVO:00000446]	True	True	exact	0	Terrestrial Biome [ENVO:00000446]				1.0	0.85	True
publication+supplements	supplement	nmdc:bsm-11-07nqms41	env_local_scale	area of cropland [ENVO:01000892]	Area of cropland [ENVO:01000892]	True	True	exact	0	Area of cropland [ENVO:01000892]				1.0	0.85	True
publication+supplements	supplement	nmdc:bsm-11-07nqms41	env_medium	plant matter [ENVO:01001121]	agricultural soil [ENVO:00002259] | plant matter [ENVO:01001121]	True	True	exact	0	plant matter [ENVO:01001121]				1.0	0.85	True
publication+supplements	supplement	nmdc:bsm-11-z3vym146	env_broad_scale	terrestrial biome [ENVO:00000446]	Terrestrial Biome [ENVO:00000446]	True	True	exact	0	Terrestrial Biome [ENVO:00000446]				1.0	0.85	True
publication+supplements	supplement	nmdc:bsm-11-z3vym146	env_local_scale	area of cropland [ENVO:01000892]	Area of cropland [ENVO:01000892]	True	True	exact	0	Area of cropland [ENVO:01000892]				1.0	0.85	True
publication+supplements	supplement	nmdc:bsm-11-z3vym146	env_medium	plant matter [ENVO:01001121]	agricultural soil [ENVO:00002259] | plant matter [ENVO:01001121]	True	True	exact	0	plant matter [ENVO:01001121]				1.0	0.85	True
publication+supplements	supplement	nmdc:bsm-11-99t4fx92	env_broad_scale	terrestrial biome [ENVO:00000446]	Terrestrial Biome [ENVO:00000446]	True	True	exact	0	Terrestrial Biome [ENVO:00000446]				1.0	0.85	True
publication+supplements	supplement	nmdc:bsm-11-99t4fx92	env_local_scale	area of cropland [ENVO:01000892]	Area of cropland [ENVO:01000892]	True	True	exact	0	Area of cropland [ENVO:01000892]				1.0	0.85	True
publication+supplements	supplement	nmdc:bsm-11-99t4fx92	env_medium	plant matter [ENVO:01001121]	agricultural soil [ENVO:00002259] | plant matter [ENVO:01001121]	True	True	exact	0	plant matter [ENVO:01001121]				1.0	0.85	True
publication+supplements	supplement	nmdc:bsm-11-0rtyy508	env_broad_scale	terrestrial biome [ENVO:00000446]	Terrestrial Biome [ENVO:00000446]	True	True	exact	0	Terrestrial Biome [ENVO:00000446]				1.0	0.85	True
publication+supplements	supplement	nmdc:bsm-11-0rtyy508	env_local_scale	area of cropland [ENVO:01000892]	Area of cropland [ENVO:01000892]	True	True	exact	0	Area of cropland [ENVO:01000892]				1.0	0.85	True
publication+supplements	supplement	nmdc:bsm-11-0rtyy508	env_medium	plant matter [ENVO:01001121]	agricultural soil [ENVO:00002259] | plant matter [ENVO:01001121]	True	True	exact	0	plant matter [ENVO:01001121]				1.0	0.85	True
publication+supplements	supplement	nmdc:bsm-11-se116p22	env_broad_scale	terrestrial biome [ENVO:00000446]	Terrestrial Biome [ENVO:00000446]	True	True	exact	0	Terrestrial Biome [ENVO:00000446]				1.0	0.85	True
publication+supplements	supplement	nmdc:bsm-11-se116p22	env_local_scale	area of cropland [ENVO:01000892]	Area of cropland [ENVO:01000892]	True	True	exact	0	Area of cropland [ENVO:01000892]				1.0	0.85	True
publication+supplements	supplement	nmdc:bsm-11-se116p22	env_medium	plant matter [ENVO:01001121]	agricultural soil [ENVO:00002259] | plant matter [ENVO:01001121]	True	True	exact	0	plant matter [ENVO:01001121]				1.0	0.85	True
publication+supplements	supplement	nmdc:bsm-11-ekesct69	env_broad_scale	terrestrial biome [ENVO:00000446]	Terrestrial Biome [ENVO:00000446]	True	True	exact	0	Terrestrial Biome [ENVO:00000446]				1.0	0.85	True
publication+supplements	supplement	nmdc:bsm-11-ekesct69	env_local_scale	area of cropland [ENVO:01000892]	Area of cropland [ENVO:01000892]	True	True	exact	0	Area of cropland [ENVO:01000892]				1.0	0.85	True
publication+supplements	supplement	nmdc:bsm-11-ekesct69	env_medium	plant matter [ENVO:01001121]	agricultural soil [ENVO:00002259] | plant matter [ENVO:01001121]	True	True	exact	0	plant matter [ENVO:01001121]				1.0	0.85	True
publication+supplements	supplement	nmdc:bsm-11-3qbt0v77	env_broad_scale	terrestrial biome [ENVO:00000446]	Terrestrial Biome [ENVO:00000446]	True	True	exact	0	Terrestrial Biome [ENVO:00000446]				1.0	0.85	True
publication+supplements	supplement	nmdc:bsm-11-3qbt0v77	env_local_scale	area of cropland [ENVO:01000892]	Area of cropland [ENVO:01000892]	True	True	exact	0	Area of cropland [ENVO:01000892]				1.0	0.85	True
publication+supplements	supplement	nmdc:bsm-11-3qbt0v77	env_medium	plant matter [ENVO:01001121]	agricultural soil [ENVO:00002259] | plant matter [ENVO:01001121]	True	True	exact	0	plant matter [ENVO:01001121]				1.0	0.85	True
publication+supplements	supplement	nmdc:bsm-11-gtvw7q78	env_broad_scale	terrestrial biome [ENVO:00000446]	Terrestrial Biome [ENVO:00000446]	True	True	exact	0	Terrestrial Biome [ENVO:00000446]				1.0	0.85	True
publication+supplements	supplement	nmdc:bsm-11-gtvw7q78	env_local_scale	area of cropland [ENVO:01000892]	Area of cropland [ENVO:01000892]	True	True	exact	0	Area of cropland [ENVO:01000892]				1.0	0.85	True
publication+supplements	supplement	nmdc:bsm-11-gtvw7q78	env_medium	plant matter [ENVO:01001121]	agricultural soil [ENVO:00002259] | plant matter [ENVO:01001121]	True	True	exact	0	plant matter [ENVO:01001121]				1.0	0.85	True
publication+supplements	supplement	nmdc:bsm-11-7sftem25	env_broad_scale	terrestrial biome [ENVO:00000446]	Terrestrial Biome [ENVO:00000446]	True	True	exact	0	Terrestrial Biome [ENVO:00000446]				1.0	0.85	True
publication+supplements	supplement	nmdc:bsm-11-7sftem25	env_local_scale	area of cropland [ENVO:01000892]	Area of cropland [ENVO:01000892]	True	True	exact	0	Area of cropland [ENVO:01000892]				1.0	0.85	True
publication+supplements	supplement	nmdc:bsm-11-7sftem25	env_medium	plant matter [ENVO:01001121]	agricultural soil [ENVO:00002259] | plant matter [ENVO:01001121]	True	True	exact	0	plant matter [ENVO:01001121]				1.0	0.85	True
publication+supplements	supplement	nmdc:bsm-11-8v10jf75	env_broad_scale	terrestrial biome [ENVO:00000446]	Terrestrial Biome [ENVO:00000446]	True	True	exact	0	Terrestrial Biome [ENVO:00000446]				1.0	0.85	True
publication+supplements	supplement	nmdc:bsm-11-8v10jf75	env_local_scale	area of cropland [ENVO:01000892]	Area of cropland [ENVO:01000892]	True	True	exact	0	Area of cropland [ENVO:01000892]				1.0	0.85	True
publication+supplements	supplement	nmdc:bsm-11-8v10jf75	env_medium	plant matter [ENVO:01001121]	agricultural soil [ENVO:00002259] | plant matter [ENVO:01001121]	True	True	exact	0	plant matter [ENVO:01001121]				1.0	0.85	True
publication+supplements	supplement	nmdc:bsm-11-0zn3g786	env_broad_scale	terrestrial biome [ENVO:00000446]	Terrestrial Biome [ENVO:00000446]	True	True	exact	0	Terrestrial Biome [ENVO:00000446]				1.0	0.85	True
publication+supplements	supplement	nmdc:bsm-11-0zn3g786	env_local_scale	area of cropland [ENVO:01000892]	Area of cropland [ENVO:01000892]	True	True	exact	0	Area of cropland [ENVO:01000892]				1.0	0.85	True
publication+supplements	supplement	nmdc:bsm-11-0zn3g786	env_medium	plant matter [ENVO:01001121]	agricultural soil [ENVO:00002259] | plant matter [ENVO:01001121]	True	True	exact	0	plant matter [ENVO:01001121]				1.0	0.85	True
publication+supplements	supplement	nmdc:bsm-11-yq8nqp52	env_broad_scale	terrestrial biome [ENVO:00000446]	Terrestrial Biome [ENVO:00000446]	True	True	exact	0	Terrestrial Biome [ENVO:00000446]				1.0	0.85	True
publication+supplements	supplement	nmdc:bsm-11-yq8nqp52	env_local_scale	area of cropland [ENVO:01000892]	Area of cropland [ENVO:01000892]	True	True	exact	0	Area of cropland [ENVO:01000892]				1.0	0.85	True
publication+supplements	supplement	nmdc:bsm-11-yq8nqp52	env_medium	plant matter [ENVO:01001121]	agricultural soil [ENVO:00002259] | plant matter [ENVO:01001121]	True	True	exact	0	plant matter [ENVO:01001121]				1.0	0.85	True
publication+supplements	supplement	nmdc:bsm-11-c7z6wr23	env_broad_scale	terrestrial biome [ENVO:00000446]	Terrestrial Biome [ENVO:00000446]	True	True	exact	0	Terrestrial Biome [ENVO:00000446]				1.0	0.85	True
publication+supplements	supplement	nmdc:bsm-11-c7z6wr23	env_local_scale	area of cropland [ENVO:01000892]	Area of cropland [ENVO:01000892]	True	True	exact	0	Area of cropland [ENVO:01000892]				1.0	0.85	True
publication+supplements	supplement	nmdc:bsm-11-c7z6wr23	env_medium	plant matter [ENVO:01001121]	agricultural soil [ENVO:00002259] | plant matter [ENVO:01001121]	True	True	exact	0	plant matter [ENVO:01001121]				1.0	0.85	True
publication+supplements	supplement	nmdc:bsm-11-fnd2xg72	env_broad_scale	terrestrial biome [ENVO:00000446]	Terrestrial Biome [ENVO:00000446]	True	True	exact	0	Terrestrial Biome [ENVO:00000446]				1.0	0.85	True
publication+supplements	supplement	nmdc:bsm-11-fnd2xg72	env_local_scale	area of cropland [ENVO:01000892]	Area of cropland [ENVO:01000892]	True	True	exact	0	Area of cropland [ENVO:01000892]				1.0	0.85	True
publication+supplements	supplement	nmdc:bsm-11-fnd2xg72	env_medium	plant matter [ENVO:01001121]	agricultural soil [ENVO:00002259] | plant matter [ENVO:01001121]	True	True	exact	0	plant matter [ENVO:01001121]				1.0	0.85	True
publication+supplements	supplement	nmdc:bsm-11-2xpd3w44	env_broad_scale	terrestrial biome [ENVO:00000446]	Terrestrial Biome [ENVO:00000446]	True	True	exact	0	Terrestrial Biome [ENVO:00000446]				1.0	0.85	True
publication+supplements	supplement	nmdc:bsm-11-2xpd3w44	env_local_scale	area of cropland [ENVO:01000892]	Area of cropland [ENVO:01000892]	True	True	exact	0	Area of cropland [ENVO:01000892]				1.0	0.85	True
publication+supplements	supplement	nmdc:bsm-11-2xpd3w44	env_medium	plant matter [ENVO:01001121]	agricultural soil [ENVO:00002259] | plant matter [ENVO:01001121]	True	True	exact	0	plant matter [ENVO:01001121]				1.0	0.85	True
publication+supplements	supplement	nmdc:bsm-11-7q4cjr78	env_broad_scale	terrestrial biome [ENVO:00000446]	Terrestrial Biome [ENVO:00000446]	True	True	exact	0	Terrestrial Biome [ENVO:00000446]				1.0	0.85	True
publication+supplements	supplement	nmdc:bsm-11-7q4cjr78	env_local_scale	area of cropland [ENVO:01000892]	Area of cropland [ENVO:01000892]	True	True	exact	0	Area of cropland [ENVO:01000892]				1.0	0.85	True
publication+supplements	supplement	nmdc:bsm-11-7q4cjr78	env_medium	plant matter [ENVO:01001121]	agricultural soil [ENVO:00002259] | plant matter [ENVO:01001121]	True	True	exact	0	plant matter [ENVO:01001121]				1.0	0.85	True
publication+supplements	supplement	nmdc:bsm-11-xcgsbp16	env_broad_scale	cropland biome [ENVO:01000245]	Terrestrial Biome [ENVO:00000446]	True	True	descendant	2	Terrestrial Biome [ENVO:00000446]				0.8	0.75	False
publication+supplements	supplement	nmdc:bsm-11-xcgsbp16	env_local_scale	area of cropland [ENVO:01000892]	Area of cropland [ENVO:01000892]	True	True	exact	0	Area of cropland [ENVO:01000892]				1.0	0.85	True
publication+supplements	supplement	nmdc:bsm-11-xcgsbp16	env_medium	leaf [PO:0025034]	agricultural soil [ENVO:00002259] | plant matter [ENVO:01001121]	True	True	unrelated		agricultural soil [ENVO:00002259]				0.0	0.35	False
publication+supplements	supplement	nmdc:bsm-11-s132mk31	env_broad_scale	cropland biome [ENVO:01000245]	Terrestrial Biome [ENVO:00000446]	True	True	descendant	2	Terrestrial Biome [ENVO:00000446]				0.8	0.75	False
publication+supplements	supplement	nmdc:bsm-11-s132mk31	env_local_scale	area of cropland [ENVO:01000892]	Area of cropland [ENVO:01000892]	True	True	exact	0	Area of cropland [ENVO:01000892]				1.0	0.85	True
publication+supplements	supplement	nmdc:bsm-11-s132mk31	env_medium	leaf [PO:0025034]	agricultural soil [ENVO:00002259] | plant matter [ENVO:01001121]	True	True	unrelated		agricultural soil [ENVO:00002259]				0.0	0.35	False
publication+supplements	supplement	nmdc:bsm-11-hk7feq79	env_broad_scale	cropland biome [ENVO:01000245]	Terrestrial Biome [ENVO:00000446]	True	True	descendant	2	Terrestrial Biome [ENVO:00000446]				0.8	0.75	False
publication+supplements	supplement	nmdc:bsm-11-hk7feq79	env_local_scale	area of cropland [ENVO:01000892]	Area of cropland [ENVO:01000892]	True	True	exact	0	Area of cropland [ENVO:01000892]				1.0	0.85	True
publication+supplements	supplement	nmdc:bsm-11-hk7feq79	env_medium	leaf [PO:0025034]	agricultural soil [ENVO:00002259] | plant matter [ENVO:01001121]	True	True	unrelated		agricultural soil [ENVO:00002259]				0.0	0.35	False
publication+supplements	supplement	nmdc:bsm-11-80gna819	env_broad_scale	cropland biome [ENVO:01000245]	Terrestrial Biome [ENVO:00000446]	True	True	descendant	2	Terrestrial Biome [ENVO:00000446]				0.8	0.75	False
publication+supplements	supplement	nmdc:bsm-11-80gna819	env_local_scale	area of cropland [ENVO:01000892]	Area of cropland [ENVO:01000892]	True	True	exact	0	Area of cropland [ENVO:01000892]				1.0	0.85	True
publication+supplements	supplement	nmdc:bsm-11-80gna819	env_medium	leaf [PO:0025034]	agricultural soil [ENVO:00002259] | plant matter [ENVO:01001121]	True	True	unrelated		agricultural soil [ENVO:00002259]				0.0	0.35	False
publication+supplements	supplement	nmdc:bsm-11-rqsqhy95	env_broad_scale	cropland biome [ENVO:01000245]	Terrestrial Biome [ENVO:00000446]	True	True	descendant	2	Terrestrial Biome [ENVO:00000446]				0.8	0.75	False
publication+supplements	supplement	nmdc:bsm-11-rqsqhy95	env_local_scale	area of cropland [ENVO:01000892]	Area of cropland [ENVO:01000892]	True	True	exact	0	Area of cropland [ENVO:01000892]				1.0	0.85	True
publication+supplements	supplement	nmdc:bsm-11-rqsqhy95	env_medium	leaf [PO:0025034]	agricultural soil [ENVO:00002259] | plant matter [ENVO:01001121]	True	True	unrelated		agricultural soil [ENVO:00002259]				0.0	0.35	False
publication+supplements	supplement	nmdc:bsm-11-x86cew87	env_broad_scale	cropland biome [ENVO:01000245]	Terrestrial Biome [ENVO:00000446]	True	True	descendant	2	Terrestrial Biome [ENVO:00000446]				0.8	0.75	False
publication+supplements	supplement	nmdc:bsm-11-x86cew87	env_local_scale	area of cropland [ENVO:01000892]	Area of cropland [ENVO:01000892]	True	True	exact	0	Area of cropland [ENVO:01000892]				1.0	0.85	True
publication+supplements	supplement	nmdc:bsm-11-x86cew87	env_medium	leaf [PO:0025034]	agricultural soil [ENVO:00002259] | plant matter [ENVO:01001121]	True	True	unrelated		agricultural soil [ENVO:00002259]				0.0	0.35	False
publication+supplements	supplement	nmdc:bsm-11-9gjpzm56	env_broad_scale	cropland biome [ENVO:01000245]	Terrestrial Biome [ENVO:00000446]	True	True	descendant	2	Terrestrial Biome [ENVO:00000446]				0.8	0.75	False
publication+supplements	supplement	nmdc:bsm-11-9gjpzm56	env_local_scale	area of cropland [ENVO:01000892]	Area of cropland [ENVO:01000892]	True	True	exact	0	Area of cropland [ENVO:01000892]				1.0	0.85	True
publication+supplements	supplement	nmdc:bsm-11-9gjpzm56	env_medium	leaf [PO:0025034]	agricultural soil [ENVO:00002259] | plant matter [ENVO:01001121]	True	True	unrelated		agricultural soil [ENVO:00002259]				0.0	0.35	False
publication+supplements	supplement	nmdc:bsm-11-yt172e48	env_broad_scale	cropland biome [ENVO:01000245]	Terrestrial Biome [ENVO:00000446]	True	True	descendant	2	Terrestrial Biome [ENVO:00000446]				0.8	0.75	False
publication+supplements	supplement	nmdc:bsm-11-yt172e48	env_local_scale	area of cropland [ENVO:01000892]	Area of cropland [ENVO:01000892]	True	True	exact	0	Area of cropland [ENVO:01000892]				1.0	0.85	True
publication+supplements	supplement	nmdc:bsm-11-yt172e48	env_medium	leaf [PO:0025034]	agricultural soil [ENVO:00002259] | plant matter [ENVO:01001121]	True	True	unrelated		agricultural soil [ENVO:00002259]				0.0	0.35	False
publication+supplements	supplement	nmdc:bsm-11-56myw148	env_broad_scale	cropland biome [ENVO:01000245]	Terrestrial Biome [ENVO:00000446]	True	True	descendant	2	Terrestrial Biome [ENVO:00000446]				0.8	0.75	False
publication+supplements	supplement	nmdc:bsm-11-56myw148	env_local_scale	area of cropland [ENVO:01000892]	Area of cropland [ENVO:01000892]	True	True	exact	0	Area of cropland [ENVO:01000892]				1.0	0.85	True
publication+supplements	supplement	nmdc:bsm-11-56myw148	env_medium	leaf [PO:0025034]	agricultural soil [ENVO:00002259] | plant matter [ENVO:01001121]	True	True	unrelated		agricultural soil [ENVO:00002259]				0.0	0.35	False
publication+supplements	supplement	nmdc:bsm-11-c3yz0m49	env_broad_scale	cropland biome [ENVO:01000245]	Terrestrial Biome [ENVO:00000446]	True	True	descendant	2	Terrestrial Biome [ENVO:00000446]				0.8	0.75	False
publication+supplements	supplement	nmdc:bsm-11-c3yz0m49	env_local_scale	area of cropland [ENVO:01000892]	Area of cropland [ENVO:01000892]	True	True	exact	0	Area of cropland [ENVO:01000892]				1.0	0.85	True
publication+supplements	supplement	nmdc:bsm-11-c3yz0m49	env_medium	leaf [PO:0025034]	agricultural soil [ENVO:00002259] | plant matter [ENVO:01001121]	True	True	unrelated		agricultural soil [ENVO:00002259]				0.0	0.35	False
publication+supplements	supplement	nmdc:bsm-11-vhshew32	env_broad_scale	cropland biome [ENVO:01000245]	Terrestrial Biome [ENVO:00000446]	True	True	descendant	2	Terrestrial Biome [ENVO:00000446]				0.8	0.75	False
publication+supplements	supplement	nmdc:bsm-11-vhshew32	env_local_scale	area of cropland [ENVO:01000892]	Area of cropland [ENVO:01000892]	True	True	exact	0	Area of cropland [ENVO:01000892]				1.0	0.85	True
publication+supplements	supplement	nmdc:bsm-11-vhshew32	env_medium	leaf [PO:0025034]	agricultural soil [ENVO:00002259] | plant matter [ENVO:01001121]	True	True	unrelated		agricultural soil [ENVO:00002259]				0.0	0.35	False
publication+supplements	supplement	nmdc:bsm-11-8zmfw691	env_broad_scale	cropland biome [ENVO:01000245]	Terrestrial Biome [ENVO:00000446]	True	True	descendant	2	Terrestrial Biome [ENVO:00000446]				0.8	0.75	False
publication+supplements	supplement	nmdc:bsm-11-8zmfw691	env_local_scale	area of cropland [ENVO:01000892]	Area of cropland [ENVO:01000892]	True	True	exact	0	Area of cropland [ENVO:01000892]				1.0	0.85	True
publication+supplements	supplement	nmdc:bsm-11-8zmfw691	env_medium	leaf [PO:0025034]	agricultural soil [ENVO:00002259] | plant matter [ENVO:01001121]	True	True	unrelated		agricultural soil [ENVO:00002259]				0.0	0.35	False
publication+supplements	supplement	nmdc:bsm-11-4ycxmk54	env_broad_scale	cropland biome [ENVO:01000245]	Terrestrial Biome [ENVO:00000446]	True	True	descendant	2	Terrestrial Biome [ENVO:00000446]				0.8	0.75	False
publication+supplements	supplement	nmdc:bsm-11-4ycxmk54	env_local_scale	area of cropland [ENVO:01000892]	Area of cropland [ENVO:01000892]	True	True	exact	0	Area of cropland [ENVO:01000892]				1.0	0.85	True
publication+supplements	supplement	nmdc:bsm-11-4ycxmk54	env_medium	leaf [PO:0025034]	agricultural soil [ENVO:00002259] | plant matter [ENVO:01001121]	True	True	unrelated		agricultural soil [ENVO:00002259]				0.0	0.35	False
publication+supplements	supplement	nmdc:bsm-11-zk747f22	env_broad_scale	cropland biome [ENVO:01000245]	Terrestrial Biome [ENVO:00000446]	True	True	descendant	2	Terrestrial Biome [ENVO:00000446]				0.8	0.75	False
publication+supplements	supplement	nmdc:bsm-11-zk747f22	env_local_scale	area of cropland [ENVO:01000892]	Area of cropland [ENVO:01000892]	True	True	exact	0	Area of cropland [ENVO:01000892]				1.0	0.85	True
publication+supplements	supplement	nmdc:bsm-11-zk747f22	env_medium	leaf [PO:0025034]	agricultural soil [ENVO:00002259] | plant matter [ENVO:01001121]	True	True	unrelated		agricultural soil [ENVO:00002259]				0.0	0.35	False
publication+supplements	supplement	nmdc:bsm-11-e1rzv830	env_broad_scale	cropland biome [ENVO:01000245]	Terrestrial Biome [ENVO:00000446]	True	True	descendant	2	Terrestrial Biome [ENVO:00000446]				0.8	0.75	False
publication+supplements	supplement	nmdc:bsm-11-e1rzv830	env_local_scale	area of cropland [ENVO:01000892]	Area of cropland [ENVO:01000892]	True	True	exact	0	Area of cropland [ENVO:01000892]				1.0	0.85	True
publication+supplements	supplement	nmdc:bsm-11-e1rzv830	env_medium	leaf [PO:0025034]	agricultural soil [ENVO:00002259] | plant matter [ENVO:01001121]	True	True	unrelated		agricultural soil [ENVO:00002259]				0.0	0.35	False
publication+supplements	supplement	nmdc:bsm-11-jbygv324	env_broad_scale	cropland biome [ENVO:01000245]	Terrestrial Biome [ENVO:00000446]	True	True	descendant	2	Terrestrial Biome [ENVO:00000446]				0.8	0.75	False
publication+supplements	supplement	nmdc:bsm-11-jbygv324	env_local_scale	area of cropland [ENVO:01000892]	Area of cropland [ENVO:01000892]	True	True	exact	0	Area of cropland [ENVO:01000892]				1.0	0.85	True
publication+supplements	supplement	nmdc:bsm-11-jbygv324	env_medium	leaf [PO:0025034]	agricultural soil [ENVO:00002259] | plant matter [ENVO:01001121]	True	True	unrelated		agricultural soil [ENVO:00002259]				0.0	0.35	False
publication+supplements	supplement	nmdc:bsm-11-n8bk1992	env_broad_scale	cropland biome [ENVO:01000245]	Terrestrial Biome [ENVO:00000446]	True	True	descendant	2	Terrestrial Biome [ENVO:00000446]				0.8	0.75	False
publication+supplements	supplement	nmdc:bsm-11-n8bk1992	env_local_scale	area of cropland [ENVO:01000892]	Area of cropland [ENVO:01000892]	True	True	exact	0	Area of cropland [ENVO:01000892]				1.0	0.85	True
publication+supplements	supplement	nmdc:bsm-11-n8bk1992	env_medium	leaf [PO:0025034]	agricultural soil [ENVO:00002259] | plant matter [ENVO:01001121]	True	True	unrelated		agricultural soil [ENVO:00002259]				0.0	0.35	False
publication+supplements	supplement	nmdc:bsm-11-kbn39574	env_broad_scale	cropland biome [ENVO:01000245]	Terrestrial Biome [ENVO:00000446]	True	True	descendant	2	Terrestrial Biome [ENVO:00000446]				0.8	0.75	False
publication+supplements	supplement	nmdc:bsm-11-kbn39574	env_local_scale	area of cropland [ENVO:01000892]	Area of cropland [ENVO:01000892]	True	True	exact	0	Area of cropland [ENVO:01000892]				1.0	0.85	True
publication+supplements	supplement	nmdc:bsm-11-kbn39574	env_medium	leaf [PO:0025034]	agricultural soil [ENVO:00002259] | plant matter [ENVO:01001121]	True	True	unrelated		agricultural soil [ENVO:00002259]				0.0	0.35	False
publication+supplements	supplement	nmdc:bsm-11-qwcedw78	env_broad_scale	cropland biome [ENVO:01000245]	Terrestrial Biome [ENVO:00000446]	True	True	descendant	2	Terrestrial Biome [ENVO:00000446]				0.8	0.75	False
publication+supplements	supplement	nmdc:bsm-11-qwcedw78	env_local_scale	area of cropland [ENVO:01000892]	Area of cropland [ENVO:01000892]	True	True	exact	0	Area of cropland [ENVO:01000892]				1.0	0.85	True
publication+supplements	supplement	nmdc:bsm-11-qwcedw78	env_medium	leaf [PO:0025034]	agricultural soil [ENVO:00002259] | plant matter [ENVO:01001121]	True	True	unrelated		agricultural soil [ENVO:00002259]				0.0	0.35	False
publication+supplements	supplement	nmdc:bsm-11-8x5nva78	env_broad_scale	cropland biome [ENVO:01000245]	Terrestrial Biome [ENVO:00000446]	True	True	descendant	2	Terrestrial Biome [ENVO:00000446]				0.8	0.75	False
publication+supplements	supplement	nmdc:bsm-11-8x5nva78	env_local_scale	area of cropland [ENVO:01000892]	Area of cropland [ENVO:01000892]	True	True	exact	0	Area of cropland [ENVO:01000892]				1.0	0.85	True
publication+supplements	supplement	nmdc:bsm-11-8x5nva78	env_medium	leaf [PO:0025034]	agricultural soil [ENVO:00002259] | plant matter [ENVO:01001121]	True	True	unrelated		agricultural soil [ENVO:00002259]				0.0	0.35	False
publication+supplements	supplement	nmdc:bsm-11-006pnx90	env_broad_scale	cropland biome [ENVO:01000245]	Terrestrial Biome [ENVO:00000446]	True	True	descendant	2	Terrestrial Biome [ENVO:00000446]				0.8	0.75	False
publication+supplements	supplement	nmdc:bsm-11-006pnx90	env_local_scale	area of cropland [ENVO:01000892]	Area of cropland [ENVO:01000892]	True	True	exact	0	Area of cropland [ENVO:01000892]				1.0	0.85	True
publication+supplements	supplement	nmdc:bsm-11-006pnx90	env_medium	leaf [PO:0025034]	agricultural soil [ENVO:00002259] | plant matter [ENVO:01001121]	True	True	unrelated		agricultural soil [ENVO:00002259]				0.0	0.35	False
publication+supplements	supplement	nmdc:bsm-11-525ft480	env_broad_scale	cropland biome [ENVO:01000245]	Terrestrial Biome [ENVO:00000446]	True	True	descendant	2	Terrestrial Biome [ENVO:00000446]				0.8	0.75	False
publication+supplements	supplement	nmdc:bsm-11-525ft480	env_local_scale	area of cropland [ENVO:01000892]	Area of cropland [ENVO:01000892]	True	True	exact	0	Area of cropland [ENVO:01000892]				1.0	0.85	True
publication+supplements	supplement	nmdc:bsm-11-525ft480	env_medium	leaf [PO:0025034]	agricultural soil [ENVO:00002259] | plant matter [ENVO:01001121]	True	True	unrelated		agricultural soil [ENVO:00002259]				0.0	0.35	False
publication+supplements	supplement	nmdc:bsm-11-72s3j307	env_broad_scale	cropland biome [ENVO:01000245]	Terrestrial Biome [ENVO:00000446]	True	True	descendant	2	Terrestrial Biome [ENVO:00000446]				0.8	0.75	False
publication+supplements	supplement	nmdc:bsm-11-72s3j307	env_local_scale	area of cropland [ENVO:01000892]	Area of cropland [ENVO:01000892]	True	True	exact	0	Area of cropland [ENVO:01000892]				1.0	0.85	True
publication+supplements	supplement	nmdc:bsm-11-72s3j307	env_medium	leaf [PO:0025034]	agricultural soil [ENVO:00002259] | plant matter [ENVO:01001121]	True	True	unrelated		agricultural soil [ENVO:00002259]				0.0	0.35	False
publication+supplements	supplement	nmdc:bsm-11-ym6xky32	env_broad_scale	cropland biome [ENVO:01000245]	Terrestrial Biome [ENVO:00000446]	True	True	descendant	2	Terrestrial Biome [ENVO:00000446]				0.8	0.75	False
publication+supplements	supplement	nmdc:bsm-11-ym6xky32	env_local_scale	area of cropland [ENVO:01000892]	Area of cropland [ENVO:01000892]	True	True	exact	0	Area of cropland [ENVO:01000892]				1.0	0.85	True
publication+supplements	supplement	nmdc:bsm-11-ym6xky32	env_medium	leaf [PO:0025034]	agricultural soil [ENVO:00002259] | plant matter [ENVO:01001121]	True	True	unrelated		agricultural soil [ENVO:00002259]				0.0	0.35	False
publication+supplements	supplement	nmdc:bsm-11-d6zmmg26	env_broad_scale	cropland biome [ENVO:01000245]	Terrestrial Biome [ENVO:00000446]	True	True	descendant	2	Terrestrial Biome [ENVO:00000446]				0.8	0.75	False
publication+supplements	supplement	nmdc:bsm-11-d6zmmg26	env_local_scale	area of cropland [ENVO:01000892]	Area of cropland [ENVO:01000892]	True	True	exact	0	Area of cropland [ENVO:01000892]				1.0	0.85	True
publication+supplements	supplement	nmdc:bsm-11-d6zmmg26	env_medium	leaf [PO:0025034]	agricultural soil [ENVO:00002259] | plant matter [ENVO:01001121]	True	True	unrelated		agricultural soil [ENVO:00002259]				0.0	0.35	False
publication+supplements	supplement	nmdc:bsm-11-gb5gqf77	env_broad_scale	terrestrial biome [ENVO:00000446]	Terrestrial Biome [ENVO:00000446]	True	True	exact	0	Terrestrial Biome [ENVO:00000446]				1.0	0.85	True
publication+supplements	supplement	nmdc:bsm-11-gb5gqf77	env_local_scale	area of cropland [ENVO:01000892]	Area of cropland [ENVO:01000892]	True	True	exact	0	Area of cropland [ENVO:01000892]				1.0	0.85	True
publication+supplements	supplement	nmdc:bsm-11-gb5gqf77	env_medium	plant matter [ENVO:01001121]	agricultural soil [ENVO:00002259] | plant matter [ENVO:01001121]	True	True	exact	0	plant matter [ENVO:01001121]				1.0	0.85	True
publication+supplements	supplement	nmdc:bsm-11-q3b3py28	env_broad_scale	terrestrial biome [ENVO:00000446]	Terrestrial Biome [ENVO:00000446]	True	True	exact	0	Terrestrial Biome [ENVO:00000446]				1.0	0.85	True
publication+supplements	supplement	nmdc:bsm-11-q3b3py28	env_local_scale	area of cropland [ENVO:01000892]	Area of cropland [ENVO:01000892]	True	True	exact	0	Area of cropland [ENVO:01000892]				1.0	0.85	True
publication+supplements	supplement	nmdc:bsm-11-q3b3py28	env_medium	plant matter [ENVO:01001121]	agricultural soil [ENVO:00002259] | plant matter [ENVO:01001121]	True	True	exact	0	plant matter [ENVO:01001121]				1.0	0.85	True
publication+supplements	supplement	nmdc:bsm-11-c8p0qk16	env_broad_scale	terrestrial biome [ENVO:00000446]	Terrestrial Biome [ENVO:00000446]	True	True	exact	0	Terrestrial Biome [ENVO:00000446]				1.0	0.85	True
publication+supplements	supplement	nmdc:bsm-11-c8p0qk16	env_local_scale	area of cropland [ENVO:01000892]	Area of cropland [ENVO:01000892]	True	True	exact	0	Area of cropland [ENVO:01000892]				1.0	0.85	True
publication+supplements	supplement	nmdc:bsm-11-c8p0qk16	env_medium	plant matter [ENVO:01001121]	agricultural soil [ENVO:00002259] | plant matter [ENVO:01001121]	True	True	exact	0	plant matter [ENVO:01001121]				1.0	0.85	True
publication+supplements	supplement	nmdc:bsm-11-qbd0vv07	env_broad_scale	terrestrial biome [ENVO:00000446]	Terrestrial Biome [ENVO:00000446]	True	True	exact	0	Terrestrial Biome [ENVO:00000446]				1.0	0.85	True
publication+supplements	supplement	nmdc:bsm-11-qbd0vv07	env_local_scale	area of cropland [ENVO:01000892]	Area of cropland [ENVO:01000892]	True	True	exact	0	Area of cropland [ENVO:01000892]				1.0	0.85	True
publication+supplements	supplement	nmdc:bsm-11-qbd0vv07	env_medium	plant matter [ENVO:01001121]	agricultural soil [ENVO:00002259] | plant matter [ENVO:01001121]	True	True	exact	0	plant matter [ENVO:01001121]				1.0	0.85	True
publication+supplements	supplement	nmdc:bsm-11-1q90hg48	env_broad_scale	terrestrial biome [ENVO:00000446]	Terrestrial Biome [ENVO:00000446]	True	True	exact	0	Terrestrial Biome [ENVO:00000446]				1.0	0.85	True
publication+supplements	supplement	nmdc:bsm-11-1q90hg48	env_local_scale	area of cropland [ENVO:01000892]	Area of cropland [ENVO:01000892]	True	True	exact	0	Area of cropland [ENVO:01000892]				1.0	0.85	True
publication+supplements	supplement	nmdc:bsm-11-1q90hg48	env_medium	plant matter [ENVO:01001121]	agricultural soil [ENVO:00002259] | plant matter [ENVO:01001121]	True	True	exact	0	plant matter [ENVO:01001121]				1.0	0.85	True
publication+supplements	supplement	nmdc:bsm-11-sq6vgh17	env_broad_scale	terrestrial biome [ENVO:00000446]	Terrestrial Biome [ENVO:00000446]	True	True	exact	0	Terrestrial Biome [ENVO:00000446]				1.0	0.85	True
publication+supplements	supplement	nmdc:bsm-11-sq6vgh17	env_local_scale	area of cropland [ENVO:01000892]	Area of cropland [ENVO:01000892]	True	True	exact	0	Area of cropland [ENVO:01000892]				1.0	0.85	True
publication+supplements	supplement	nmdc:bsm-11-sq6vgh17	env_medium	plant matter [ENVO:01001121]	agricultural soil [ENVO:00002259] | plant matter [ENVO:01001121]	True	True	exact	0	plant matter [ENVO:01001121]				1.0	0.85	True
publication+supplements	supplement	nmdc:bsm-11-b6gr4t62	env_broad_scale	terrestrial biome [ENVO:00000446]	Terrestrial Biome [ENVO:00000446]	True	True	exact	0	Terrestrial Biome [ENVO:00000446]				1.0	0.85	True
publication+supplements	supplement	nmdc:bsm-11-b6gr4t62	env_local_scale	area of cropland [ENVO:01000892]	Area of cropland [ENVO:01000892]	True	True	exact	0	Area of cropland [ENVO:01000892]				1.0	0.85	True
publication+supplements	supplement	nmdc:bsm-11-b6gr4t62	env_medium	plant matter [ENVO:01001121]	agricultural soil [ENVO:00002259] | plant matter [ENVO:01001121]	True	True	exact	0	plant matter [ENVO:01001121]				1.0	0.85	True
publication+supplements	supplement	nmdc:bsm-11-djsfq929	env_broad_scale	terrestrial biome [ENVO:00000446]	Terrestrial Biome [ENVO:00000446]	True	True	exact	0	Terrestrial Biome [ENVO:00000446]				1.0	0.85	True
publication+supplements	supplement	nmdc:bsm-11-djsfq929	env_local_scale	area of cropland [ENVO:01000892]	Area of cropland [ENVO:01000892]	True	True	exact	0	Area of cropland [ENVO:01000892]				1.0	0.85	True
publication+supplements	supplement	nmdc:bsm-11-djsfq929	env_medium	plant matter [ENVO:01001121]	agricultural soil [ENVO:00002259] | plant matter [ENVO:01001121]	True	True	exact	0	plant matter [ENVO:01001121]				1.0	0.85	True
publication+supplements	supplement	nmdc:bsm-11-pnwb6r98	env_broad_scale	terrestrial biome [ENVO:00000446]	Terrestrial Biome [ENVO:00000446]	True	True	exact	0	Terrestrial Biome [ENVO:00000446]				1.0	0.85	True
publication+supplements	supplement	nmdc:bsm-11-pnwb6r98	env_local_scale	area of cropland [ENVO:01000892]	Area of cropland [ENVO:01000892]	True	True	exact	0	Area of cropland [ENVO:01000892]				1.0	0.85	True
publication+supplements	supplement	nmdc:bsm-11-pnwb6r98	env_medium	plant matter [ENVO:01001121]	agricultural soil [ENVO:00002259] | plant matter [ENVO:01001121]	True	True	exact	0	plant matter [ENVO:01001121]				1.0	0.85	True
publication+supplements	supplement	nmdc:bsm-11-bezk4q92	env_broad_scale	terrestrial biome [ENVO:00000446]	Terrestrial Biome [ENVO:00000446]	True	True	exact	0	Terrestrial Biome [ENVO:00000446]				1.0	0.85	True
publication+supplements	supplement	nmdc:bsm-11-bezk4q92	env_local_scale	area of cropland [ENVO:01000892]	Area of cropland [ENVO:01000892]	True	True	exact	0	Area of cropland [ENVO:01000892]				1.0	0.85	True
publication+supplements	supplement	nmdc:bsm-11-bezk4q92	env_medium	plant matter [ENVO:01001121]	agricultural soil [ENVO:00002259] | plant matter [ENVO:01001121]	True	True	exact	0	plant matter [ENVO:01001121]				1.0	0.85	True
publication+supplements	supplement	nmdc:bsm-11-1myy1191	env_broad_scale	terrestrial biome [ENVO:00000446]	Terrestrial Biome [ENVO:00000446]	True	True	exact	0	Terrestrial Biome [ENVO:00000446]				1.0	0.85	True
publication+supplements	supplement	nmdc:bsm-11-1myy1191	env_local_scale	area of cropland [ENVO:01000892]	Area of cropland [ENVO:01000892]	True	True	exact	0	Area of cropland [ENVO:01000892]				1.0	0.85	True
publication+supplements	supplement	nmdc:bsm-11-1myy1191	env_medium	plant matter [ENVO:01001121]	agricultural soil [ENVO:00002259] | plant matter [ENVO:01001121]	True	True	exact	0	plant matter [ENVO:01001121]				1.0	0.85	True
publication+supplements	supplement	nmdc:bsm-11-q1n3q598	env_broad_scale	terrestrial biome [ENVO:00000446]	Terrestrial Biome [ENVO:00000446]	True	True	exact	0	Terrestrial Biome [ENVO:00000446]				1.0	0.85	True
publication+supplements	supplement	nmdc:bsm-11-q1n3q598	env_local_scale	area of cropland [ENVO:01000892]	Area of cropland [ENVO:01000892]	True	True	exact	0	Area of cropland [ENVO:01000892]				1.0	0.85	True
publication+supplements	supplement	nmdc:bsm-11-q1n3q598	env_medium	plant matter [ENVO:01001121]	agricultural soil [ENVO:00002259] | plant matter [ENVO:01001121]	True	True	exact	0	plant matter [ENVO:01001121]				1.0	0.85	True
publication+supplements	supplement	nmdc:bsm-11-6xj63294	env_broad_scale	terrestrial biome [ENVO:00000446]	Terrestrial Biome [ENVO:00000446]	True	True	exact	0	Terrestrial Biome [ENVO:00000446]				1.0	0.85	True
publication+supplements	supplement	nmdc:bsm-11-6xj63294	env_local_scale	area of cropland [ENVO:01000892]	Area of cropland [ENVO:01000892]	True	True	exact	0	Area of cropland [ENVO:01000892]				1.0	0.85	True
publication+supplements	supplement	nmdc:bsm-11-6xj63294	env_medium	plant matter [ENVO:01001121]	agricultural soil [ENVO:00002259] | plant matter [ENVO:01001121]	True	True	exact	0	plant matter [ENVO:01001121]				1.0	0.85	True
publication+supplements	supplement	nmdc:bsm-11-4yam4475	env_broad_scale	terrestrial biome [ENVO:00000446]	Terrestrial Biome [ENVO:00000446]	True	True	exact	0	Terrestrial Biome [ENVO:00000446]				1.0	0.85	True
publication+supplements	supplement	nmdc:bsm-11-4yam4475	env_local_scale	area of cropland [ENVO:01000892]	Area of cropland [ENVO:01000892]	True	True	exact	0	Area of cropland [ENVO:01000892]				1.0	0.85	True
publication+supplements	supplement	nmdc:bsm-11-4yam4475	env_medium	plant matter [ENVO:01001121]	agricultural soil [ENVO:00002259] | plant matter [ENVO:01001121]	True	True	exact	0	plant matter [ENVO:01001121]				1.0	0.85	True
publication+supplements	supplement	nmdc:bsm-11-ashcsv81	env_broad_scale	terrestrial biome [ENVO:00000446]	Terrestrial Biome [ENVO:00000446]	True	True	exact	0	Terrestrial Biome [ENVO:00000446]				1.0	0.85	True
publication+supplements	supplement	nmdc:bsm-11-ashcsv81	env_local_scale	area of cropland [ENVO:01000892]	Area of cropland [ENVO:01000892]	True	True	exact	0	Area of cropland [ENVO:01000892]				1.0	0.85	True
publication+supplements	supplement	nmdc:bsm-11-ashcsv81	env_medium	plant matter [ENVO:01001121]	agricultural soil [ENVO:00002259] | plant matter [ENVO:01001121]	True	True	exact	0	plant matter [ENVO:01001121]				1.0	0.85	True
publication+supplements	supplement	nmdc:bsm-11-0xajtb06	env_broad_scale	terrestrial biome [ENVO:00000446]	Terrestrial Biome [ENVO:00000446]	True	True	exact	0	Terrestrial Biome [ENVO:00000446]				1.0	0.85	True
publication+supplements	supplement	nmdc:bsm-11-0xajtb06	env_local_scale	area of cropland [ENVO:01000892]	Area of cropland [ENVO:01000892]	True	True	exact	0	Area of cropland [ENVO:01000892]				1.0	0.85	True
publication+supplements	supplement	nmdc:bsm-11-0xajtb06	env_medium	plant matter [ENVO:01001121]	agricultural soil [ENVO:00002259] | plant matter [ENVO:01001121]	True	True	exact	0	plant matter [ENVO:01001121]				1.0	0.85	True
publication+supplements	supplement	nmdc:bsm-11-d0mgn431	env_broad_scale	terrestrial biome [ENVO:00000446]	Terrestrial Biome [ENVO:00000446]	True	True	exact	0	Terrestrial Biome [ENVO:00000446]				1.0	0.85	True
publication+supplements	supplement	nmdc:bsm-11-d0mgn431	env_local_scale	area of cropland [ENVO:01000892]	Area of cropland [ENVO:01000892]	True	True	exact	0	Area of cropland [ENVO:01000892]				1.0	0.85	True
publication+supplements	supplement	nmdc:bsm-11-d0mgn431	env_medium	plant matter [ENVO:01001121]	agricultural soil [ENVO:00002259] | plant matter [ENVO:01001121]	True	True	exact	0	plant matter [ENVO:01001121]				1.0	0.85	True
publication+supplements	supplement	nmdc:bsm-11-p6ynvx26	env_broad_scale	terrestrial biome [ENVO:00000446]	Terrestrial Biome [ENVO:00000446]	True	True	exact	0	Terrestrial Biome [ENVO:00000446]				1.0	0.85	True
publication+supplements	supplement	nmdc:bsm-11-p6ynvx26	env_local_scale	area of cropland [ENVO:01000892]	Area of cropland [ENVO:01000892]	True	True	exact	0	Area of cropland [ENVO:01000892]				1.0	0.85	True
publication+supplements	supplement	nmdc:bsm-11-p6ynvx26	env_medium	plant matter [ENVO:01001121]	agricultural soil [ENVO:00002259] | plant matter [ENVO:01001121]	True	True	exact	0	plant matter [ENVO:01001121]				1.0	0.85	True
publication+supplements	supplement	nmdc:bsm-11-hyh58649	env_broad_scale	terrestrial biome [ENVO:00000446]	Terrestrial Biome [ENVO:00000446]	True	True	exact	0	Terrestrial Biome [ENVO:00000446]				1.0	0.85	True
publication+supplements	supplement	nmdc:bsm-11-hyh58649	env_local_scale	area of cropland [ENVO:01000892]	Area of cropland [ENVO:01000892]	True	True	exact	0	Area of cropland [ENVO:01000892]				1.0	0.85	True
publication+supplements	supplement	nmdc:bsm-11-hyh58649	env_medium	plant matter [ENVO:01001121]	agricultural soil [ENVO:00002259] | plant matter [ENVO:01001121]	True	True	exact	0	plant matter [ENVO:01001121]				1.0	0.85	True
publication+supplements	supplement	nmdc:bsm-11-axm9cz50	env_broad_scale	terrestrial biome [ENVO:00000446]	Terrestrial Biome [ENVO:00000446]	True	True	exact	0	Terrestrial Biome [ENVO:00000446]				1.0	0.85	True
publication+supplements	supplement	nmdc:bsm-11-axm9cz50	env_local_scale	area of cropland [ENVO:01000892]	Area of cropland [ENVO:01000892]	True	True	exact	0	Area of cropland [ENVO:01000892]				1.0	0.85	True
publication+supplements	supplement	nmdc:bsm-11-axm9cz50	env_medium	plant matter [ENVO:01001121]	agricultural soil [ENVO:00002259] | plant matter [ENVO:01001121]	True	True	exact	0	plant matter [ENVO:01001121]				1.0	0.85	True
publication+supplements	supplement	nmdc:bsm-11-y5c85m67	env_broad_scale	terrestrial biome [ENVO:00000446]	Terrestrial Biome [ENVO:00000446]	True	True	exact	0	Terrestrial Biome [ENVO:00000446]				1.0	0.85	True
publication+supplements	supplement	nmdc:bsm-11-y5c85m67	env_local_scale	area of cropland [ENVO:01000892]	Area of cropland [ENVO:01000892]	True	True	exact	0	Area of cropland [ENVO:01000892]				1.0	0.85	True
publication+supplements	supplement	nmdc:bsm-11-y5c85m67	env_medium	plant matter [ENVO:01001121]	agricultural soil [ENVO:00002259] | plant matter [ENVO:01001121]	True	True	exact	0	plant matter [ENVO:01001121]				1.0	0.85	True
publication+supplements	supplement	nmdc:bsm-11-w6q8zd96	env_broad_scale	terrestrial biome [ENVO:00000446]	Terrestrial Biome [ENVO:00000446]	True	True	exact	0	Terrestrial Biome [ENVO:00000446]				1.0	0.85	True
publication+supplements	supplement	nmdc:bsm-11-w6q8zd96	env_local_scale	area of cropland [ENVO:01000892]	Area of cropland [ENVO:01000892]	True	True	exact	0	Area of cropland [ENVO:01000892]				1.0	0.85	True
publication+supplements	supplement	nmdc:bsm-11-w6q8zd96	env_medium	plant matter [ENVO:01001121]	agricultural soil [ENVO:00002259] | plant matter [ENVO:01001121]	True	True	exact	0	plant matter [ENVO:01001121]				1.0	0.85	True
publication+supplements	supplement	nmdc:bsm-11-fbpnww48	env_broad_scale	terrestrial biome [ENVO:00000446]	Terrestrial Biome [ENVO:00000446]	True	True	exact	0	Terrestrial Biome [ENVO:00000446]				1.0	0.85	True
publication+supplements	supplement	nmdc:bsm-11-fbpnww48	env_local_scale	area of cropland [ENVO:01000892]	Area of cropland [ENVO:01000892]	True	True	exact	0	Area of cropland [ENVO:01000892]				1.0	0.85	True
publication+supplements	supplement	nmdc:bsm-11-fbpnww48	env_medium	plant matter [ENVO:01001121]	agricultural soil [ENVO:00002259] | plant matter [ENVO:01001121]	True	True	exact	0	plant matter [ENVO:01001121]				1.0	0.85	True
publication+supplements	supplement	nmdc:bsm-11-aapx7y71	env_broad_scale	terrestrial biome [ENVO:00000446]	Terrestrial Biome [ENVO:00000446]	True	True	exact	0	Terrestrial Biome [ENVO:00000446]				1.0	0.85	True
publication+supplements	supplement	nmdc:bsm-11-aapx7y71	env_local_scale	area of cropland [ENVO:01000892]	Area of cropland [ENVO:01000892]	True	True	exact	0	Area of cropland [ENVO:01000892]				1.0	0.85	True
publication+supplements	supplement	nmdc:bsm-11-aapx7y71	env_medium	plant matter [ENVO:01001121]	agricultural soil [ENVO:00002259] | plant matter [ENVO:01001121]	True	True	exact	0	plant matter [ENVO:01001121]				1.0	0.85	True
publication+supplements	supplement	nmdc:bsm-11-5q8cfe18	env_broad_scale	terrestrial biome [ENVO:00000446]	Terrestrial Biome [ENVO:00000446]	True	True	exact	0	Terrestrial Biome [ENVO:00000446]				1.0	0.85	True
publication+supplements	supplement	nmdc:bsm-11-5q8cfe18	env_local_scale	area of cropland [ENVO:01000892]	Area of cropland [ENVO:01000892]	True	True	exact	0	Area of cropland [ENVO:01000892]				1.0	0.85	True
publication+supplements	supplement	nmdc:bsm-11-5q8cfe18	env_medium	plant matter [ENVO:01001121]	agricultural soil [ENVO:00002259] | plant matter [ENVO:01001121]	True	True	exact	0	plant matter [ENVO:01001121]				1.0	0.85	True
publication+supplements	supplement	nmdc:bsm-11-9583y135	env_broad_scale	cropland biome [ENVO:01000245]	Terrestrial Biome [ENVO:00000446]	True	True	descendant	2	Terrestrial Biome [ENVO:00000446]				0.8	0.75	False
publication+supplements	supplement	nmdc:bsm-11-9583y135	env_local_scale	area of cropland [ENVO:01000892]	Area of cropland [ENVO:01000892]	True	True	exact	0	Area of cropland [ENVO:01000892]				1.0	0.85	True
publication+supplements	supplement	nmdc:bsm-11-9583y135	env_medium	leaf [PO:0025034]	agricultural soil [ENVO:00002259] | plant matter [ENVO:01001121]	True	True	unrelated		agricultural soil [ENVO:00002259]				0.0	0.35	False
publication+supplements	supplement	nmdc:bsm-11-qwwnvp34	env_broad_scale	cropland biome [ENVO:01000245]	Terrestrial Biome [ENVO:00000446]	True	True	descendant	2	Terrestrial Biome [ENVO:00000446]				0.8	0.75	False
publication+supplements	supplement	nmdc:bsm-11-qwwnvp34	env_local_scale	area of cropland [ENVO:01000892]	Area of cropland [ENVO:01000892]	True	True	exact	0	Area of cropland [ENVO:01000892]				1.0	0.85	True
publication+supplements	supplement	nmdc:bsm-11-qwwnvp34	env_medium	leaf [PO:0025034]	agricultural soil [ENVO:00002259] | plant matter [ENVO:01001121]	True	True	unrelated		agricultural soil [ENVO:00002259]				0.0	0.35	False
publication+supplements	supplement	nmdc:bsm-11-s0572744	env_broad_scale	cropland biome [ENVO:01000245]	Terrestrial Biome [ENVO:00000446]	True	True	descendant	2	Terrestrial Biome [ENVO:00000446]				0.8	0.75	False
publication+supplements	supplement	nmdc:bsm-11-s0572744	env_local_scale	area of cropland [ENVO:01000892]	Area of cropland [ENVO:01000892]	True	True	exact	0	Area of cropland [ENVO:01000892]				1.0	0.85	True
publication+supplements	supplement	nmdc:bsm-11-s0572744	env_medium	leaf [PO:0025034]	agricultural soil [ENVO:00002259] | plant matter [ENVO:01001121]	True	True	unrelated		agricultural soil [ENVO:00002259]				0.0	0.35	False
publication+supplements	supplement	nmdc:bsm-11-4kfspg06	env_broad_scale	cropland biome [ENVO:01000245]	Terrestrial Biome [ENVO:00000446]	True	True	descendant	2	Terrestrial Biome [ENVO:00000446]				0.8	0.75	False
publication+supplements	supplement	nmdc:bsm-11-4kfspg06	env_local_scale	area of cropland [ENVO:01000892]	Area of cropland [ENVO:01000892]	True	True	exact	0	Area of cropland [ENVO:01000892]				1.0	0.85	True
publication+supplements	supplement	nmdc:bsm-11-4kfspg06	env_medium	leaf [PO:0025034]	agricultural soil [ENVO:00002259] | plant matter [ENVO:01001121]	True	True	unrelated		agricultural soil [ENVO:00002259]				0.0	0.35	False
publication+supplements	supplement	nmdc:bsm-11-nxjqyp16	env_broad_scale	cropland biome [ENVO:01000245]	Terrestrial Biome [ENVO:00000446]	True	True	descendant	2	Terrestrial Biome [ENVO:00000446]				0.8	0.75	False
publication+supplements	supplement	nmdc:bsm-11-nxjqyp16	env_local_scale	area of cropland [ENVO:01000892]	Area of cropland [ENVO:01000892]	True	True	exact	0	Area of cropland [ENVO:01000892]				1.0	0.85	True
publication+supplements	supplement	nmdc:bsm-11-nxjqyp16	env_medium	leaf [PO:0025034]	agricultural soil [ENVO:00002259] | plant matter [ENVO:01001121]	True	True	unrelated		agricultural soil [ENVO:00002259]				0.0	0.35	False
publication+supplements	supplement	nmdc:bsm-11-s2505c63	env_broad_scale	cropland biome [ENVO:01000245]	Terrestrial Biome [ENVO:00000446]	True	True	descendant	2	Terrestrial Biome [ENVO:00000446]				0.8	0.75	False
publication+supplements	supplement	nmdc:bsm-11-s2505c63	env_local_scale	area of cropland [ENVO:01000892]	Area of cropland [ENVO:01000892]	True	True	exact	0	Area of cropland [ENVO:01000892]				1.0	0.85	True
publication+supplements	supplement	nmdc:bsm-11-s2505c63	env_medium	leaf [PO:0025034]	agricultural soil [ENVO:00002259] | plant matter [ENVO:01001121]	True	True	unrelated		agricultural soil [ENVO:00002259]				0.0	0.35	False
publication+supplements	supplement	nmdc:bsm-11-xzt7p588	env_broad_scale	cropland biome [ENVO:01000245]	Terrestrial Biome [ENVO:00000446]	True	True	descendant	2	Terrestrial Biome [ENVO:00000446]				0.8	0.75	False
publication+supplements	supplement	nmdc:bsm-11-xzt7p588	env_local_scale	area of cropland [ENVO:01000892]	Area of cropland [ENVO:01000892]	True	True	exact	0	Area of cropland [ENVO:01000892]				1.0	0.85	True
publication+supplements	supplement	nmdc:bsm-11-xzt7p588	env_medium	leaf [PO:0025034]	agricultural soil [ENVO:00002259] | plant matter [ENVO:01001121]	True	True	unrelated		agricultural soil [ENVO:00002259]				0.0	0.35	False
publication+supplements	supplement	nmdc:bsm-11-qx6p7k13	env_broad_scale	cropland biome [ENVO:01000245]	Terrestrial Biome [ENVO:00000446]	True	True	descendant	2	Terrestrial Biome [ENVO:00000446]				0.8	0.75	False
publication+supplements	supplement	nmdc:bsm-11-qx6p7k13	env_local_scale	area of cropland [ENVO:01000892]	Area of cropland [ENVO:01000892]	True	True	exact	0	Area of cropland [ENVO:01000892]				1.0	0.85	True
publication+supplements	supplement	nmdc:bsm-11-qx6p7k13	env_medium	leaf [PO:0025034]	agricultural soil [ENVO:00002259] | plant matter [ENVO:01001121]	True	True	unrelated		agricultural soil [ENVO:00002259]				0.0	0.35	False
publication+supplements	supplement	nmdc:bsm-11-e4szzv74	env_broad_scale	cropland biome [ENVO:01000245]	Terrestrial Biome [ENVO:00000446]	True	True	descendant	2	Terrestrial Biome [ENVO:00000446]				0.8	0.75	False
publication+supplements	supplement	nmdc:bsm-11-e4szzv74	env_local_scale	area of cropland [ENVO:01000892]	Area of cropland [ENVO:01000892]	True	True	exact	0	Area of cropland [ENVO:01000892]				1.0	0.85	True
publication+supplements	supplement	nmdc:bsm-11-e4szzv74	env_medium	leaf [PO:0025034]	agricultural soil [ENVO:00002259] | plant matter [ENVO:01001121]	True	True	unrelated		agricultural soil [ENVO:00002259]				0.0	0.35	False
publication+supplements	supplement	nmdc:bsm-11-k37j6x61	env_broad_scale	cropland biome [ENVO:01000245]	Terrestrial Biome [ENVO:00000446]	True	True	descendant	2	Terrestrial Biome [ENVO:00000446]				0.8	0.75	False
publication+supplements	supplement	nmdc:bsm-11-k37j6x61	env_local_scale	area of cropland [ENVO:01000892]	Area of cropland [ENVO:01000892]	True	True	exact	0	Area of cropland [ENVO:01000892]				1.0	0.85	True
publication+supplements	supplement	nmdc:bsm-11-k37j6x61	env_medium	leaf [PO:0025034]	agricultural soil [ENVO:00002259] | plant matter [ENVO:01001121]	True	True	unrelated		agricultural soil [ENVO:00002259]				0.0	0.35	False
publication+supplements	supplement	nmdc:bsm-11-aszpj358	env_broad_scale	cropland biome [ENVO:01000245]	Terrestrial Biome [ENVO:00000446]	True	True	descendant	2	Terrestrial Biome [ENVO:00000446]				0.8	0.75	False
publication+supplements	supplement	nmdc:bsm-11-aszpj358	env_local_scale	area of cropland [ENVO:01000892]	Area of cropland [ENVO:01000892]	True	True	exact	0	Area of cropland [ENVO:01000892]				1.0	0.85	True
publication+supplements	supplement	nmdc:bsm-11-aszpj358	env_medium	leaf [PO:0025034]	agricultural soil [ENVO:00002259] | plant matter [ENVO:01001121]	True	True	unrelated		agricultural soil [ENVO:00002259]				0.0	0.35	False
publication+supplements	supplement	nmdc:bsm-11-4cm4d739	env_broad_scale	cropland biome [ENVO:01000245]	Terrestrial Biome [ENVO:00000446]	True	True	descendant	2	Terrestrial Biome [ENVO:00000446]				0.8	0.75	False
publication+supplements	supplement	nmdc:bsm-11-4cm4d739	env_local_scale	area of cropland [ENVO:01000892]	Area of cropland [ENVO:01000892]	True	True	exact	0	Area of cropland [ENVO:01000892]				1.0	0.85	True
publication+supplements	supplement	nmdc:bsm-11-4cm4d739	env_medium	leaf [PO:0025034]	agricultural soil [ENVO:00002259] | plant matter [ENVO:01001121]	True	True	unrelated		agricultural soil [ENVO:00002259]				0.0	0.35	False
publication+supplements	supplement	nmdc:bsm-11-p69snh20	env_broad_scale	cropland biome [ENVO:01000245]	Terrestrial Biome [ENVO:00000446]	True	True	descendant	2	Terrestrial Biome [ENVO:00000446]				0.8	0.75	False
publication+supplements	supplement	nmdc:bsm-11-p69snh20	env_local_scale	area of cropland [ENVO:01000892]	Area of cropland [ENVO:01000892]	True	True	exact	0	Area of cropland [ENVO:01000892]				1.0	0.85	True
publication+supplements	supplement	nmdc:bsm-11-p69snh20	env_medium	leaf [PO:0025034]	agricultural soil [ENVO:00002259] | plant matter [ENVO:01001121]	True	True	unrelated		agricultural soil [ENVO:00002259]				0.0	0.35	False
publication+supplements	supplement	nmdc:bsm-11-j87w5759	env_broad_scale	cropland biome [ENVO:01000245]	Terrestrial Biome [ENVO:00000446]	True	True	descendant	2	Terrestrial Biome [ENVO:00000446]				0.8	0.75	False
publication+supplements	supplement	nmdc:bsm-11-j87w5759	env_local_scale	area of cropland [ENVO:01000892]	Area of cropland [ENVO:01000892]	True	True	exact	0	Area of cropland [ENVO:01000892]				1.0	0.85	True
publication+supplements	supplement	nmdc:bsm-11-j87w5759	env_medium	leaf [PO:0025034]	agricultural soil [ENVO:00002259] | plant matter [ENVO:01001121]	True	True	unrelated		agricultural soil [ENVO:00002259]				0.0	0.35	False
publication+supplements	supplement	nmdc:bsm-11-1w5nfd33	env_broad_scale	cropland biome [ENVO:01000245]	Terrestrial Biome [ENVO:00000446]	True	True	descendant	2	Terrestrial Biome [ENVO:00000446]				0.8	0.75	False
publication+supplements	supplement	nmdc:bsm-11-1w5nfd33	env_local_scale	area of cropland [ENVO:01000892]	Area of cropland [ENVO:01000892]	True	True	exact	0	Area of cropland [ENVO:01000892]				1.0	0.85	True
publication+supplements	supplement	nmdc:bsm-11-1w5nfd33	env_medium	leaf [PO:0025034]	agricultural soil [ENVO:00002259] | plant matter [ENVO:01001121]	True	True	unrelated		agricultural soil [ENVO:00002259]				0.0	0.35	False
publication+supplements	supplement	nmdc:bsm-11-x02b5640	env_broad_scale	cropland biome [ENVO:01000245]	Terrestrial Biome [ENVO:00000446]	True	True	descendant	2	Terrestrial Biome [ENVO:00000446]				0.8	0.75	False
publication+supplements	supplement	nmdc:bsm-11-x02b5640	env_local_scale	area of cropland [ENVO:01000892]	Area of cropland [ENVO:01000892]	True	True	exact	0	Area of cropland [ENVO:01000892]				1.0	0.85	True
publication+supplements	supplement	nmdc:bsm-11-x02b5640	env_medium	leaf [PO:0025034]	agricultural soil [ENVO:00002259] | plant matter [ENVO:01001121]	True	True	unrelated		agricultural soil [ENVO:00002259]				0.0	0.35	False
publication+supplements	supplement	nmdc:bsm-11-0pqvg660	env_broad_scale	cropland biome [ENVO:01000245]	Terrestrial Biome [ENVO:00000446]	True	True	descendant	2	Terrestrial Biome [ENVO:00000446]				0.8	0.75	False
publication+supplements	supplement	nmdc:bsm-11-0pqvg660	env_local_scale	area of cropland [ENVO:01000892]	Area of cropland [ENVO:01000892]	True	True	exact	0	Area of cropland [ENVO:01000892]				1.0	0.85	True
publication+supplements	supplement	nmdc:bsm-11-0pqvg660	env_medium	leaf [PO:0025034]	agricultural soil [ENVO:00002259] | plant matter [ENVO:01001121]	True	True	unrelated		agricultural soil [ENVO:00002259]				0.0	0.35	False
publication+supplements	supplement	nmdc:bsm-11-re6t9r16	env_broad_scale	cropland biome [ENVO:01000245]	Terrestrial Biome [ENVO:00000446]	True	True	descendant	2	Terrestrial Biome [ENVO:00000446]				0.8	0.75	False
publication+supplements	supplement	nmdc:bsm-11-re6t9r16	env_local_scale	area of cropland [ENVO:01000892]	Area of cropland [ENVO:01000892]	True	True	exact	0	Area of cropland [ENVO:01000892]				1.0	0.85	True
publication+supplements	supplement	nmdc:bsm-11-re6t9r16	env_medium	leaf [PO:0025034]	agricultural soil [ENVO:00002259] | plant matter [ENVO:01001121]	True	True	unrelated		agricultural soil [ENVO:00002259]				0.0	0.35	False
publication+supplements	supplement	nmdc:bsm-11-trkdrc88	env_broad_scale	cropland biome [ENVO:01000245]	Terrestrial Biome [ENVO:00000446]	True	True	descendant	2	Terrestrial Biome [ENVO:00000446]				0.8	0.75	False
publication+supplements	supplement	nmdc:bsm-11-trkdrc88	env_local_scale	area of cropland [ENVO:01000892]	Area of cropland [ENVO:01000892]	True	True	exact	0	Area of cropland [ENVO:01000892]				1.0	0.85	True
publication+supplements	supplement	nmdc:bsm-11-trkdrc88	env_medium	leaf [PO:0025034]	agricultural soil [ENVO:00002259] | plant matter [ENVO:01001121]	True	True	unrelated		agricultural soil [ENVO:00002259]				0.0	0.35	False
publication+supplements	supplement	nmdc:bsm-11-twpad883	env_broad_scale	cropland biome [ENVO:01000245]	Terrestrial Biome [ENVO:00000446]	True	True	descendant	2	Terrestrial Biome [ENVO:00000446]				0.8	0.75	False
publication+supplements	supplement	nmdc:bsm-11-twpad883	env_local_scale	area of cropland [ENVO:01000892]	Area of cropland [ENVO:01000892]	True	True	exact	0	Area of cropland [ENVO:01000892]				1.0	0.85	True
publication+supplements	supplement	nmdc:bsm-11-twpad883	env_medium	leaf [PO:0025034]	agricultural soil [ENVO:00002259] | plant matter [ENVO:01001121]	True	True	unrelated		agricultural soil [ENVO:00002259]				0.0	0.35	False
publication+supplements	supplement	nmdc:bsm-11-hpcym074	env_broad_scale	cropland biome [ENVO:01000245]	Terrestrial Biome [ENVO:00000446]	True	True	descendant	2	Terrestrial Biome [ENVO:00000446]				0.8	0.75	False
publication+supplements	supplement	nmdc:bsm-11-hpcym074	env_local_scale	area of cropland [ENVO:01000892]	Area of cropland [ENVO:01000892]	True	True	exact	0	Area of cropland [ENVO:01000892]				1.0	0.85	True
publication+supplements	supplement	nmdc:bsm-11-hpcym074	env_medium	leaf [PO:0025034]	agricultural soil [ENVO:00002259] | plant matter [ENVO:01001121]	True	True	unrelated		agricultural soil [ENVO:00002259]				0.0	0.35	False
publication+supplements	supplement	nmdc:bsm-11-4ah19610	env_broad_scale	cropland biome [ENVO:01000245]	Terrestrial Biome [ENVO:00000446]	True	True	descendant	2	Terrestrial Biome [ENVO:00000446]				0.8	0.75	False
publication+supplements	supplement	nmdc:bsm-11-4ah19610	env_local_scale	area of cropland [ENVO:01000892]	Area of cropland [ENVO:01000892]	True	True	exact	0	Area of cropland [ENVO:01000892]				1.0	0.85	True
publication+supplements	supplement	nmdc:bsm-11-4ah19610	env_medium	leaf [PO:0025034]	agricultural soil [ENVO:00002259] | plant matter [ENVO:01001121]	True	True	unrelated		agricultural soil [ENVO:00002259]				0.0	0.35	False
publication+supplements	supplement	nmdc:bsm-11-7za5cn37	env_broad_scale	cropland biome [ENVO:01000245]	Terrestrial Biome [ENVO:00000446]	True	True	descendant	2	Terrestrial Biome [ENVO:00000446]				0.8	0.75	False
publication+supplements	supplement	nmdc:bsm-11-7za5cn37	env_local_scale	area of cropland [ENVO:01000892]	Area of cropland [ENVO:01000892]	True	True	exact	0	Area of cropland [ENVO:01000892]				1.0	0.85	True
publication+supplements	supplement	nmdc:bsm-11-7za5cn37	env_medium	leaf [PO:0025034]	agricultural soil [ENVO:00002259] | plant matter [ENVO:01001121]	True	True	unrelated		agricultural soil [ENVO:00002259]				0.0	0.35	False
publication+supplements	supplement	nmdc:bsm-11-1p2n9n46	env_broad_scale	cropland biome [ENVO:01000245]	Terrestrial Biome [ENVO:00000446]	True	True	descendant	2	Terrestrial Biome [ENVO:00000446]				0.8	0.75	False
publication+supplements	supplement	nmdc:bsm-11-1p2n9n46	env_local_scale	area of cropland [ENVO:01000892]	Area of cropland [ENVO:01000892]	True	True	exact	0	Area of cropland [ENVO:01000892]				1.0	0.85	True
publication+supplements	supplement	nmdc:bsm-11-1p2n9n46	env_medium	leaf [PO:0025034]	agricultural soil [ENVO:00002259] | plant matter [ENVO:01001121]	True	True	unrelated		agricultural soil [ENVO:00002259]				0.0	0.35	False
publication+supplements	supplement	nmdc:bsm-11-cx8x0329	env_broad_scale	terrestrial biome [ENVO:00000446]	Terrestrial Biome [ENVO:00000446]	True	True	exact	0	Terrestrial Biome [ENVO:00000446]				1.0	0.85	True
publication+supplements	supplement	nmdc:bsm-11-cx8x0329	env_local_scale	area of cropland [ENVO:01000892]	Area of cropland [ENVO:01000892]	True	True	exact	0	Area of cropland [ENVO:01000892]				1.0	0.85	True
publication+supplements	supplement	nmdc:bsm-11-cx8x0329	env_medium	leaf [PO:0025034]	agricultural soil [ENVO:00002259] | plant matter [ENVO:01001121]	True	True	unrelated		agricultural soil [ENVO:00002259]				0.0	0.35	False
publication+supplements	supplement	nmdc:bsm-11-vq6mas66	env_broad_scale	terrestrial biome [ENVO:00000446]	Terrestrial Biome [ENVO:00000446]	True	True	exact	0	Terrestrial Biome [ENVO:00000446]				1.0	0.85	True
publication+supplements	supplement	nmdc:bsm-11-vq6mas66	env_local_scale	area of cropland [ENVO:01000892]	Area of cropland [ENVO:01000892]	True	True	exact	0	Area of cropland [ENVO:01000892]				1.0	0.85	True
publication+supplements	supplement	nmdc:bsm-11-vq6mas66	env_medium	leaf [PO:0025034]	agricultural soil [ENVO:00002259] | plant matter [ENVO:01001121]	True	True	unrelated		agricultural soil [ENVO:00002259]				0.0	0.35	False
publication+supplements	supplement	nmdc:bsm-11-0qmfcv11	env_broad_scale	terrestrial biome [ENVO:00000446]	Terrestrial Biome [ENVO:00000446]	True	True	exact	0	Terrestrial Biome [ENVO:00000446]				1.0	0.85	True
publication+supplements	supplement	nmdc:bsm-11-0qmfcv11	env_local_scale	area of cropland [ENVO:01000892]	Area of cropland [ENVO:01000892]	True	True	exact	0	Area of cropland [ENVO:01000892]				1.0	0.85	True
publication+supplements	supplement	nmdc:bsm-11-0qmfcv11	env_medium	leaf [PO:0025034]	agricultural soil [ENVO:00002259] | plant matter [ENVO:01001121]	True	True	unrelated		agricultural soil [ENVO:00002259]				0.0	0.35	False
publication+supplements	supplement	nmdc:bsm-11-565q2834	env_broad_scale	terrestrial biome [ENVO:00000446]	Terrestrial Biome [ENVO:00000446]	True	True	exact	0	Terrestrial Biome [ENVO:00000446]				1.0	0.85	True
publication+supplements	supplement	nmdc:bsm-11-565q2834	env_local_scale	area of cropland [ENVO:01000892]	Area of cropland [ENVO:01000892]	True	True	exact	0	Area of cropland [ENVO:01000892]				1.0	0.85	True
publication+supplements	supplement	nmdc:bsm-11-565q2834	env_medium	leaf [PO:0025034]	agricultural soil [ENVO:00002259] | plant matter [ENVO:01001121]	True	True	unrelated		agricultural soil [ENVO:00002259]				0.0	0.35	False
publication+supplements	supplement	nmdc:bsm-11-eny4t026	env_broad_scale	terrestrial biome [ENVO:00000446]	Terrestrial Biome [ENVO:00000446]	True	True	exact	0	Terrestrial Biome [ENVO:00000446]				1.0	0.85	True
publication+supplements	supplement	nmdc:bsm-11-eny4t026	env_local_scale	area of cropland [ENVO:01000892]	Area of cropland [ENVO:01000892]	True	True	exact	0	Area of cropland [ENVO:01000892]				1.0	0.85	True
publication+supplements	supplement	nmdc:bsm-11-eny4t026	env_medium	leaf [PO:0025034]	agricultural soil [ENVO:00002259] | plant matter [ENVO:01001121]	True	True	unrelated		agricultural soil [ENVO:00002259]				0.0	0.35	False
publication+supplements	supplement	nmdc:bsm-11-6sqw3h28	env_broad_scale	terrestrial biome [ENVO:00000446]	Terrestrial Biome [ENVO:00000446]	True	True	exact	0	Terrestrial Biome [ENVO:00000446]				1.0	0.85	True
publication+supplements	supplement	nmdc:bsm-11-6sqw3h28	env_local_scale	area of cropland [ENVO:01000892]	Area of cropland [ENVO:01000892]	True	True	exact	0	Area of cropland [ENVO:01000892]				1.0	0.85	True
publication+supplements	supplement	nmdc:bsm-11-6sqw3h28	env_medium	leaf [PO:0025034]	agricultural soil [ENVO:00002259] | plant matter [ENVO:01001121]	True	True	unrelated		agricultural soil [ENVO:00002259]				0.0	0.35	False
publication+supplements	supplement	nmdc:bsm-11-m5jxmh57	env_broad_scale	terrestrial biome [ENVO:00000446]	Terrestrial Biome [ENVO:00000446]	True	True	exact	0	Terrestrial Biome [ENVO:00000446]				1.0	0.85	True
publication+supplements	supplement	nmdc:bsm-11-m5jxmh57	env_local_scale	area of cropland [ENVO:01000892]	Area of cropland [ENVO:01000892]	True	True	exact	0	Area of cropland [ENVO:01000892]				1.0	0.85	True
publication+supplements	supplement	nmdc:bsm-11-m5jxmh57	env_medium	leaf [PO:0025034]	agricultural soil [ENVO:00002259] | plant matter [ENVO:01001121]	True	True	unrelated		agricultural soil [ENVO:00002259]				0.0	0.35	False
publication+supplements	supplement	nmdc:bsm-11-zfks3b64	env_broad_scale	terrestrial biome [ENVO:00000446]	Terrestrial Biome [ENVO:00000446]	True	True	exact	0	Terrestrial Biome [ENVO:00000446]				1.0	0.85	True
publication+supplements	supplement	nmdc:bsm-11-zfks3b64	env_local_scale	area of cropland [ENVO:01000892]	Area of cropland [ENVO:01000892]	True	True	exact	0	Area of cropland [ENVO:01000892]				1.0	0.85	True
publication+supplements	supplement	nmdc:bsm-11-zfks3b64	env_medium	leaf [PO:0025034]	agricultural soil [ENVO:00002259] | plant matter [ENVO:01001121]	True	True	unrelated		agricultural soil [ENVO:00002259]				0.0	0.35	False
publication+supplements	supplement	nmdc:bsm-11-3h782c22	env_broad_scale	terrestrial biome [ENVO:00000446]	Terrestrial Biome [ENVO:00000446]	True	True	exact	0	Terrestrial Biome [ENVO:00000446]				1.0	0.85	True
publication+supplements	supplement	nmdc:bsm-11-3h782c22	env_local_scale	area of cropland [ENVO:01000892]	Area of cropland [ENVO:01000892]	True	True	exact	0	Area of cropland [ENVO:01000892]				1.0	0.85	True
publication+supplements	supplement	nmdc:bsm-11-3h782c22	env_medium	leaf [PO:0025034]	agricultural soil [ENVO:00002259] | plant matter [ENVO:01001121]	True	True	unrelated		agricultural soil [ENVO:00002259]				0.0	0.35	False
publication+supplements	supplement	nmdc:bsm-11-89cgj483	env_broad_scale	terrestrial biome [ENVO:00000446]	Terrestrial Biome [ENVO:00000446]	True	True	exact	0	Terrestrial Biome [ENVO:00000446]				1.0	0.85	True
publication+supplements	supplement	nmdc:bsm-11-89cgj483	env_local_scale	area of cropland [ENVO:01000892]	Area of cropland [ENVO:01000892]	True	True	exact	0	Area of cropland [ENVO:01000892]				1.0	0.85	True
publication+supplements	supplement	nmdc:bsm-11-89cgj483	env_medium	leaf [PO:0025034]	agricultural soil [ENVO:00002259] | plant matter [ENVO:01001121]	True	True	unrelated		agricultural soil [ENVO:00002259]				0.0	0.35	False
publication+supplements	supplement	nmdc:bsm-11-pp5qqg39	env_broad_scale	terrestrial biome [ENVO:00000446]	Terrestrial Biome [ENVO:00000446]	True	True	exact	0	Terrestrial Biome [ENVO:00000446]				1.0	0.85	True
publication+supplements	supplement	nmdc:bsm-11-pp5qqg39	env_local_scale	area of cropland [ENVO:01000892]	Area of cropland [ENVO:01000892]	True	True	exact	0	Area of cropland [ENVO:01000892]				1.0	0.85	True
publication+supplements	supplement	nmdc:bsm-11-pp5qqg39	env_medium	leaf [PO:0025034]	agricultural soil [ENVO:00002259] | plant matter [ENVO:01001121]	True	True	unrelated		agricultural soil [ENVO:00002259]				0.0	0.35	False
publication+supplements	supplement	nmdc:bsm-11-0d6kw824	env_broad_scale	terrestrial biome [ENVO:00000446]	Terrestrial Biome [ENVO:00000446]	True	True	exact	0	Terrestrial Biome [ENVO:00000446]				1.0	0.85	True
publication+supplements	supplement	nmdc:bsm-11-0d6kw824	env_local_scale	area of cropland [ENVO:01000892]	Area of cropland [ENVO:01000892]	True	True	exact	0	Area of cropland [ENVO:01000892]				1.0	0.85	True
publication+supplements	supplement	nmdc:bsm-11-0d6kw824	env_medium	leaf [PO:0025034]	agricultural soil [ENVO:00002259] | plant matter [ENVO:01001121]	True	True	unrelated		agricultural soil [ENVO:00002259]				0.0	0.35	False
publication+supplements	supplement	nmdc:bsm-11-vz45zz16	env_broad_scale	terrestrial biome [ENVO:00000446]	Terrestrial Biome [ENVO:00000446]	True	True	exact	0	Terrestrial Biome [ENVO:00000446]				1.0	0.85	True
publication+supplements	supplement	nmdc:bsm-11-vz45zz16	env_local_scale	area of cropland [ENVO:01000892]	Area of cropland [ENVO:01000892]	True	True	exact	0	Area of cropland [ENVO:01000892]				1.0	0.85	True
publication+supplements	supplement	nmdc:bsm-11-vz45zz16	env_medium	leaf [PO:0025034]	agricultural soil [ENVO:00002259] | plant matter [ENVO:01001121]	True	True	unrelated		agricultural soil [ENVO:00002259]				0.0	0.35	False
publication+supplements	supplement	nmdc:bsm-11-hmd3c262	env_broad_scale	terrestrial biome [ENVO:00000446]	Terrestrial Biome [ENVO:00000446]	True	True	exact	0	Terrestrial Biome [ENVO:00000446]				1.0	0.85	True
publication+supplements	supplement	nmdc:bsm-11-hmd3c262	env_local_scale	area of cropland [ENVO:01000892]	Area of cropland [ENVO:01000892]	True	True	exact	0	Area of cropland [ENVO:01000892]				1.0	0.85	True
publication+supplements	supplement	nmdc:bsm-11-hmd3c262	env_medium	leaf [PO:0025034]	agricultural soil [ENVO:00002259] | plant matter [ENVO:01001121]	True	True	unrelated		agricultural soil [ENVO:00002259]				0.0	0.35	False
publication+supplements	supplement	nmdc:bsm-11-x3j60412	env_broad_scale	terrestrial biome [ENVO:00000446]	Terrestrial Biome [ENVO:00000446]	True	True	exact	0	Terrestrial Biome [ENVO:00000446]				1.0	0.85	True
publication+supplements	supplement	nmdc:bsm-11-x3j60412	env_local_scale	area of cropland [ENVO:01000892]	Area of cropland [ENVO:01000892]	True	True	exact	0	Area of cropland [ENVO:01000892]				1.0	0.85	True
publication+supplements	supplement	nmdc:bsm-11-x3j60412	env_medium	leaf [PO:0025034]	agricultural soil [ENVO:00002259] | plant matter [ENVO:01001121]	True	True	unrelated		agricultural soil [ENVO:00002259]				0.0	0.35	False
publication+supplements	supplement	nmdc:bsm-11-v06cjb80	env_broad_scale	terrestrial biome [ENVO:00000446]	Terrestrial Biome [ENVO:00000446]	True	True	exact	0	Terrestrial Biome [ENVO:00000446]				1.0	0.85	True
publication+supplements	supplement	nmdc:bsm-11-v06cjb80	env_local_scale	area of cropland [ENVO:01000892]	Area of cropland [ENVO:01000892]	True	True	exact	0	Area of cropland [ENVO:01000892]				1.0	0.85	True
publication+supplements	supplement	nmdc:bsm-11-v06cjb80	env_medium	leaf [PO:0025034]	agricultural soil [ENVO:00002259] | plant matter [ENVO:01001121]	True	True	unrelated		agricultural soil [ENVO:00002259]				0.0	0.35	False
publication+supplements	supplement	nmdc:bsm-11-kyyr2a92	env_broad_scale	terrestrial biome [ENVO:00000446]	Terrestrial Biome [ENVO:00000446]	True	True	exact	0	Terrestrial Biome [ENVO:00000446]				1.0	0.85	True
publication+supplements	supplement	nmdc:bsm-11-kyyr2a92	env_local_scale	area of cropland [ENVO:01000892]	Area of cropland [ENVO:01000892]	True	True	exact	0	Area of cropland [ENVO:01000892]				1.0	0.85	True
publication+supplements	supplement	nmdc:bsm-11-kyyr2a92	env_medium	leaf [PO:0025034]	agricultural soil [ENVO:00002259] | plant matter [ENVO:01001121]	True	True	unrelated		agricultural soil [ENVO:00002259]				0.0	0.35	False
publication+supplements	supplement	nmdc:bsm-11-1yq40d22	env_broad_scale	terrestrial biome [ENVO:00000446]	Terrestrial Biome [ENVO:00000446]	True	True	exact	0	Terrestrial Biome [ENVO:00000446]				1.0	0.85	True
publication+supplements	supplement	nmdc:bsm-11-1yq40d22	env_local_scale	area of cropland [ENVO:01000892]	Area of cropland [ENVO:01000892]	True	True	exact	0	Area of cropland [ENVO:01000892]				1.0	0.85	True
publication+supplements	supplement	nmdc:bsm-11-1yq40d22	env_medium	leaf [PO:0025034]	agricultural soil [ENVO:00002259] | plant matter [ENVO:01001121]	True	True	unrelated		agricultural soil [ENVO:00002259]				0.0	0.35	False
publication+supplements	supplement	nmdc:bsm-11-scdxg902	env_broad_scale	terrestrial biome [ENVO:00000446]	Terrestrial Biome [ENVO:00000446]	True	True	exact	0	Terrestrial Biome [ENVO:00000446]				1.0	0.85	True
publication+supplements	supplement	nmdc:bsm-11-scdxg902	env_local_scale	area of cropland [ENVO:01000892]	Area of cropland [ENVO:01000892]	True	True	exact	0	Area of cropland [ENVO:01000892]				1.0	0.85	True
publication+supplements	supplement	nmdc:bsm-11-scdxg902	env_medium	leaf [PO:0025034]	agricultural soil [ENVO:00002259] | plant matter [ENVO:01001121]	True	True	unrelated		agricultural soil [ENVO:00002259]				0.0	0.35	False
publication+supplements	supplement	nmdc:bsm-11-yv389t44	env_broad_scale	terrestrial biome [ENVO:00000446]	Terrestrial Biome [ENVO:00000446]	True	True	exact	0	Terrestrial Biome [ENVO:00000446]				1.0	0.85	True
publication+supplements	supplement	nmdc:bsm-11-yv389t44	env_local_scale	area of cropland [ENVO:01000892]	Area of cropland [ENVO:01000892]	True	True	exact	0	Area of cropland [ENVO:01000892]				1.0	0.85	True
publication+supplements	supplement	nmdc:bsm-11-yv389t44	env_medium	leaf [PO:0025034]	agricultural soil [ENVO:00002259] | plant matter [ENVO:01001121]	True	True	unrelated		agricultural soil [ENVO:00002259]				0.0	0.35	False
publication+supplements	supplement	nmdc:bsm-11-2j4qq664	env_broad_scale	terrestrial biome [ENVO:00000446]	Terrestrial Biome [ENVO:00000446]	True	True	exact	0	Terrestrial Biome [ENVO:00000446]				1.0	0.85	True
publication+supplements	supplement	nmdc:bsm-11-2j4qq664	env_local_scale	area of cropland [ENVO:01000892]	Area of cropland [ENVO:01000892]	True	True	exact	0	Area of cropland [ENVO:01000892]				1.0	0.85	True
publication+supplements	supplement	nmdc:bsm-11-2j4qq664	env_medium	leaf [PO:0025034]	agricultural soil [ENVO:00002259] | plant matter [ENVO:01001121]	True	True	unrelated		agricultural soil [ENVO:00002259]				0.0	0.35	False
publication+supplements	supplement	nmdc:bsm-11-9w569119	env_broad_scale	terrestrial biome [ENVO:00000446]	Terrestrial Biome [ENVO:00000446]	True	True	exact	0	Terrestrial Biome [ENVO:00000446]				1.0	0.85	True
publication+supplements	supplement	nmdc:bsm-11-9w569119	env_local_scale	area of cropland [ENVO:01000892]	Area of cropland [ENVO:01000892]	True	True	exact	0	Area of cropland [ENVO:01000892]				1.0	0.85	True
publication+supplements	supplement	nmdc:bsm-11-9w569119	env_medium	leaf [PO:0025034]	agricultural soil [ENVO:00002259] | plant matter [ENVO:01001121]	True	True	unrelated		agricultural soil [ENVO:00002259]				0.0	0.35	False
publication+supplements	supplement	nmdc:bsm-11-nvygyy64	env_broad_scale	terrestrial biome [ENVO:00000446]	Terrestrial Biome [ENVO:00000446]	True	True	exact	0	Terrestrial Biome [ENVO:00000446]				1.0	0.85	True
publication+supplements	supplement	nmdc:bsm-11-nvygyy64	env_local_scale	area of cropland [ENVO:01000892]	Area of cropland [ENVO:01000892]	True	True	exact	0	Area of cropland [ENVO:01000892]				1.0	0.85	True
publication+supplements	supplement	nmdc:bsm-11-nvygyy64	env_medium	leaf [PO:0025034]	agricultural soil [ENVO:00002259] | plant matter [ENVO:01001121]	True	True	unrelated		agricultural soil [ENVO:00002259]				0.0	0.35	False
publication+supplements	supplement	nmdc:bsm-11-ta9g7z16	env_broad_scale	terrestrial biome [ENVO:00000446]	Terrestrial Biome [ENVO:00000446]	True	True	exact	0	Terrestrial Biome [ENVO:00000446]				1.0	0.85	True
publication+supplements	supplement	nmdc:bsm-11-ta9g7z16	env_local_scale	area of cropland [ENVO:01000892]	Area of cropland [ENVO:01000892]	True	True	exact	0	Area of cropland [ENVO:01000892]				1.0	0.85	True
publication+supplements	supplement	nmdc:bsm-11-ta9g7z16	env_medium	leaf [PO:0025034]	agricultural soil [ENVO:00002259] | plant matter [ENVO:01001121]	True	True	unrelated		agricultural soil [ENVO:00002259]				0.0	0.35	False
publication+supplements	supplement	nmdc:bsm-11-havpgy71	env_broad_scale	terrestrial biome [ENVO:00000446]	Terrestrial Biome [ENVO:00000446]	True	True	exact	0	Terrestrial Biome [ENVO:00000446]				1.0	0.85	True
publication+supplements	supplement	nmdc:bsm-11-havpgy71	env_local_scale	area of cropland [ENVO:01000892]	Area of cropland [ENVO:01000892]	True	True	exact	0	Area of cropland [ENVO:01000892]				1.0	0.85	True
publication+supplements	supplement	nmdc:bsm-11-havpgy71	env_medium	leaf [PO:0025034]	agricultural soil [ENVO:00002259] | plant matter [ENVO:01001121]	True	True	unrelated		agricultural soil [ENVO:00002259]				0.0	0.35	False
publication+supplements	supplement	nmdc:bsm-11-t6shsk68	env_broad_scale	terrestrial biome [ENVO:00000446]	Terrestrial Biome [ENVO:00000446]	True	True	exact	0	Terrestrial Biome [ENVO:00000446]				1.0	0.85	True
publication+supplements	supplement	nmdc:bsm-11-t6shsk68	env_local_scale	area of cropland [ENVO:01000892]	Area of cropland [ENVO:01000892]	True	True	exact	0	Area of cropland [ENVO:01000892]				1.0	0.85	True
publication+supplements	supplement	nmdc:bsm-11-t6shsk68	env_medium	leaf [PO:0025034]	agricultural soil [ENVO:00002259] | plant matter [ENVO:01001121]	True	True	unrelated		agricultural soil [ENVO:00002259]				0.0	0.35	False
publication+supplements	supplement	nmdc:bsm-11-zqthfw03	env_broad_scale	terrestrial biome [ENVO:00000446]	Terrestrial Biome [ENVO:00000446]	True	True	exact	0	Terrestrial Biome [ENVO:00000446]				1.0	0.85	True
publication+supplements	supplement	nmdc:bsm-11-zqthfw03	env_local_scale	area of cropland [ENVO:01000892]	Area of cropland [ENVO:01000892]	True	True	exact	0	Area of cropland [ENVO:01000892]				1.0	0.85	True
publication+supplements	supplement	nmdc:bsm-11-zqthfw03	env_medium	leaf [PO:0025034]	agricultural soil [ENVO:00002259] | plant matter [ENVO:01001121]	True	True	unrelated		agricultural soil [ENVO:00002259]				0.0	0.35	False
publication+supplements	supplement	nmdc:bsm-11-jqch2c77	env_broad_scale	terrestrial biome [ENVO:00000446]	Terrestrial Biome [ENVO:00000446]	True	True	exact	0	Terrestrial Biome [ENVO:00000446]				1.0	0.85	True
publication+supplements	supplement	nmdc:bsm-11-jqch2c77	env_local_scale	area of cropland [ENVO:01000892]	Area of cropland [ENVO:01000892]	True	True	exact	0	Area of cropland [ENVO:01000892]				1.0	0.85	True
publication+supplements	supplement	nmdc:bsm-11-jqch2c77	env_medium	leaf [PO:0025034]	agricultural soil [ENVO:00002259] | plant matter [ENVO:01001121]	True	True	unrelated		agricultural soil [ENVO:00002259]				0.0	0.35	False
publication+supplements	supplement	nmdc:bsm-11-c54mhk23	env_broad_scale	terrestrial biome [ENVO:00000446]	Terrestrial Biome [ENVO:00000446]	True	True	exact	0	Terrestrial Biome [ENVO:00000446]				1.0	0.85	True
publication+supplements	supplement	nmdc:bsm-11-c54mhk23	env_local_scale	area of cropland [ENVO:01000892]	Area of cropland [ENVO:01000892]	True	True	exact	0	Area of cropland [ENVO:01000892]				1.0	0.85	True
publication+supplements	supplement	nmdc:bsm-11-c54mhk23	env_medium	leaf [PO:0025034]	agricultural soil [ENVO:00002259] | plant matter [ENVO:01001121]	True	True	unrelated		agricultural soil [ENVO:00002259]				0.0	0.35	False
publication+supplements	supplement	nmdc:bsm-11-7pfvq374	env_broad_scale	terrestrial biome [ENVO:00000446]	Terrestrial Biome [ENVO:00000446]	True	True	exact	0	Terrestrial Biome [ENVO:00000446]				1.0	0.85	True
publication+supplements	supplement	nmdc:bsm-11-7pfvq374	env_local_scale	area of cropland [ENVO:01000892]	Area of cropland [ENVO:01000892]	True	True	exact	0	Area of cropland [ENVO:01000892]				1.0	0.85	True
publication+supplements	supplement	nmdc:bsm-11-7pfvq374	env_medium	leaf [PO:0025034]	agricultural soil [ENVO:00002259] | plant matter [ENVO:01001121]	True	True	unrelated		agricultural soil [ENVO:00002259]				0.0	0.35	False
publication+supplements	supplement	nmdc:bsm-11-5erq8849	env_broad_scale	terrestrial biome [ENVO:00000446]	Terrestrial Biome [ENVO:00000446]	True	True	exact	0	Terrestrial Biome [ENVO:00000446]				1.0	0.85	True
publication+supplements	supplement	nmdc:bsm-11-5erq8849	env_local_scale	area of cropland [ENVO:01000892]	Area of cropland [ENVO:01000892]	True	True	exact	0	Area of cropland [ENVO:01000892]				1.0	0.85	True
publication+supplements	supplement	nmdc:bsm-11-5erq8849	env_medium	leaf [PO:0025034]	agricultural soil [ENVO:00002259] | plant matter [ENVO:01001121]	True	True	unrelated		agricultural soil [ENVO:00002259]				0.0	0.35	False
publication+supplements	supplement	nmdc:bsm-11-rs4es287	env_broad_scale	terrestrial biome [ENVO:00000446]	Terrestrial Biome [ENVO:00000446]	True	True	exact	0	Terrestrial Biome [ENVO:00000446]				1.0	0.85	True
publication+supplements	supplement	nmdc:bsm-11-rs4es287	env_local_scale	area of cropland [ENVO:01000892]	Area of cropland [ENVO:01000892]	True	True	exact	0	Area of cropland [ENVO:01000892]				1.0	0.85	True
publication+supplements	supplement	nmdc:bsm-11-rs4es287	env_medium	leaf [PO:0025034]	agricultural soil [ENVO:00002259] | plant matter [ENVO:01001121]	True	True	unrelated		agricultural soil [ENVO:00002259]				0.0	0.35	False
publication+supplements	supplement	nmdc:bsm-11-mr6jqb94	env_broad_scale	terrestrial biome [ENVO:00000446]	Terrestrial Biome [ENVO:00000446]	True	True	exact	0	Terrestrial Biome [ENVO:00000446]				1.0	0.85	True
publication+supplements	supplement	nmdc:bsm-11-mr6jqb94	env_local_scale	area of cropland [ENVO:01000892]	Area of cropland [ENVO:01000892]	True	True	exact	0	Area of cropland [ENVO:01000892]				1.0	0.85	True
publication+supplements	supplement	nmdc:bsm-11-mr6jqb94	env_medium	leaf [PO:0025034]	agricultural soil [ENVO:00002259] | plant matter [ENVO:01001121]	True	True	unrelated		agricultural soil [ENVO:00002259]				0.0	0.35	False
publication+supplements	supplement	nmdc:bsm-11-11a1rr28	env_broad_scale	terrestrial biome [ENVO:00000446]	Terrestrial Biome [ENVO:00000446]	True	True	exact	0	Terrestrial Biome [ENVO:00000446]				1.0	0.85	True
publication+supplements	supplement	nmdc:bsm-11-11a1rr28	env_local_scale	area of cropland [ENVO:01000892]	Area of cropland [ENVO:01000892]	True	True	exact	0	Area of cropland [ENVO:01000892]				1.0	0.85	True
publication+supplements	supplement	nmdc:bsm-11-11a1rr28	env_medium	leaf [PO:0025034]	agricultural soil [ENVO:00002259] | plant matter [ENVO:01001121]	True	True	unrelated		agricultural soil [ENVO:00002259]				0.0	0.35	False
publication+supplements	supplement	nmdc:bsm-11-07qp3e36	env_broad_scale	terrestrial biome [ENVO:00000446]	Terrestrial Biome [ENVO:00000446]	True	True	exact	0	Terrestrial Biome [ENVO:00000446]				1.0	0.85	True
publication+supplements	supplement	nmdc:bsm-11-07qp3e36	env_local_scale	area of cropland [ENVO:01000892]	Area of cropland [ENVO:01000892]	True	True	exact	0	Area of cropland [ENVO:01000892]				1.0	0.85	True
publication+supplements	supplement	nmdc:bsm-11-07qp3e36	env_medium	leaf [PO:0025034]	agricultural soil [ENVO:00002259] | plant matter [ENVO:01001121]	True	True	unrelated		agricultural soil [ENVO:00002259]				0.0	0.35	False
publication+supplements	supplement	nmdc:bsm-11-92m86j46	env_broad_scale	terrestrial biome [ENVO:00000446]	Terrestrial Biome [ENVO:00000446]	True	True	exact	0	Terrestrial Biome [ENVO:00000446]				1.0	0.85	True
publication+supplements	supplement	nmdc:bsm-11-92m86j46	env_local_scale	area of cropland [ENVO:01000892]	Area of cropland [ENVO:01000892]	True	True	exact	0	Area of cropland [ENVO:01000892]				1.0	0.85	True
publication+supplements	supplement	nmdc:bsm-11-92m86j46	env_medium	leaf [PO:0025034]	agricultural soil [ENVO:00002259] | plant matter [ENVO:01001121]	True	True	unrelated		agricultural soil [ENVO:00002259]				0.0	0.35	False
publication+supplements	supplement	nmdc:bsm-11-ywsr9543	env_broad_scale	terrestrial biome [ENVO:00000446]	Terrestrial Biome [ENVO:00000446]	True	True	exact	0	Terrestrial Biome [ENVO:00000446]				1.0	0.85	True
publication+supplements	supplement	nmdc:bsm-11-ywsr9543	env_local_scale	area of cropland [ENVO:01000892]	Area of cropland [ENVO:01000892]	True	True	exact	0	Area of cropland [ENVO:01000892]				1.0	0.85	True
publication+supplements	supplement	nmdc:bsm-11-ywsr9543	env_medium	leaf [PO:0025034]	agricultural soil [ENVO:00002259] | plant matter [ENVO:01001121]	True	True	unrelated		agricultural soil [ENVO:00002259]				0.0	0.35	False
publication+supplements	supplement	nmdc:bsm-11-adc8nc37	env_broad_scale	terrestrial biome [ENVO:00000446]	Terrestrial Biome [ENVO:00000446]	True	True	exact	0	Terrestrial Biome [ENVO:00000446]				1.0	0.85	True
publication+supplements	supplement	nmdc:bsm-11-adc8nc37	env_local_scale	area of cropland [ENVO:01000892]	Area of cropland [ENVO:01000892]	True	True	exact	0	Area of cropland [ENVO:01000892]				1.0	0.85	True
publication+supplements	supplement	nmdc:bsm-11-adc8nc37	env_medium	leaf [PO:0025034]	agricultural soil [ENVO:00002259] | plant matter [ENVO:01001121]	True	True	unrelated		agricultural soil [ENVO:00002259]				0.0	0.35	False
publication+supplements	supplement	nmdc:bsm-11-tew3vz89	env_broad_scale	terrestrial biome [ENVO:00000446]	Terrestrial Biome [ENVO:00000446]	True	True	exact	0	Terrestrial Biome [ENVO:00000446]				1.0	0.85	True
publication+supplements	supplement	nmdc:bsm-11-tew3vz89	env_local_scale	area of cropland [ENVO:01000892]	Area of cropland [ENVO:01000892]	True	True	exact	0	Area of cropland [ENVO:01000892]				1.0	0.85	True
publication+supplements	supplement	nmdc:bsm-11-tew3vz89	env_medium	leaf [PO:0025034]	agricultural soil [ENVO:00002259] | plant matter [ENVO:01001121]	True	True	unrelated		agricultural soil [ENVO:00002259]				0.0	0.35	False
publication+supplements	supplement	nmdc:bsm-11-tyzygh82	env_broad_scale	terrestrial biome [ENVO:00000446]	Terrestrial Biome [ENVO:00000446]	True	True	exact	0	Terrestrial Biome [ENVO:00000446]				1.0	0.85	True
publication+supplements	supplement	nmdc:bsm-11-tyzygh82	env_local_scale	area of cropland [ENVO:01000892]	Area of cropland [ENVO:01000892]	True	True	exact	0	Area of cropland [ENVO:01000892]				1.0	0.85	True
publication+supplements	supplement	nmdc:bsm-11-tyzygh82	env_medium	leaf [PO:0025034]	agricultural soil [ENVO:00002259] | plant matter [ENVO:01001121]	True	True	unrelated		agricultural soil [ENVO:00002259]				0.0	0.35	False
publication+supplements	supplement	nmdc:bsm-11-80bdyg71	env_broad_scale	terrestrial biome [ENVO:00000446]	Terrestrial Biome [ENVO:00000446]	True	True	exact	0	Terrestrial Biome [ENVO:00000446]				1.0	0.85	True
publication+supplements	supplement	nmdc:bsm-11-80bdyg71	env_local_scale	area of cropland [ENVO:01000892]	Area of cropland [ENVO:01000892]	True	True	exact	0	Area of cropland [ENVO:01000892]				1.0	0.85	True
publication+supplements	supplement	nmdc:bsm-11-80bdyg71	env_medium	leaf [PO:0025034]	agricultural soil [ENVO:00002259] | plant matter [ENVO:01001121]	True	True	unrelated		agricultural soil [ENVO:00002259]				0.0	0.35	False
publication+supplements	supplement	nmdc:bsm-11-jwasrx09	env_broad_scale	terrestrial biome [ENVO:00000446]	Terrestrial Biome [ENVO:00000446]	True	True	exact	0	Terrestrial Biome [ENVO:00000446]				1.0	0.85	True
publication+supplements	supplement	nmdc:bsm-11-jwasrx09	env_local_scale	area of cropland [ENVO:01000892]	Area of cropland [ENVO:01000892]	True	True	exact	0	Area of cropland [ENVO:01000892]				1.0	0.85	True
publication+supplements	supplement	nmdc:bsm-11-jwasrx09	env_medium	leaf [PO:0025034]	agricultural soil [ENVO:00002259] | plant matter [ENVO:01001121]	True	True	unrelated		agricultural soil [ENVO:00002259]				0.0	0.35	False
publication+supplements	supplement	nmdc:bsm-11-qe2ws334	env_broad_scale	terrestrial biome [ENVO:00000446]	Terrestrial Biome [ENVO:00000446]	True	True	exact	0	Terrestrial Biome [ENVO:00000446]				1.0	0.85	True
publication+supplements	supplement	nmdc:bsm-11-qe2ws334	env_local_scale	area of cropland [ENVO:01000892]	Area of cropland [ENVO:01000892]	True	True	exact	0	Area of cropland [ENVO:01000892]				1.0	0.85	True
publication+supplements	supplement	nmdc:bsm-11-qe2ws334	env_medium	leaf [PO:0025034]	agricultural soil [ENVO:00002259] | plant matter [ENVO:01001121]	True	True	unrelated		agricultural soil [ENVO:00002259]				0.0	0.35	False
publication+supplements	supplement	nmdc:bsm-11-2btg8s15	env_broad_scale	terrestrial biome [ENVO:00000446]	Terrestrial Biome [ENVO:00000446]	True	True	exact	0	Terrestrial Biome [ENVO:00000446]				1.0	0.85	True
publication+supplements	supplement	nmdc:bsm-11-2btg8s15	env_local_scale	area of cropland [ENVO:01000892]	Area of cropland [ENVO:01000892]	True	True	exact	0	Area of cropland [ENVO:01000892]				1.0	0.85	True
publication+supplements	supplement	nmdc:bsm-11-2btg8s15	env_medium	leaf [PO:0025034]	agricultural soil [ENVO:00002259] | plant matter [ENVO:01001121]	True	True	unrelated		agricultural soil [ENVO:00002259]				0.0	0.35	False
publication+supplements	supplement	nmdc:bsm-11-4hmq1r09	env_broad_scale	terrestrial biome [ENVO:00000446]	Terrestrial Biome [ENVO:00000446]	True	True	exact	0	Terrestrial Biome [ENVO:00000446]				1.0	0.85	True
publication+supplements	supplement	nmdc:bsm-11-4hmq1r09	env_local_scale	area of cropland [ENVO:01000892]	Area of cropland [ENVO:01000892]	True	True	exact	0	Area of cropland [ENVO:01000892]				1.0	0.85	True
publication+supplements	supplement	nmdc:bsm-11-4hmq1r09	env_medium	leaf [PO:0025034]	agricultural soil [ENVO:00002259] | plant matter [ENVO:01001121]	True	True	unrelated		agricultural soil [ENVO:00002259]				0.0	0.35	False
publication+supplements	supplement	nmdc:bsm-11-hesr2613	env_broad_scale	terrestrial biome [ENVO:00000446]	Terrestrial Biome [ENVO:00000446]	True	True	exact	0	Terrestrial Biome [ENVO:00000446]				1.0	0.85	True
publication+supplements	supplement	nmdc:bsm-11-hesr2613	env_local_scale	area of cropland [ENVO:01000892]	Area of cropland [ENVO:01000892]	True	True	exact	0	Area of cropland [ENVO:01000892]				1.0	0.85	True
publication+supplements	supplement	nmdc:bsm-11-hesr2613	env_medium	leaf [PO:0025034]	agricultural soil [ENVO:00002259] | plant matter [ENVO:01001121]	True	True	unrelated		agricultural soil [ENVO:00002259]				0.0	0.35	False
publication+supplements	supplement	nmdc:bsm-11-stf7ba19	env_broad_scale	terrestrial biome [ENVO:00000446]	Terrestrial Biome [ENVO:00000446]	True	True	exact	0	Terrestrial Biome [ENVO:00000446]				1.0	0.85	True
publication+supplements	supplement	nmdc:bsm-11-stf7ba19	env_local_scale	area of cropland [ENVO:01000892]	Area of cropland [ENVO:01000892]	True	True	exact	0	Area of cropland [ENVO:01000892]				1.0	0.85	True
publication+supplements	supplement	nmdc:bsm-11-stf7ba19	env_medium	leaf [PO:0025034]	agricultural soil [ENVO:00002259] | plant matter [ENVO:01001121]	True	True	unrelated		agricultural soil [ENVO:00002259]				0.0	0.35	False
publication+supplements	supplement	nmdc:bsm-11-3we9d184	env_broad_scale	terrestrial biome [ENVO:00000446]	Terrestrial Biome [ENVO:00000446]	True	True	exact	0	Terrestrial Biome [ENVO:00000446]				1.0	0.85	True
publication+supplements	supplement	nmdc:bsm-11-3we9d184	env_local_scale	area of cropland [ENVO:01000892]	Area of cropland [ENVO:01000892]	True	True	exact	0	Area of cropland [ENVO:01000892]				1.0	0.85	True
publication+supplements	supplement	nmdc:bsm-11-3we9d184	env_medium	leaf [PO:0025034]	agricultural soil [ENVO:00002259] | plant matter [ENVO:01001121]	True	True	unrelated		agricultural soil [ENVO:00002259]				0.0	0.35	False
publication+supplements	supplement	nmdc:bsm-11-3bp8t709	env_broad_scale	terrestrial biome [ENVO:00000446]	Terrestrial Biome [ENVO:00000446]	True	True	exact	0	Terrestrial Biome [ENVO:00000446]				1.0	0.85	True
publication+supplements	supplement	nmdc:bsm-11-3bp8t709	env_local_scale	area of cropland [ENVO:01000892]	Area of cropland [ENVO:01000892]	True	True	exact	0	Area of cropland [ENVO:01000892]				1.0	0.85	True
publication+supplements	supplement	nmdc:bsm-11-3bp8t709	env_medium	leaf [PO:0025034]	agricultural soil [ENVO:00002259] | plant matter [ENVO:01001121]	True	True	unrelated		agricultural soil [ENVO:00002259]				0.0	0.35	False
publication+supplements	supplement	nmdc:bsm-11-bp54wm37	env_broad_scale	terrestrial biome [ENVO:00000446]	Terrestrial Biome [ENVO:00000446]	True	True	exact	0	Terrestrial Biome [ENVO:00000446]				1.0	0.85	True
publication+supplements	supplement	nmdc:bsm-11-bp54wm37	env_local_scale	area of cropland [ENVO:01000892]	Area of cropland [ENVO:01000892]	True	True	exact	0	Area of cropland [ENVO:01000892]				1.0	0.85	True
publication+supplements	supplement	nmdc:bsm-11-bp54wm37	env_medium	leaf [PO:0025034]	agricultural soil [ENVO:00002259] | plant matter [ENVO:01001121]	True	True	unrelated		agricultural soil [ENVO:00002259]				0.0	0.35	False
publication+supplements	supplement	nmdc:bsm-11-39ffvf62	env_broad_scale	terrestrial biome [ENVO:00000446]	Terrestrial Biome [ENVO:00000446]	True	True	exact	0	Terrestrial Biome [ENVO:00000446]				1.0	0.85	True
publication+supplements	supplement	nmdc:bsm-11-39ffvf62	env_local_scale	area of cropland [ENVO:01000892]	Area of cropland [ENVO:01000892]	True	True	exact	0	Area of cropland [ENVO:01000892]				1.0	0.85	True
publication+supplements	supplement	nmdc:bsm-11-39ffvf62	env_medium	leaf [PO:0025034]	agricultural soil [ENVO:00002259] | plant matter [ENVO:01001121]	True	True	unrelated		agricultural soil [ENVO:00002259]				0.0	0.35	False
publication+supplements	supplement	nmdc:bsm-11-nhmgz959	env_broad_scale	terrestrial biome [ENVO:00000446]	Terrestrial Biome [ENVO:00000446]	True	True	exact	0	Terrestrial Biome [ENVO:00000446]				1.0	0.85	True
publication+supplements	supplement	nmdc:bsm-11-nhmgz959	env_local_scale	area of cropland [ENVO:01000892]	Area of cropland [ENVO:01000892]	True	True	exact	0	Area of cropland [ENVO:01000892]				1.0	0.85	True
publication+supplements	supplement	nmdc:bsm-11-nhmgz959	env_medium	leaf [PO:0025034]	agricultural soil [ENVO:00002259] | plant matter [ENVO:01001121]	True	True	unrelated		agricultural soil [ENVO:00002259]				0.0	0.35	False
publication+supplements	supplement	nmdc:bsm-11-c69gft27	env_broad_scale	terrestrial biome [ENVO:00000446]	Terrestrial Biome [ENVO:00000446]	True	True	exact	0	Terrestrial Biome [ENVO:00000446]				1.0	0.85	True
publication+supplements	supplement	nmdc:bsm-11-c69gft27	env_local_scale	area of cropland [ENVO:01000892]	Area of cropland [ENVO:01000892]	True	True	exact	0	Area of cropland [ENVO:01000892]				1.0	0.85	True
publication+supplements	supplement	nmdc:bsm-11-c69gft27	env_medium	leaf [PO:0025034]	agricultural soil [ENVO:00002259] | plant matter [ENVO:01001121]	True	True	unrelated		agricultural soil [ENVO:00002259]				0.0	0.35	False
publication+supplements	supplement	nmdc:bsm-11-skkg3v08	env_broad_scale	terrestrial biome [ENVO:00000446]	Terrestrial Biome [ENVO:00000446]	True	True	exact	0	Terrestrial Biome [ENVO:00000446]				1.0	0.85	True
publication+supplements	supplement	nmdc:bsm-11-skkg3v08	env_local_scale	area of cropland [ENVO:01000892]	Area of cropland [ENVO:01000892]	True	True	exact	0	Area of cropland [ENVO:01000892]				1.0	0.85	True
publication+supplements	supplement	nmdc:bsm-11-skkg3v08	env_medium	leaf [PO:0025034]	agricultural soil [ENVO:00002259] | plant matter [ENVO:01001121]	True	True	unrelated		agricultural soil [ENVO:00002259]				0.0	0.35	False
publication+supplements	supplement	nmdc:bsm-11-nahfhm41	env_broad_scale	terrestrial biome [ENVO:00000446]	Terrestrial Biome [ENVO:00000446]	True	True	exact	0	Terrestrial Biome [ENVO:00000446]				1.0	0.85	True
publication+supplements	supplement	nmdc:bsm-11-nahfhm41	env_local_scale	area of cropland [ENVO:01000892]	Area of cropland [ENVO:01000892]	True	True	exact	0	Area of cropland [ENVO:01000892]				1.0	0.85	True
publication+supplements	supplement	nmdc:bsm-11-nahfhm41	env_medium	leaf [PO:0025034]	agricultural soil [ENVO:00002259] | plant matter [ENVO:01001121]	True	True	unrelated		agricultural soil [ENVO:00002259]				0.0	0.35	False
publication+supplements	supplement	nmdc:bsm-11-vw3jbk60	env_broad_scale	terrestrial biome [ENVO:00000446]	Terrestrial Biome [ENVO:00000446]	True	True	exact	0	Terrestrial Biome [ENVO:00000446]				1.0	0.85	True
publication+supplements	supplement	nmdc:bsm-11-vw3jbk60	env_local_scale	area of cropland [ENVO:01000892]	Area of cropland [ENVO:01000892]	True	True	exact	0	Area of cropland [ENVO:01000892]				1.0	0.85	True
publication+supplements	supplement	nmdc:bsm-11-vw3jbk60	env_medium	leaf [PO:0025034]	agricultural soil [ENVO:00002259] | plant matter [ENVO:01001121]	True	True	unrelated		agricultural soil [ENVO:00002259]				0.0	0.35	False
publication+supplements	supplement	nmdc:bsm-11-ddj1pw11	env_broad_scale	terrestrial biome [ENVO:00000446]	Terrestrial Biome [ENVO:00000446]	True	True	exact	0	Terrestrial Biome [ENVO:00000446]				1.0	0.85	True
publication+supplements	supplement	nmdc:bsm-11-ddj1pw11	env_local_scale	area of cropland [ENVO:01000892]	Area of cropland [ENVO:01000892]	True	True	exact	0	Area of cropland [ENVO:01000892]				1.0	0.85	True
publication+supplements	supplement	nmdc:bsm-11-ddj1pw11	env_medium	leaf [PO:0025034]	agricultural soil [ENVO:00002259] | plant matter [ENVO:01001121]	True	True	unrelated		agricultural soil [ENVO:00002259]				0.0	0.35	False
publication+supplements	supplement	nmdc:bsm-11-htwn4756	env_broad_scale	terrestrial biome [ENVO:00000446]	Terrestrial Biome [ENVO:00000446]	True	True	exact	0	Terrestrial Biome [ENVO:00000446]				1.0	0.85	True
publication+supplements	supplement	nmdc:bsm-11-htwn4756	env_local_scale	area of cropland [ENVO:01000892]	Area of cropland [ENVO:01000892]	True	True	exact	0	Area of cropland [ENVO:01000892]				1.0	0.85	True
publication+supplements	supplement	nmdc:bsm-11-htwn4756	env_medium	leaf [PO:0025034]	agricultural soil [ENVO:00002259] | plant matter [ENVO:01001121]	True	True	unrelated		agricultural soil [ENVO:00002259]				0.0	0.35	False
publication+supplements	supplement	nmdc:bsm-11-xnbh4c30	env_broad_scale	terrestrial biome [ENVO:00000446]	Terrestrial Biome [ENVO:00000446]	True	True	exact	0	Terrestrial Biome [ENVO:00000446]				1.0	0.85	True
publication+supplements	supplement	nmdc:bsm-11-xnbh4c30	env_local_scale	area of cropland [ENVO:01000892]	Area of cropland [ENVO:01000892]	True	True	exact	0	Area of cropland [ENVO:01000892]				1.0	0.85	True
publication+supplements	supplement	nmdc:bsm-11-xnbh4c30	env_medium	leaf [PO:0025034]	agricultural soil [ENVO:00002259] | plant matter [ENVO:01001121]	True	True	unrelated		agricultural soil [ENVO:00002259]				0.0	0.35	False
publication+supplements	supplement	nmdc:bsm-11-hgsmz769	env_broad_scale	terrestrial biome [ENVO:00000446]	Terrestrial Biome [ENVO:00000446]	True	True	exact	0	Terrestrial Biome [ENVO:00000446]				1.0	0.85	True
publication+supplements	supplement	nmdc:bsm-11-hgsmz769	env_local_scale	area of cropland [ENVO:01000892]	Area of cropland [ENVO:01000892]	True	True	exact	0	Area of cropland [ENVO:01000892]				1.0	0.85	True
publication+supplements	supplement	nmdc:bsm-11-hgsmz769	env_medium	leaf [PO:0025034]	agricultural soil [ENVO:00002259] | plant matter [ENVO:01001121]	True	True	unrelated		agricultural soil [ENVO:00002259]				0.0	0.35	False
publication+supplements	supplement	nmdc:bsm-11-6ba0xr45	env_broad_scale	terrestrial biome [ENVO:00000446]	Terrestrial Biome [ENVO:00000446]	True	True	exact	0	Terrestrial Biome [ENVO:00000446]				1.0	0.85	True
publication+supplements	supplement	nmdc:bsm-11-6ba0xr45	env_local_scale	area of cropland [ENVO:01000892]	Area of cropland [ENVO:01000892]	True	True	exact	0	Area of cropland [ENVO:01000892]				1.0	0.85	True
publication+supplements	supplement	nmdc:bsm-11-6ba0xr45	env_medium	leaf [PO:0025034]	agricultural soil [ENVO:00002259] | plant matter [ENVO:01001121]	True	True	unrelated		agricultural soil [ENVO:00002259]				0.0	0.35	False
publication+supplements	supplement	nmdc:bsm-11-6z6te940	env_broad_scale	terrestrial biome [ENVO:00000446]	Terrestrial Biome [ENVO:00000446]	True	True	exact	0	Terrestrial Biome [ENVO:00000446]				1.0	0.85	True
publication+supplements	supplement	nmdc:bsm-11-6z6te940	env_local_scale	area of cropland [ENVO:01000892]	Area of cropland [ENVO:01000892]	True	True	exact	0	Area of cropland [ENVO:01000892]				1.0	0.85	True
publication+supplements	supplement	nmdc:bsm-11-6z6te940	env_medium	leaf [PO:0025034]	agricultural soil [ENVO:00002259] | plant matter [ENVO:01001121]	True	True	unrelated		agricultural soil [ENVO:00002259]				0.0	0.35	False
publication+supplements	supplement	nmdc:bsm-11-rfrgbh91	env_broad_scale	terrestrial biome [ENVO:00000446]	Terrestrial Biome [ENVO:00000446]	True	True	exact	0	Terrestrial Biome [ENVO:00000446]				1.0	0.85	True
publication+supplements	supplement	nmdc:bsm-11-rfrgbh91	env_local_scale	area of cropland [ENVO:01000892]	Area of cropland [ENVO:01000892]	True	True	exact	0	Area of cropland [ENVO:01000892]				1.0	0.85	True
publication+supplements	supplement	nmdc:bsm-11-rfrgbh91	env_medium	leaf [PO:0025034]	agricultural soil [ENVO:00002259] | plant matter [ENVO:01001121]	True	True	unrelated		agricultural soil [ENVO:00002259]				0.0	0.35	False
publication+supplements	supplement	nmdc:bsm-11-cwgggf43	env_broad_scale	terrestrial biome [ENVO:00000446]	Terrestrial Biome [ENVO:00000446]	True	True	exact	0	Terrestrial Biome [ENVO:00000446]				1.0	0.85	True
publication+supplements	supplement	nmdc:bsm-11-cwgggf43	env_local_scale	area of cropland [ENVO:01000892]	Area of cropland [ENVO:01000892]	True	True	exact	0	Area of cropland [ENVO:01000892]				1.0	0.85	True
publication+supplements	supplement	nmdc:bsm-11-cwgggf43	env_medium	leaf [PO:0025034]	agricultural soil [ENVO:00002259] | plant matter [ENVO:01001121]	True	True	unrelated		agricultural soil [ENVO:00002259]				0.0	0.35	False
publication+supplements	supplement	nmdc:bsm-11-8kaw9q16	env_broad_scale	terrestrial biome [ENVO:00000446]	Terrestrial Biome [ENVO:00000446]	True	True	exact	0	Terrestrial Biome [ENVO:00000446]				1.0	0.85	True
publication+supplements	supplement	nmdc:bsm-11-8kaw9q16	env_local_scale	area of cropland [ENVO:01000892]	Area of cropland [ENVO:01000892]	True	True	exact	0	Area of cropland [ENVO:01000892]				1.0	0.85	True
publication+supplements	supplement	nmdc:bsm-11-8kaw9q16	env_medium	leaf [PO:0025034]	agricultural soil [ENVO:00002259] | plant matter [ENVO:01001121]	True	True	unrelated		agricultural soil [ENVO:00002259]				0.0	0.35	False
publication+supplements	supplement	nmdc:bsm-11-rt430k29	env_broad_scale	terrestrial biome [ENVO:00000446]	Terrestrial Biome [ENVO:00000446]	True	True	exact	0	Terrestrial Biome [ENVO:00000446]				1.0	0.85	True
publication+supplements	supplement	nmdc:bsm-11-rt430k29	env_local_scale	area of cropland [ENVO:01000892]	Area of cropland [ENVO:01000892]	True	True	exact	0	Area of cropland [ENVO:01000892]				1.0	0.85	True
publication+supplements	supplement	nmdc:bsm-11-rt430k29	env_medium	leaf [PO:0025034]	agricultural soil [ENVO:00002259] | plant matter [ENVO:01001121]	True	True	unrelated		agricultural soil [ENVO:00002259]				0.0	0.35	False
publication+supplements	supplement	nmdc:bsm-11-72bek389	env_broad_scale	terrestrial biome [ENVO:00000446]	Terrestrial Biome [ENVO:00000446]	True	True	exact	0	Terrestrial Biome [ENVO:00000446]				1.0	0.85	True
publication+supplements	supplement	nmdc:bsm-11-72bek389	env_local_scale	area of cropland [ENVO:01000892]	Area of cropland [ENVO:01000892]	True	True	exact	0	Area of cropland [ENVO:01000892]				1.0	0.85	True
publication+supplements	supplement	nmdc:bsm-11-72bek389	env_medium	leaf [PO:0025034]	agricultural soil [ENVO:00002259] | plant matter [ENVO:01001121]	True	True	unrelated		agricultural soil [ENVO:00002259]				0.0	0.35	False
publication+supplements	supplement	nmdc:bsm-11-v3snhf66	env_broad_scale	terrestrial biome [ENVO:00000446]	Terrestrial Biome [ENVO:00000446]	True	True	exact	0	Terrestrial Biome [ENVO:00000446]				1.0	0.85	True
publication+supplements	supplement	nmdc:bsm-11-v3snhf66	env_local_scale	area of cropland [ENVO:01000892]	Area of cropland [ENVO:01000892]	True	True	exact	0	Area of cropland [ENVO:01000892]				1.0	0.85	True
publication+supplements	supplement	nmdc:bsm-11-v3snhf66	env_medium	leaf [PO:0025034]	agricultural soil [ENVO:00002259] | plant matter [ENVO:01001121]	True	True	unrelated		agricultural soil [ENVO:00002259]				0.0	0.35	False
publication+supplements	supplement	nmdc:bsm-11-snfctz27	env_broad_scale	terrestrial biome [ENVO:00000446]	Terrestrial Biome [ENVO:00000446]	True	True	exact	0	Terrestrial Biome [ENVO:00000446]				1.0	0.85	True
publication+supplements	supplement	nmdc:bsm-11-snfctz27	env_local_scale	area of cropland [ENVO:01000892]	Area of cropland [ENVO:01000892]	True	True	exact	0	Area of cropland [ENVO:01000892]				1.0	0.85	True
publication+supplements	supplement	nmdc:bsm-11-snfctz27	env_medium	leaf [PO:0025034]	agricultural soil [ENVO:00002259] | plant matter [ENVO:01001121]	True	True	unrelated		agricultural soil [ENVO:00002259]				0.0	0.35	False
publication+supplements	supplement	nmdc:bsm-11-hs153937	env_broad_scale	terrestrial biome [ENVO:00000446]	Terrestrial Biome [ENVO:00000446]	True	True	exact	0	Terrestrial Biome [ENVO:00000446]				1.0	0.85	True
publication+supplements	supplement	nmdc:bsm-11-hs153937	env_local_scale	area of cropland [ENVO:01000892]	Area of cropland [ENVO:01000892]	True	True	exact	0	Area of cropland [ENVO:01000892]				1.0	0.85	True
publication+supplements	supplement	nmdc:bsm-11-hs153937	env_medium	leaf [PO:0025034]	agricultural soil [ENVO:00002259] | plant matter [ENVO:01001121]	True	True	unrelated		agricultural soil [ENVO:00002259]				0.0	0.35	False
publication+supplements	supplement	nmdc:bsm-11-19z9km20	env_broad_scale	terrestrial biome [ENVO:00000446]	Terrestrial Biome [ENVO:00000446]	True	True	exact	0	Terrestrial Biome [ENVO:00000446]				1.0	0.85	True
publication+supplements	supplement	nmdc:bsm-11-19z9km20	env_local_scale	area of cropland [ENVO:01000892]	Area of cropland [ENVO:01000892]	True	True	exact	0	Area of cropland [ENVO:01000892]				1.0	0.85	True
publication+supplements	supplement	nmdc:bsm-11-19z9km20	env_medium	leaf [PO:0025034]	agricultural soil [ENVO:00002259] | plant matter [ENVO:01001121]	True	True	unrelated		agricultural soil [ENVO:00002259]				0.0	0.35	False
publication+supplements	supplement	nmdc:bsm-11-6d731x94	env_broad_scale	terrestrial biome [ENVO:00000446]	Terrestrial Biome [ENVO:00000446]	True	True	exact	0	Terrestrial Biome [ENVO:00000446]				1.0	0.85	True
publication+supplements	supplement	nmdc:bsm-11-6d731x94	env_local_scale	area of cropland [ENVO:01000892]	Area of cropland [ENVO:01000892]	True	True	exact	0	Area of cropland [ENVO:01000892]				1.0	0.85	True
publication+supplements	supplement	nmdc:bsm-11-6d731x94	env_medium	leaf [PO:0025034]	agricultural soil [ENVO:00002259] | plant matter [ENVO:01001121]	True	True	unrelated		agricultural soil [ENVO:00002259]				0.0	0.35	False
publication+supplements	supplement	nmdc:bsm-11-vgwb6e54	env_broad_scale	terrestrial biome [ENVO:00000446]	Terrestrial Biome [ENVO:00000446]	True	True	exact	0	Terrestrial Biome [ENVO:00000446]				1.0	0.85	True
publication+supplements	supplement	nmdc:bsm-11-vgwb6e54	env_local_scale	area of cropland [ENVO:01000892]	Area of cropland [ENVO:01000892]	True	True	exact	0	Area of cropland [ENVO:01000892]				1.0	0.85	True
publication+supplements	supplement	nmdc:bsm-11-vgwb6e54	env_medium	leaf [PO:0025034]	agricultural soil [ENVO:00002259] | plant matter [ENVO:01001121]	True	True	unrelated		agricultural soil [ENVO:00002259]				0.0	0.35	False
publication+supplements	supplement	nmdc:bsm-11-m08fbx84	env_broad_scale	terrestrial biome [ENVO:00000446]	Terrestrial Biome [ENVO:00000446]	True	True	exact	0	Terrestrial Biome [ENVO:00000446]				1.0	0.85	True
publication+supplements	supplement	nmdc:bsm-11-m08fbx84	env_local_scale	area of cropland [ENVO:01000892]	Area of cropland [ENVO:01000892]	True	True	exact	0	Area of cropland [ENVO:01000892]				1.0	0.85	True
publication+supplements	supplement	nmdc:bsm-11-m08fbx84	env_medium	leaf [PO:0025034]	agricultural soil [ENVO:00002259] | plant matter [ENVO:01001121]	True	True	unrelated		agricultural soil [ENVO:00002259]				0.0	0.35	False
publication+supplements	supplement	nmdc:bsm-11-4w06fv35	env_broad_scale	terrestrial biome [ENVO:00000446]	Terrestrial Biome [ENVO:00000446]	True	True	exact	0	Terrestrial Biome [ENVO:00000446]				1.0	0.85	True
publication+supplements	supplement	nmdc:bsm-11-4w06fv35	env_local_scale	area of cropland [ENVO:01000892]	Area of cropland [ENVO:01000892]	True	True	exact	0	Area of cropland [ENVO:01000892]				1.0	0.85	True
publication+supplements	supplement	nmdc:bsm-11-4w06fv35	env_medium	leaf [PO:0025034]	agricultural soil [ENVO:00002259] | plant matter [ENVO:01001121]	True	True	unrelated		agricultural soil [ENVO:00002259]				0.0	0.35	False
publication+supplements	supplement	nmdc:bsm-11-gaa15d67	env_broad_scale	terrestrial biome [ENVO:00000446]	Terrestrial Biome [ENVO:00000446]	True	True	exact	0	Terrestrial Biome [ENVO:00000446]				1.0	0.85	True
publication+supplements	supplement	nmdc:bsm-11-gaa15d67	env_local_scale	area of cropland [ENVO:01000892]	Area of cropland [ENVO:01000892]	True	True	exact	0	Area of cropland [ENVO:01000892]				1.0	0.85	True
publication+supplements	supplement	nmdc:bsm-11-gaa15d67	env_medium	plant matter [ENVO:01001121]	agricultural soil [ENVO:00002259] | plant matter [ENVO:01001121]	True	True	exact	0	plant matter [ENVO:01001121]				1.0	0.85	True
publication+supplements	supplement	nmdc:bsm-11-rv0kzb71	env_broad_scale	terrestrial biome [ENVO:00000446]	Terrestrial Biome [ENVO:00000446]	True	True	exact	0	Terrestrial Biome [ENVO:00000446]				1.0	0.85	True
publication+supplements	supplement	nmdc:bsm-11-rv0kzb71	env_local_scale	area of cropland [ENVO:01000892]	Area of cropland [ENVO:01000892]	True	True	exact	0	Area of cropland [ENVO:01000892]				1.0	0.85	True
publication+supplements	supplement	nmdc:bsm-11-rv0kzb71	env_medium	plant matter [ENVO:01001121]	agricultural soil [ENVO:00002259] | plant matter [ENVO:01001121]	True	True	exact	0	plant matter [ENVO:01001121]				1.0	0.85	True
publication+supplements	supplement	nmdc:bsm-11-bgsyn946	env_broad_scale	terrestrial biome [ENVO:00000446]	Terrestrial Biome [ENVO:00000446]	True	True	exact	0	Terrestrial Biome [ENVO:00000446]				1.0	0.85	True
publication+supplements	supplement	nmdc:bsm-11-bgsyn946	env_local_scale	area of cropland [ENVO:01000892]	Area of cropland [ENVO:01000892]	True	True	exact	0	Area of cropland [ENVO:01000892]				1.0	0.85	True
publication+supplements	supplement	nmdc:bsm-11-bgsyn946	env_medium	plant matter [ENVO:01001121]	agricultural soil [ENVO:00002259] | plant matter [ENVO:01001121]	True	True	exact	0	plant matter [ENVO:01001121]				1.0	0.85	True
publication+supplements	supplement	nmdc:bsm-11-3g522z71	env_broad_scale	terrestrial biome [ENVO:00000446]	Terrestrial Biome [ENVO:00000446]	True	True	exact	0	Terrestrial Biome [ENVO:00000446]				1.0	0.85	True
publication+supplements	supplement	nmdc:bsm-11-3g522z71	env_local_scale	area of cropland [ENVO:01000892]	Area of cropland [ENVO:01000892]	True	True	exact	0	Area of cropland [ENVO:01000892]				1.0	0.85	True
publication+supplements	supplement	nmdc:bsm-11-3g522z71	env_medium	plant matter [ENVO:01001121]	agricultural soil [ENVO:00002259] | plant matter [ENVO:01001121]	True	True	exact	0	plant matter [ENVO:01001121]				1.0	0.85	True
publication+supplements	supplement	nmdc:bsm-11-btm3zf82	env_broad_scale	terrestrial biome [ENVO:00000446]	Terrestrial Biome [ENVO:00000446]	True	True	exact	0	Terrestrial Biome [ENVO:00000446]				1.0	0.85	True
publication+supplements	supplement	nmdc:bsm-11-btm3zf82	env_local_scale	area of cropland [ENVO:01000892]	Area of cropland [ENVO:01000892]	True	True	exact	0	Area of cropland [ENVO:01000892]				1.0	0.85	True
publication+supplements	supplement	nmdc:bsm-11-btm3zf82	env_medium	plant matter [ENVO:01001121]	agricultural soil [ENVO:00002259] | plant matter [ENVO:01001121]	True	True	exact	0	plant matter [ENVO:01001121]				1.0	0.85	True
publication+supplements	supplement	nmdc:bsm-11-fjas8n82	env_broad_scale	terrestrial biome [ENVO:00000446]	Terrestrial Biome [ENVO:00000446]	True	True	exact	0	Terrestrial Biome [ENVO:00000446]				1.0	0.85	True
publication+supplements	supplement	nmdc:bsm-11-fjas8n82	env_local_scale	area of cropland [ENVO:01000892]	Area of cropland [ENVO:01000892]	True	True	exact	0	Area of cropland [ENVO:01000892]				1.0	0.85	True
publication+supplements	supplement	nmdc:bsm-11-fjas8n82	env_medium	plant matter [ENVO:01001121]	agricultural soil [ENVO:00002259] | plant matter [ENVO:01001121]	True	True	exact	0	plant matter [ENVO:01001121]				1.0	0.85	True
publication+supplements	supplement	nmdc:bsm-11-06mvg980	env_broad_scale	terrestrial biome [ENVO:00000446]	Terrestrial Biome [ENVO:00000446]	True	True	exact	0	Terrestrial Biome [ENVO:00000446]				1.0	0.85	True
publication+supplements	supplement	nmdc:bsm-11-06mvg980	env_local_scale	area of cropland [ENVO:01000892]	Area of cropland [ENVO:01000892]	True	True	exact	0	Area of cropland [ENVO:01000892]				1.0	0.85	True
publication+supplements	supplement	nmdc:bsm-11-06mvg980	env_medium	plant matter [ENVO:01001121]	agricultural soil [ENVO:00002259] | plant matter [ENVO:01001121]	True	True	exact	0	plant matter [ENVO:01001121]				1.0	0.85	True
publication+supplements	supplement	nmdc:bsm-11-mg4xhx34	env_broad_scale	terrestrial biome [ENVO:00000446]	Terrestrial Biome [ENVO:00000446]	True	True	exact	0	Terrestrial Biome [ENVO:00000446]				1.0	0.85	True
publication+supplements	supplement	nmdc:bsm-11-mg4xhx34	env_local_scale	area of cropland [ENVO:01000892]	Area of cropland [ENVO:01000892]	True	True	exact	0	Area of cropland [ENVO:01000892]				1.0	0.85	True
publication+supplements	supplement	nmdc:bsm-11-mg4xhx34	env_medium	plant matter [ENVO:01001121]	agricultural soil [ENVO:00002259] | plant matter [ENVO:01001121]	True	True	exact	0	plant matter [ENVO:01001121]				1.0	0.85	True
publication+supplements	supplement	nmdc:bsm-11-nywmab67	env_broad_scale	terrestrial biome [ENVO:00000446]	Terrestrial Biome [ENVO:00000446]	True	True	exact	0	Terrestrial Biome [ENVO:00000446]				1.0	0.85	True
publication+supplements	supplement	nmdc:bsm-11-nywmab67	env_local_scale	area of cropland [ENVO:01000892]	Area of cropland [ENVO:01000892]	True	True	exact	0	Area of cropland [ENVO:01000892]				1.0	0.85	True
publication+supplements	supplement	nmdc:bsm-11-nywmab67	env_medium	plant matter [ENVO:01001121]	agricultural soil [ENVO:00002259] | plant matter [ENVO:01001121]	True	True	exact	0	plant matter [ENVO:01001121]				1.0	0.85	True
publication+supplements	supplement	nmdc:bsm-11-5vg3xj92	env_broad_scale	terrestrial biome [ENVO:00000446]	Terrestrial Biome [ENVO:00000446]	True	True	exact	0	Terrestrial Biome [ENVO:00000446]				1.0	0.85	True
publication+supplements	supplement	nmdc:bsm-11-5vg3xj92	env_local_scale	area of cropland [ENVO:01000892]	Area of cropland [ENVO:01000892]	True	True	exact	0	Area of cropland [ENVO:01000892]				1.0	0.85	True
publication+supplements	supplement	nmdc:bsm-11-5vg3xj92	env_medium	plant matter [ENVO:01001121]	agricultural soil [ENVO:00002259] | plant matter [ENVO:01001121]	True	True	exact	0	plant matter [ENVO:01001121]				1.0	0.85	True
publication+supplements	supplement	nmdc:bsm-11-t2w8a056	env_broad_scale	terrestrial biome [ENVO:00000446]	Terrestrial Biome [ENVO:00000446]	True	True	exact	0	Terrestrial Biome [ENVO:00000446]				1.0	0.85	True
publication+supplements	supplement	nmdc:bsm-11-t2w8a056	env_local_scale	area of cropland [ENVO:01000892]	Area of cropland [ENVO:01000892]	True	True	exact	0	Area of cropland [ENVO:01000892]				1.0	0.85	True
publication+supplements	supplement	nmdc:bsm-11-t2w8a056	env_medium	plant matter [ENVO:01001121]	agricultural soil [ENVO:00002259] | plant matter [ENVO:01001121]	True	True	exact	0	plant matter [ENVO:01001121]				1.0	0.85	True
publication+supplements	supplement	nmdc:bsm-11-5gj6wm02	env_broad_scale	terrestrial biome [ENVO:00000446]	Terrestrial Biome [ENVO:00000446]	True	True	exact	0	Terrestrial Biome [ENVO:00000446]				1.0	0.85	True
publication+supplements	supplement	nmdc:bsm-11-5gj6wm02	env_local_scale	area of cropland [ENVO:01000892]	Area of cropland [ENVO:01000892]	True	True	exact	0	Area of cropland [ENVO:01000892]				1.0	0.85	True
publication+supplements	supplement	nmdc:bsm-11-5gj6wm02	env_medium	plant matter [ENVO:01001121]	agricultural soil [ENVO:00002259] | plant matter [ENVO:01001121]	True	True	exact	0	plant matter [ENVO:01001121]				1.0	0.85	True
publication+supplements	supplement	nmdc:bsm-11-1gm9pn76	env_broad_scale	terrestrial biome [ENVO:00000446]	Terrestrial Biome [ENVO:00000446]	True	True	exact	0	Terrestrial Biome [ENVO:00000446]				1.0	0.85	True
publication+supplements	supplement	nmdc:bsm-11-1gm9pn76	env_local_scale	area of cropland [ENVO:01000892]	Area of cropland [ENVO:01000892]	True	True	exact	0	Area of cropland [ENVO:01000892]				1.0	0.85	True
publication+supplements	supplement	nmdc:bsm-11-1gm9pn76	env_medium	plant matter [ENVO:01001121]	agricultural soil [ENVO:00002259] | plant matter [ENVO:01001121]	True	True	exact	0	plant matter [ENVO:01001121]				1.0	0.85	True
publication+supplements	supplement	nmdc:bsm-11-0435yq18	env_broad_scale	terrestrial biome [ENVO:00000446]	Terrestrial Biome [ENVO:00000446]	True	True	exact	0	Terrestrial Biome [ENVO:00000446]				1.0	0.85	True
publication+supplements	supplement	nmdc:bsm-11-0435yq18	env_local_scale	area of cropland [ENVO:01000892]	Area of cropland [ENVO:01000892]	True	True	exact	0	Area of cropland [ENVO:01000892]				1.0	0.85	True
publication+supplements	supplement	nmdc:bsm-11-0435yq18	env_medium	plant matter [ENVO:01001121]	agricultural soil [ENVO:00002259] | plant matter [ENVO:01001121]	True	True	exact	0	plant matter [ENVO:01001121]				1.0	0.85	True
publication+supplements	supplement	nmdc:bsm-11-x6cq0675	env_broad_scale	terrestrial biome [ENVO:00000446]	Terrestrial Biome [ENVO:00000446]	True	True	exact	0	Terrestrial Biome [ENVO:00000446]				1.0	0.85	True
publication+supplements	supplement	nmdc:bsm-11-x6cq0675	env_local_scale	area of cropland [ENVO:01000892]	Area of cropland [ENVO:01000892]	True	True	exact	0	Area of cropland [ENVO:01000892]				1.0	0.85	True
publication+supplements	supplement	nmdc:bsm-11-x6cq0675	env_medium	plant matter [ENVO:01001121]	agricultural soil [ENVO:00002259] | plant matter [ENVO:01001121]	True	True	exact	0	plant matter [ENVO:01001121]				1.0	0.85	True
publication+supplements	supplement	nmdc:bsm-11-58kpt479	env_broad_scale	terrestrial biome [ENVO:00000446]	Terrestrial Biome [ENVO:00000446]	True	True	exact	0	Terrestrial Biome [ENVO:00000446]				1.0	0.85	True
publication+supplements	supplement	nmdc:bsm-11-58kpt479	env_local_scale	area of cropland [ENVO:01000892]	Area of cropland [ENVO:01000892]	True	True	exact	0	Area of cropland [ENVO:01000892]				1.0	0.85	True
publication+supplements	supplement	nmdc:bsm-11-58kpt479	env_medium	plant matter [ENVO:01001121]	agricultural soil [ENVO:00002259] | plant matter [ENVO:01001121]	True	True	exact	0	plant matter [ENVO:01001121]				1.0	0.85	True
publication+supplements	supplement	nmdc:bsm-11-jyjxbj68	env_broad_scale	terrestrial biome [ENVO:00000446]	Terrestrial Biome [ENVO:00000446]	True	True	exact	0	Terrestrial Biome [ENVO:00000446]				1.0	0.85	True
publication+supplements	supplement	nmdc:bsm-11-jyjxbj68	env_local_scale	area of cropland [ENVO:01000892]	Area of cropland [ENVO:01000892]	True	True	exact	0	Area of cropland [ENVO:01000892]				1.0	0.85	True
publication+supplements	supplement	nmdc:bsm-11-jyjxbj68	env_medium	plant matter [ENVO:01001121]	agricultural soil [ENVO:00002259] | plant matter [ENVO:01001121]	True	True	exact	0	plant matter [ENVO:01001121]				1.0	0.85	True
publication+supplements	nmdc	nmdc:bsm-11-q59jb831	env_broad_scale	terrestrial biome [ENVO:00000446]	agricultural biome [ENVO:01001442]	True	True	unrelated		agricultural biome [ENVO:01001442]				0.0	0.35	False
publication+supplements	nmdc	nmdc:bsm-11-q59jb831	env_local_scale	area of cropland [ENVO:01000892]	phyllosphere biome [ENVO:01001442]	True	True	unrelated		phyllosphere biome [ENVO:01001442]				0.0	0.35	False
publication+supplements	nmdc	nmdc:bsm-11-q59jb831	env_medium	plant matter [ENVO:01001121]	plant-associated biome [ENVO:01001001]	True	True	unrelated		plant-associated biome [ENVO:01001001]				0.0	0.35	False
publication+supplements	nmdc	nmdc:bsm-11-w3pdpe50	env_broad_scale	terrestrial biome [ENVO:00000446]	agricultural biome [ENVO:01001442]	True	True	unrelated		agricultural biome [ENVO:01001442]				0.0	0.35	False
publication+supplements	nmdc	nmdc:bsm-11-w3pdpe50	env_local_scale	area of cropland [ENVO:01000892]	phyllosphere biome [ENVO:01001442]	True	True	unrelated		phyllosphere biome [ENVO:01001442]				0.0	0.35	False
publication+supplements	nmdc	nmdc:bsm-11-w3pdpe50	env_medium	plant matter [ENVO:01001121]	plant-associated biome [ENVO:01001001]	True	True	unrelated		plant-associated biome [ENVO:01001001]				0.0	0.35	False
publication+supplements	nmdc	nmdc:bsm-11-1edk3k41	env_broad_scale	terrestrial biome [ENVO:00000446]	agricultural biome [ENVO:01001442]	True	True	unrelated		agricultural biome [ENVO:01001442]				0.0	0.35	False
publication+supplements	nmdc	nmdc:bsm-11-1edk3k41	env_local_scale	area of cropland [ENVO:01000892]	phyllosphere biome [ENVO:01001442]	True	True	unrelated		phyllosphere biome [ENVO:01001442]				0.0	0.35	False
publication+supplements	nmdc	nmdc:bsm-11-1edk3k41	env_medium	plant matter [ENVO:01001121]	plant-associated biome [ENVO:01001001]	True	True	unrelated		plant-associated biome [ENVO:01001001]				0.0	0.35	False
publication+supplements	nmdc	nmdc:bsm-11-hqyw6174	env_broad_scale	terrestrial biome [ENVO:00000446]	agricultural biome [ENVO:01001442]	True	True	unrelated		agricultural biome [ENVO:01001442]				0.0	0.35	False
publication+supplements	nmdc	nmdc:bsm-11-hqyw6174	env_local_scale	area of cropland [ENVO:01000892]	phyllosphere biome [ENVO:01001442]	True	True	unrelated		phyllosphere biome [ENVO:01001442]				0.0	0.35	False
publication+supplements	nmdc	nmdc:bsm-11-hqyw6174	env_medium	plant matter [ENVO:01001121]	plant-associated biome [ENVO:01001001]	True	True	unrelated		plant-associated biome [ENVO:01001001]				0.0	0.35	False
publication+supplements	nmdc	nmdc:bsm-11-6qmh9383	env_broad_scale	terrestrial biome [ENVO:00000446]	agricultural biome [ENVO:01001442]	True	True	unrelated		agricultural biome [ENVO:01001442]				0.0	0.35	False
publication+supplements	nmdc	nmdc:bsm-11-6qmh9383	env_local_scale	area of cropland [ENVO:01000892]	phyllosphere biome [ENVO:01001442]	True	True	unrelated		phyllosphere biome [ENVO:01001442]				0.0	0.35	False
publication+supplements	nmdc	nmdc:bsm-11-6qmh9383	env_medium	plant matter [ENVO:01001121]	plant-associated biome [ENVO:01001001]	True	True	unrelated		plant-associated biome [ENVO:01001001]				0.0	0.35	False
publication+supplements	nmdc	nmdc:bsm-11-ne98nc20	env_broad_scale	terrestrial biome [ENVO:00000446]	agricultural biome [ENVO:01001442]	True	True	unrelated		agricultural biome [ENVO:01001442]				0.0	0.35	False
publication+supplements	nmdc	nmdc:bsm-11-ne98nc20	env_local_scale	area of cropland [ENVO:01000892]	phyllosphere biome [ENVO:01001442]	True	True	unrelated		phyllosphere biome [ENVO:01001442]				0.0	0.35	False
publication+supplements	nmdc	nmdc:bsm-11-ne98nc20	env_medium	plant matter [ENVO:01001121]	plant-associated biome [ENVO:01001001]	True	True	unrelated		plant-associated biome [ENVO:01001001]				0.0	0.35	False
publication+supplements	nmdc	nmdc:bsm-11-nkmbv371	env_broad_scale	terrestrial biome [ENVO:00000446]	agricultural biome [ENVO:01001442]	True	True	unrelated		agricultural biome [ENVO:01001442]				0.0	0.35	False
publication+supplements	nmdc	nmdc:bsm-11-nkmbv371	env_local_scale	area of cropland [ENVO:01000892]	phyllosphere biome [ENVO:01001442]	True	True	unrelated		phyllosphere biome [ENVO:01001442]				0.0	0.35	False
publication+supplements	nmdc	nmdc:bsm-11-nkmbv371	env_medium	plant matter [ENVO:01001121]	plant-associated biome [ENVO:01001001]	True	True	unrelated		plant-associated biome [ENVO:01001001]				0.0	0.35	False
publication+supplements	nmdc	nmdc:bsm-11-cw4dzz42	env_broad_scale	terrestrial biome [ENVO:00000446]	agricultural biome [ENVO:01001442]	True	True	unrelated		agricultural biome [ENVO:01001442]				0.0	0.35	False
publication+supplements	nmdc	nmdc:bsm-11-cw4dzz42	env_local_scale	area of cropland [ENVO:01000892]	phyllosphere biome [ENVO:01001442]	True	True	unrelated		phyllosphere biome [ENVO:01001442]				0.0	0.35	False
publication+supplements	nmdc	nmdc:bsm-11-cw4dzz42	env_medium	plant matter [ENVO:01001121]	plant-associated biome [ENVO:01001001]	True	True	unrelated		plant-associated biome [ENVO:01001001]				0.0	0.35	False
publication+supplements	nmdc	nmdc:bsm-11-50a9ap27	env_broad_scale	terrestrial biome [ENVO:00000446]	agricultural biome [ENVO:01001442]	True	True	unrelated		agricultural biome [ENVO:01001442]				0.0	0.35	False
publication+supplements	nmdc	nmdc:bsm-11-50a9ap27	env_local_scale	area of cropland [ENVO:01000892]	phyllosphere biome [ENVO:01001442]	True	True	unrelated		phyllosphere biome [ENVO:01001442]				0.0	0.35	False
publication+supplements	nmdc	nmdc:bsm-11-50a9ap27	env_medium	plant matter [ENVO:01001121]	plant-associated biome [ENVO:01001001]	True	True	unrelated		plant-associated biome [ENVO:01001001]				0.0	0.35	False
publication+supplements	nmdc	nmdc:bsm-11-07nqms41	env_broad_scale	terrestrial biome [ENVO:00000446]	agricultural biome [ENVO:01001442]	True	True	unrelated		agricultural biome [ENVO:01001442]				0.0	0.35	False
publication+supplements	nmdc	nmdc:bsm-11-07nqms41	env_local_scale	area of cropland [ENVO:01000892]	phyllosphere biome [ENVO:01001442]	True	True	unrelated		phyllosphere biome [ENVO:01001442]				0.0	0.35	False
publication+supplements	nmdc	nmdc:bsm-11-07nqms41	env_medium	plant matter [ENVO:01001121]	plant-associated biome [ENVO:01001001]	True	True	unrelated		plant-associated biome [ENVO:01001001]				0.0	0.35	False
publication+supplements	nmdc	nmdc:bsm-11-z3vym146	env_broad_scale	terrestrial biome [ENVO:00000446]	agricultural biome [ENVO:01001442]	True	True	unrelated		agricultural biome [ENVO:01001442]				0.0	0.35	False
publication+supplements	nmdc	nmdc:bsm-11-z3vym146	env_local_scale	area of cropland [ENVO:01000892]	phyllosphere biome [ENVO:01001442]	True	True	unrelated		phyllosphere biome [ENVO:01001442]				0.0	0.35	False
publication+supplements	nmdc	nmdc:bsm-11-z3vym146	env_medium	plant matter [ENVO:01001121]	plant-associated biome [ENVO:01001001]	True	True	unrelated		plant-associated biome [ENVO:01001001]				0.0	0.35	False
publication+supplements	nmdc	nmdc:bsm-11-99t4fx92	env_broad_scale	terrestrial biome [ENVO:00000446]	agricultural biome [ENVO:01001442]	True	True	unrelated		agricultural biome [ENVO:01001442]				0.0	0.35	False
publication+supplements	nmdc	nmdc:bsm-11-99t4fx92	env_local_scale	area of cropland [ENVO:01000892]	phyllosphere biome [ENVO:01001442]	True	True	unrelated		phyllosphere biome [ENVO:01001442]				0.0	0.35	False
publication+supplements	nmdc	nmdc:bsm-11-99t4fx92	env_medium	plant matter [ENVO:01001121]	plant-associated biome [ENVO:01001001]	True	True	unrelated		plant-associated biome [ENVO:01001001]				0.0	0.35	False
publication+supplements	nmdc	nmdc:bsm-11-0rtyy508	env_broad_scale	terrestrial biome [ENVO:00000446]	agricultural biome [ENVO:01001442]	True	True	unrelated		agricultural biome [ENVO:01001442]				0.0	0.35	False
publication+supplements	nmdc	nmdc:bsm-11-0rtyy508	env_local_scale	area of cropland [ENVO:01000892]	phyllosphere biome [ENVO:01001442]	True	True	unrelated		phyllosphere biome [ENVO:01001442]				0.0	0.35	False
publication+supplements	nmdc	nmdc:bsm-11-0rtyy508	env_medium	plant matter [ENVO:01001121]	plant-associated biome [ENVO:01001001]	True	True	unrelated		plant-associated biome [ENVO:01001001]				0.0	0.35	False
publication+supplements	nmdc	nmdc:bsm-11-se116p22	env_broad_scale	terrestrial biome [ENVO:00000446]	agricultural biome [ENVO:01001442]	True	True	unrelated		agricultural biome [ENVO:01001442]				0.0	0.35	False
publication+supplements	nmdc	nmdc:bsm-11-se116p22	env_local_scale	area of cropland [ENVO:01000892]	phyllosphere biome [ENVO:01001442]	True	True	unrelated		phyllosphere biome [ENVO:01001442]				0.0	0.35	False
publication+supplements	nmdc	nmdc:bsm-11-se116p22	env_medium	plant matter [ENVO:01001121]	plant-associated biome [ENVO:01001001]	True	True	unrelated		plant-associated biome [ENVO:01001001]				0.0	0.35	False
publication+supplements	nmdc	nmdc:bsm-11-ekesct69	env_broad_scale	terrestrial biome [ENVO:00000446]	agricultural biome [ENVO:01001442]	True	True	unrelated		agricultural biome [ENVO:01001442]				0.0	0.35	False
publication+supplements	nmdc	nmdc:bsm-11-ekesct69	env_local_scale	area of cropland [ENVO:01000892]	phyllosphere biome [ENVO:01001442]	True	True	unrelated		phyllosphere biome [ENVO:01001442]				0.0	0.35	False
publication+supplements	nmdc	nmdc:bsm-11-ekesct69	env_medium	plant matter [ENVO:01001121]	plant-associated biome [ENVO:01001001]	True	True	unrelated		plant-associated biome [ENVO:01001001]				0.0	0.35	False
publication+supplements	nmdc	nmdc:bsm-11-3qbt0v77	env_broad_scale	terrestrial biome [ENVO:00000446]	agricultural biome [ENVO:01001442]	True	True	unrelated		agricultural biome [ENVO:01001442]				0.0	0.35	False
publication+supplements	nmdc	nmdc:bsm-11-3qbt0v77	env_local_scale	area of cropland [ENVO:01000892]	phyllosphere biome [ENVO:01001442]	True	True	unrelated		phyllosphere biome [ENVO:01001442]				0.0	0.35	False
publication+supplements	nmdc	nmdc:bsm-11-3qbt0v77	env_medium	plant matter [ENVO:01001121]	plant-associated biome [ENVO:01001001]	True	True	unrelated		plant-associated biome [ENVO:01001001]				0.0	0.35	False
publication+supplements	nmdc	nmdc:bsm-11-gtvw7q78	env_broad_scale	terrestrial biome [ENVO:00000446]	agricultural biome [ENVO:01001442]	True	True	unrelated		agricultural biome [ENVO:01001442]				0.0	0.35	False
publication+supplements	nmdc	nmdc:bsm-11-gtvw7q78	env_local_scale	area of cropland [ENVO:01000892]	phyllosphere biome [ENVO:01001442]	True	True	unrelated		phyllosphere biome [ENVO:01001442]				0.0	0.35	False
publication+supplements	nmdc	nmdc:bsm-11-gtvw7q78	env_medium	plant matter [ENVO:01001121]	plant-associated biome [ENVO:01001001]	True	True	unrelated		plant-associated biome [ENVO:01001001]				0.0	0.35	False
publication+supplements	nmdc	nmdc:bsm-11-7sftem25	env_broad_scale	terrestrial biome [ENVO:00000446]	agricultural biome [ENVO:01001442]	True	True	unrelated		agricultural biome [ENVO:01001442]				0.0	0.35	False
publication+supplements	nmdc	nmdc:bsm-11-7sftem25	env_local_scale	area of cropland [ENVO:01000892]	phyllosphere biome [ENVO:01001442]	True	True	unrelated		phyllosphere biome [ENVO:01001442]				0.0	0.35	False
publication+supplements	nmdc	nmdc:bsm-11-7sftem25	env_medium	plant matter [ENVO:01001121]	plant-associated biome [ENVO:01001001]	True	True	unrelated		plant-associated biome [ENVO:01001001]				0.0	0.35	False
publication+supplements	nmdc	nmdc:bsm-11-8v10jf75	env_broad_scale	terrestrial biome [ENVO:00000446]	agricultural biome [ENVO:01001442]	True	True	unrelated		agricultural biome [ENVO:01001442]				0.0	0.35	False
publication+supplements	nmdc	nmdc:bsm-11-8v10jf75	env_local_scale	area of cropland [ENVO:01000892]	phyllosphere biome [ENVO:01001442]	True	True	unrelated		phyllosphere biome [ENVO:01001442]				0.0	0.35	False
publication+supplements	nmdc	nmdc:bsm-11-8v10jf75	env_medium	plant matter [ENVO:01001121]	plant-associated biome [ENVO:01001001]	True	True	unrelated		plant-associated biome [ENVO:01001001]				0.0	0.35	False
publication+supplements	nmdc	nmdc:bsm-11-0zn3g786	env_broad_scale	terrestrial biome [ENVO:00000446]	agricultural biome [ENVO:01001442]	True	True	unrelated		agricultural biome [ENVO:01001442]				0.0	0.35	False
publication+supplements	nmdc	nmdc:bsm-11-0zn3g786	env_local_scale	area of cropland [ENVO:01000892]	phyllosphere biome [ENVO:01001442]	True	True	unrelated		phyllosphere biome [ENVO:01001442]				0.0	0.35	False
publication+supplements	nmdc	nmdc:bsm-11-0zn3g786	env_medium	plant matter [ENVO:01001121]	plant-associated biome [ENVO:01001001]	True	True	unrelated		plant-associated biome [ENVO:01001001]				0.0	0.35	False
publication+supplements	nmdc	nmdc:bsm-11-yq8nqp52	env_broad_scale	terrestrial biome [ENVO:00000446]	agricultural biome [ENVO:01001442]	True	True	unrelated		agricultural biome [ENVO:01001442]				0.0	0.35	False
publication+supplements	nmdc	nmdc:bsm-11-yq8nqp52	env_local_scale	area of cropland [ENVO:01000892]	phyllosphere biome [ENVO:01001442]	True	True	unrelated		phyllosphere biome [ENVO:01001442]				0.0	0.35	False
publication+supplements	nmdc	nmdc:bsm-11-yq8nqp52	env_medium	plant matter [ENVO:01001121]	plant-associated biome [ENVO:01001001]	True	True	unrelated		plant-associated biome [ENVO:01001001]				0.0	0.35	False
publication+supplements	nmdc	nmdc:bsm-11-c7z6wr23	env_broad_scale	terrestrial biome [ENVO:00000446]	agricultural biome [ENVO:01001442]	True	True	unrelated		agricultural biome [ENVO:01001442]				0.0	0.35	False
publication+supplements	nmdc	nmdc:bsm-11-c7z6wr23	env_local_scale	area of cropland [ENVO:01000892]	phyllosphere biome [ENVO:01001442]	True	True	unrelated		phyllosphere biome [ENVO:01001442]				0.0	0.35	False
publication+supplements	nmdc	nmdc:bsm-11-c7z6wr23	env_medium	plant matter [ENVO:01001121]	plant-associated biome [ENVO:01001001]	True	True	unrelated		plant-associated biome [ENVO:01001001]				0.0	0.35	False
publication+supplements	nmdc	nmdc:bsm-11-fnd2xg72	env_broad_scale	terrestrial biome [ENVO:00000446]	agricultural biome [ENVO:01001442]	True	True	unrelated		agricultural biome [ENVO:01001442]				0.0	0.35	False
publication+supplements	nmdc	nmdc:bsm-11-fnd2xg72	env_local_scale	area of cropland [ENVO:01000892]	phyllosphere biome [ENVO:01001442]	True	True	unrelated		phyllosphere biome [ENVO:01001442]				0.0	0.35	False
publication+supplements	nmdc	nmdc:bsm-11-fnd2xg72	env_medium	plant matter [ENVO:01001121]	plant-associated biome [ENVO:01001001]	True	True	unrelated		plant-associated biome [ENVO:01001001]				0.0	0.35	False
publication+supplements	nmdc	nmdc:bsm-11-2xpd3w44	env_broad_scale	terrestrial biome [ENVO:00000446]	agricultural biome [ENVO:01001442]	True	True	unrelated		agricultural biome [ENVO:01001442]				0.0	0.35	False
publication+supplements	nmdc	nmdc:bsm-11-2xpd3w44	env_local_scale	area of cropland [ENVO:01000892]	phyllosphere biome [ENVO:01001442]	True	True	unrelated		phyllosphere biome [ENVO:01001442]				0.0	0.35	False
publication+supplements	nmdc	nmdc:bsm-11-2xpd3w44	env_medium	plant matter [ENVO:01001121]	plant-associated biome [ENVO:01001001]	True	True	unrelated		plant-associated biome [ENVO:01001001]				0.0	0.35	False
publication+supplements	nmdc	nmdc:bsm-11-7q4cjr78	env_broad_scale	terrestrial biome [ENVO:00000446]	agricultural biome [ENVO:01001442]	True	True	unrelated		agricultural biome [ENVO:01001442]				0.0	0.35	False
publication+supplements	nmdc	nmdc:bsm-11-7q4cjr78	env_local_scale	area of cropland [ENVO:01000892]	phyllosphere biome [ENVO:01001442]	True	True	unrelated		phyllosphere biome [ENVO:01001442]				0.0	0.35	False
publication+supplements	nmdc	nmdc:bsm-11-7q4cjr78	env_medium	plant matter [ENVO:01001121]	plant-associated biome [ENVO:01001001]	True	True	unrelated		plant-associated biome [ENVO:01001001]				0.0	0.35	False
publication+supplements	nmdc	nmdc:bsm-11-xcgsbp16	env_broad_scale	cropland biome [ENVO:01000245]	agricultural biome [ENVO:01001442]	True	True	unrelated		agricultural biome [ENVO:01001442]				0.0	0.35	False
publication+supplements	nmdc	nmdc:bsm-11-xcgsbp16	env_local_scale	area of cropland [ENVO:01000892]	phyllosphere biome [ENVO:01001442]	True	True	unrelated		phyllosphere biome [ENVO:01001442]				0.0	0.35	False
publication+supplements	nmdc	nmdc:bsm-11-xcgsbp16	env_medium	leaf [PO:0025034]	plant-associated biome [ENVO:01001001]	True	True	unrelated		plant-associated biome [ENVO:01001001]				0.0	0.35	False
publication+supplements	nmdc	nmdc:bsm-11-s132mk31	env_broad_scale	cropland biome [ENVO:01000245]	agricultural biome [ENVO:01001442]	True	True	unrelated		agricultural biome [ENVO:01001442]				0.0	0.35	False
publication+supplements	nmdc	nmdc:bsm-11-s132mk31	env_local_scale	area of cropland [ENVO:01000892]	phyllosphere biome [ENVO:01001442]	True	True	unrelated		phyllosphere biome [ENVO:01001442]				0.0	0.35	False
publication+supplements	nmdc	nmdc:bsm-11-s132mk31	env_medium	leaf [PO:0025034]	plant-associated biome [ENVO:01001001]	True	True	unrelated		plant-associated biome [ENVO:01001001]				0.0	0.35	False
publication+supplements	nmdc	nmdc:bsm-11-hk7feq79	env_broad_scale	cropland biome [ENVO:01000245]	agricultural biome [ENVO:01001442]	True	True	unrelated		agricultural biome [ENVO:01001442]				0.0	0.35	False
publication+supplements	nmdc	nmdc:bsm-11-hk7feq79	env_local_scale	area of cropland [ENVO:01000892]	phyllosphere biome [ENVO:01001442]	True	True	unrelated		phyllosphere biome [ENVO:01001442]				0.0	0.35	False
publication+supplements	nmdc	nmdc:bsm-11-hk7feq79	env_medium	leaf [PO:0025034]	plant-associated biome [ENVO:01001001]	True	True	unrelated		plant-associated biome [ENVO:01001001]				0.0	0.35	False
publication+supplements	nmdc	nmdc:bsm-11-80gna819	env_broad_scale	cropland biome [ENVO:01000245]	agricultural biome [ENVO:01001442]	True	True	unrelated		agricultural biome [ENVO:01001442]				0.0	0.35	False
publication+supplements	nmdc	nmdc:bsm-11-80gna819	env_local_scale	area of cropland [ENVO:01000892]	phyllosphere biome [ENVO:01001442]	True	True	unrelated		phyllosphere biome [ENVO:01001442]				0.0	0.35	False
publication+supplements	nmdc	nmdc:bsm-11-80gna819	env_medium	leaf [PO:0025034]	plant-associated biome [ENVO:01001001]	True	True	unrelated		plant-associated biome [ENVO:01001001]				0.0	0.35	False
publication+supplements	nmdc	nmdc:bsm-11-rqsqhy95	env_broad_scale	cropland biome [ENVO:01000245]	agricultural biome [ENVO:01001442]	True	True	unrelated		agricultural biome [ENVO:01001442]				0.0	0.35	False
publication+supplements	nmdc	nmdc:bsm-11-rqsqhy95	env_local_scale	area of cropland [ENVO:01000892]	phyllosphere biome [ENVO:01001442]	True	True	unrelated		phyllosphere biome [ENVO:01001442]				0.0	0.35	False
publication+supplements	nmdc	nmdc:bsm-11-rqsqhy95	env_medium	leaf [PO:0025034]	plant-associated biome [ENVO:01001001]	True	True	unrelated		plant-associated biome [ENVO:01001001]				0.0	0.35	False
publication+supplements	nmdc	nmdc:bsm-11-x86cew87	env_broad_scale	cropland biome [ENVO:01000245]	agricultural biome [ENVO:01001442]	True	True	unrelated		agricultural biome [ENVO:01001442]				0.0	0.35	False
publication+supplements	nmdc	nmdc:bsm-11-x86cew87	env_local_scale	area of cropland [ENVO:01000892]	phyllosphere biome [ENVO:01001442]	True	True	unrelated		phyllosphere biome [ENVO:01001442]				0.0	0.35	False
publication+supplements	nmdc	nmdc:bsm-11-x86cew87	env_medium	leaf [PO:0025034]	plant-associated biome [ENVO:01001001]	True	True	unrelated		plant-associated biome [ENVO:01001001]				0.0	0.35	False
publication+supplements	nmdc	nmdc:bsm-11-9gjpzm56	env_broad_scale	cropland biome [ENVO:01000245]	agricultural biome [ENVO:01001442]	True	True	unrelated		agricultural biome [ENVO:01001442]				0.0	0.35	False
publication+supplements	nmdc	nmdc:bsm-11-9gjpzm56	env_local_scale	area of cropland [ENVO:01000892]	phyllosphere biome [ENVO:01001442]	True	True	unrelated		phyllosphere biome [ENVO:01001442]				0.0	0.35	False
publication+supplements	nmdc	nmdc:bsm-11-9gjpzm56	env_medium	leaf [PO:0025034]	plant-associated biome [ENVO:01001001]	True	True	unrelated		plant-associated biome [ENVO:01001001]				0.0	0.35	False
publication+supplements	nmdc	nmdc:bsm-11-yt172e48	env_broad_scale	cropland biome [ENVO:01000245]	agricultural biome [ENVO:01001442]	True	True	unrelated		agricultural biome [ENVO:01001442]				0.0	0.35	False
publication+supplements	nmdc	nmdc:bsm-11-yt172e48	env_local_scale	area of cropland [ENVO:01000892]	phyllosphere biome [ENVO:01001442]	True	True	unrelated		phyllosphere biome [ENVO:01001442]				0.0	0.35	False
publication+supplements	nmdc	nmdc:bsm-11-yt172e48	env_medium	leaf [PO:0025034]	plant-associated biome [ENVO:01001001]	True	True	unrelated		plant-associated biome [ENVO:01001001]				0.0	0.35	False
publication+supplements	nmdc	nmdc:bsm-11-56myw148	env_broad_scale	cropland biome [ENVO:01000245]	agricultural biome [ENVO:01001442]	True	True	unrelated		agricultural biome [ENVO:01001442]				0.0	0.35	False
publication+supplements	nmdc	nmdc:bsm-11-56myw148	env_local_scale	area of cropland [ENVO:01000892]	phyllosphere biome [ENVO:01001442]	True	True	unrelated		phyllosphere biome [ENVO:01001442]				0.0	0.35	False
publication+supplements	nmdc	nmdc:bsm-11-56myw148	env_medium	leaf [PO:0025034]	plant-associated biome [ENVO:01001001]	True	True	unrelated		plant-associated biome [ENVO:01001001]				0.0	0.35	False
publication+supplements	nmdc	nmdc:bsm-11-c3yz0m49	env_broad_scale	cropland biome [ENVO:01000245]	agricultural biome [ENVO:01001442]	True	True	unrelated		agricultural biome [ENVO:01001442]				0.0	0.35	False
publication+supplements	nmdc	nmdc:bsm-11-c3yz0m49	env_local_scale	area of cropland [ENVO:01000892]	phyllosphere biome [ENVO:01001442]	True	True	unrelated		phyllosphere biome [ENVO:01001442]				0.0	0.35	False
publication+supplements	nmdc	nmdc:bsm-11-c3yz0m49	env_medium	leaf [PO:0025034]	plant-associated biome [ENVO:01001001]	True	True	unrelated		plant-associated biome [ENVO:01001001]				0.0	0.35	False
publication+supplements	nmdc	nmdc:bsm-11-vhshew32	env_broad_scale	cropland biome [ENVO:01000245]	agricultural biome [ENVO:01001442]	True	True	unrelated		agricultural biome [ENVO:01001442]				0.0	0.35	False
publication+supplements	nmdc	nmdc:bsm-11-vhshew32	env_local_scale	area of cropland [ENVO:01000892]	phyllosphere biome [ENVO:01001442]	True	True	unrelated		phyllosphere biome [ENVO:01001442]				0.0	0.35	False
publication+supplements	nmdc	nmdc:bsm-11-vhshew32	env_medium	leaf [PO:0025034]	plant-associated biome [ENVO:01001001]	True	True	unrelated		plant-associated biome [ENVO:01001001]				0.0	0.35	False
publication+supplements	nmdc	nmdc:bsm-11-8zmfw691	env_broad_scale	cropland biome [ENVO:01000245]	agricultural biome [ENVO:01001442]	True	True	unrelated		agricultural biome [ENVO:01001442]				0.0	0.35	False
publication+supplements	nmdc	nmdc:bsm-11-8zmfw691	env_local_scale	area of cropland [ENVO:01000892]	phyllosphere biome [ENVO:01001442]	True	True	unrelated		phyllosphere biome [ENVO:01001442]				0.0	0.35	False
publication+supplements	nmdc	nmdc:bsm-11-8zmfw691	env_medium	leaf [PO:0025034]	plant-associated biome [ENVO:01001001]	True	True	unrelated		plant-associated biome [ENVO:01001001]				0.0	0.35	False
publication+supplements	nmdc	nmdc:bsm-11-4ycxmk54	env_broad_scale	cropland biome [ENVO:01000245]	agricultural biome [ENVO:01001442]	True	True	unrelated		agricultural biome [ENVO:01001442]				0.0	0.35	False
publication+supplements	nmdc	nmdc:bsm-11-4ycxmk54	env_local_scale	area of cropland [ENVO:01000892]	phyllosphere biome [ENVO:01001442]	True	True	unrelated		phyllosphere biome [ENVO:01001442]				0.0	0.35	False
publication+supplements	nmdc	nmdc:bsm-11-4ycxmk54	env_medium	leaf [PO:0025034]	plant-associated biome [ENVO:01001001]	True	True	unrelated		plant-associated biome [ENVO:01001001]				0.0	0.35	False
publication+supplements	nmdc	nmdc:bsm-11-zk747f22	env_broad_scale	cropland biome [ENVO:01000245]	agricultural biome [ENVO:01001442]	True	True	unrelated		agricultural biome [ENVO:01001442]				0.0	0.35	False
publication+supplements	nmdc	nmdc:bsm-11-zk747f22	env_local_scale	area of cropland [ENVO:01000892]	phyllosphere biome [ENVO:01001442]	True	True	unrelated		phyllosphere biome [ENVO:01001442]				0.0	0.35	False
publication+supplements	nmdc	nmdc:bsm-11-zk747f22	env_medium	leaf [PO:0025034]	plant-associated biome [ENVO:01001001]	True	True	unrelated		plant-associated biome [ENVO:01001001]				0.0	0.35	False
publication+supplements	nmdc	nmdc:bsm-11-e1rzv830	env_broad_scale	cropland biome [ENVO:01000245]	agricultural biome [ENVO:01001442]	True	True	unrelated		agricultural biome [ENVO:01001442]				0.0	0.35	False
publication+supplements	nmdc	nmdc:bsm-11-e1rzv830	env_local_scale	area of cropland [ENVO:01000892]	phyllosphere biome [ENVO:01001442]	True	True	unrelated		phyllosphere biome [ENVO:01001442]				0.0	0.35	False
publication+supplements	nmdc	nmdc:bsm-11-e1rzv830	env_medium	leaf [PO:0025034]	plant-associated biome [ENVO:01001001]	True	True	unrelated		plant-associated biome [ENVO:01001001]				0.0	0.35	False
publication+supplements	nmdc	nmdc:bsm-11-jbygv324	env_broad_scale	cropland biome [ENVO:01000245]	agricultural biome [ENVO:01001442]	True	True	unrelated		agricultural biome [ENVO:01001442]				0.0	0.35	False
publication+supplements	nmdc	nmdc:bsm-11-jbygv324	env_local_scale	area of cropland [ENVO:01000892]	phyllosphere biome [ENVO:01001442]	True	True	unrelated		phyllosphere biome [ENVO:01001442]				0.0	0.35	False
publication+supplements	nmdc	nmdc:bsm-11-jbygv324	env_medium	leaf [PO:0025034]	plant-associated biome [ENVO:01001001]	True	True	unrelated		plant-associated biome [ENVO:01001001]				0.0	0.35	False
publication+supplements	nmdc	nmdc:bsm-11-n8bk1992	env_broad_scale	cropland biome [ENVO:01000245]	agricultural biome [ENVO:01001442]	True	True	unrelated		agricultural biome [ENVO:01001442]				0.0	0.35	False
publication+supplements	nmdc	nmdc:bsm-11-n8bk1992	env_local_scale	area of cropland [ENVO:01000892]	phyllosphere biome [ENVO:01001442]	True	True	unrelated		phyllosphere biome [ENVO:01001442]				0.0	0.35	False
publication+supplements	nmdc	nmdc:bsm-11-n8bk1992	env_medium	leaf [PO:0025034]	plant-associated biome [ENVO:01001001]	True	True	unrelated		plant-associated biome [ENVO:01001001]				0.0	0.35	False
publication+supplements	nmdc	nmdc:bsm-11-kbn39574	env_broad_scale	cropland biome [ENVO:01000245]	agricultural biome [ENVO:01001442]	True	True	unrelated		agricultural biome [ENVO:01001442]				0.0	0.35	False
publication+supplements	nmdc	nmdc:bsm-11-kbn39574	env_local_scale	area of cropland [ENVO:01000892]	phyllosphere biome [ENVO:01001442]	True	True	unrelated		phyllosphere biome [ENVO:01001442]				0.0	0.35	False
publication+supplements	nmdc	nmdc:bsm-11-kbn39574	env_medium	leaf [PO:0025034]	plant-associated biome [ENVO:01001001]	True	True	unrelated		plant-associated biome [ENVO:01001001]				0.0	0.35	False
publication+supplements	nmdc	nmdc:bsm-11-qwcedw78	env_broad_scale	cropland biome [ENVO:01000245]	agricultural biome [ENVO:01001442]	True	True	unrelated		agricultural biome [ENVO:01001442]				0.0	0.35	False
publication+supplements	nmdc	nmdc:bsm-11-qwcedw78	env_local_scale	area of cropland [ENVO:01000892]	phyllosphere biome [ENVO:01001442]	True	True	unrelated		phyllosphere biome [ENVO:01001442]				0.0	0.35	False
publication+supplements	nmdc	nmdc:bsm-11-qwcedw78	env_medium	leaf [PO:0025034]	plant-associated biome [ENVO:01001001]	True	True	unrelated		plant-associated biome [ENVO:01001001]				0.0	0.35	False
publication+supplements	nmdc	nmdc:bsm-11-8x5nva78	env_broad_scale	cropland biome [ENVO:01000245]	agricultural biome [ENVO:01001442]	True	True	unrelated		agricultural biome [ENVO:01001442]				0.0	0.35	False
publication+supplements	nmdc	nmdc:bsm-11-8x5nva78	env_local_scale	area of cropland [ENVO:01000892]	phyllosphere biome [ENVO:01001442]	True	True	unrelated		phyllosphere biome [ENVO:01001442]				0.0	0.35	False
publication+supplements	nmdc	nmdc:bsm-11-8x5nva78	env_medium	leaf [PO:0025034]	plant-associated biome [ENVO:01001001]	True	True	unrelated		plant-associated biome [ENVO:01001001]				0.0	0.35	False
publication+supplements	nmdc	nmdc:bsm-11-006pnx90	env_broad_scale	cropland biome [ENVO:01000245]	agricultural biome [ENVO:01001442]	True	True	unrelated		agricultural biome [ENVO:01001442]				0.0	0.35	False
publication+supplements	nmdc	nmdc:bsm-11-006pnx90	env_local_scale	area of cropland [ENVO:01000892]	phyllosphere biome [ENVO:01001442]	True	True	unrelated		phyllosphere biome [ENVO:01001442]				0.0	0.35	False
publication+supplements	nmdc	nmdc:bsm-11-006pnx90	env_medium	leaf [PO:0025034]	plant-associated biome [ENVO:01001001]	True	True	unrelated		plant-associated biome [ENVO:01001001]				0.0	0.35	False
publication+supplements	nmdc	nmdc:bsm-11-525ft480	env_broad_scale	cropland biome [ENVO:01000245]	agricultural biome [ENVO:01001442]	True	True	unrelated		agricultural biome [ENVO:01001442]				0.0	0.35	False
publication+supplements	nmdc	nmdc:bsm-11-525ft480	env_local_scale	area of cropland [ENVO:01000892]	phyllosphere biome [ENVO:01001442]	True	True	unrelated		phyllosphere biome [ENVO:01001442]				0.0	0.35	False
publication+supplements	nmdc	nmdc:bsm-11-525ft480	env_medium	leaf [PO:0025034]	plant-associated biome [ENVO:01001001]	True	True	unrelated		plant-associated biome [ENVO:01001001]				0.0	0.35	False
publication+supplements	nmdc	nmdc:bsm-11-72s3j307	env_broad_scale	cropland biome [ENVO:01000245]	agricultural biome [ENVO:01001442]	True	True	unrelated		agricultural biome [ENVO:01001442]				0.0	0.35	False
publication+supplements	nmdc	nmdc:bsm-11-72s3j307	env_local_scale	area of cropland [ENVO:01000892]	phyllosphere biome [ENVO:01001442]	True	True	unrelated		phyllosphere biome [ENVO:01001442]				0.0	0.35	False
publication+supplements	nmdc	nmdc:bsm-11-72s3j307	env_medium	leaf [PO:0025034]	plant-associated biome [ENVO:01001001]	True	True	unrelated		plant-associated biome [ENVO:01001001]				0.0	0.35	False
publication+supplements	nmdc	nmdc:bsm-11-ym6xky32	env_broad_scale	cropland biome [ENVO:01000245]	agricultural biome [ENVO:01001442]	True	True	unrelated		agricultural biome [ENVO:01001442]				0.0	0.35	False
publication+supplements	nmdc	nmdc:bsm-11-ym6xky32	env_local_scale	area of cropland [ENVO:01000892]	phyllosphere biome [ENVO:01001442]	True	True	unrelated		phyllosphere biome [ENVO:01001442]				0.0	0.35	False
publication+supplements	nmdc	nmdc:bsm-11-ym6xky32	env_medium	leaf [PO:0025034]	plant-associated biome [ENVO:01001001]	True	True	unrelated		plant-associated biome [ENVO:01001001]				0.0	0.35	False
publication+supplements	nmdc	nmdc:bsm-11-d6zmmg26	env_broad_scale	cropland biome [ENVO:01000245]	agricultural biome [ENVO:01001442]	True	True	unrelated		agricultural biome [ENVO:01001442]				0.0	0.35	False
publication+supplements	nmdc	nmdc:bsm-11-d6zmmg26	env_local_scale	area of cropland [ENVO:01000892]	phyllosphere biome [ENVO:01001442]	True	True	unrelated		phyllosphere biome [ENVO:01001442]				0.0	0.35	False
publication+supplements	nmdc	nmdc:bsm-11-d6zmmg26	env_medium	leaf [PO:0025034]	plant-associated biome [ENVO:01001001]	True	True	unrelated		plant-associated biome [ENVO:01001001]				0.0	0.35	False
publication+supplements	nmdc	nmdc:bsm-11-gb5gqf77	env_broad_scale	terrestrial biome [ENVO:00000446]	agricultural biome [ENVO:01001442]	True	True	unrelated		agricultural biome [ENVO:01001442]				0.0	0.35	False
publication+supplements	nmdc	nmdc:bsm-11-gb5gqf77	env_local_scale	area of cropland [ENVO:01000892]	phyllosphere biome [ENVO:01001442]	True	True	unrelated		phyllosphere biome [ENVO:01001442]				0.0	0.35	False
publication+supplements	nmdc	nmdc:bsm-11-gb5gqf77	env_medium	plant matter [ENVO:01001121]	plant-associated biome [ENVO:01001001]	True	True	unrelated		plant-associated biome [ENVO:01001001]				0.0	0.35	False
publication+supplements	nmdc	nmdc:bsm-11-q3b3py28	env_broad_scale	terrestrial biome [ENVO:00000446]	agricultural biome [ENVO:01001442]	True	True	unrelated		agricultural biome [ENVO:01001442]				0.0	0.35	False
publication+supplements	nmdc	nmdc:bsm-11-q3b3py28	env_local_scale	area of cropland [ENVO:01000892]	phyllosphere biome [ENVO:01001442]	True	True	unrelated		phyllosphere biome [ENVO:01001442]				0.0	0.35	False
publication+supplements	nmdc	nmdc:bsm-11-q3b3py28	env_medium	plant matter [ENVO:01001121]	plant-associated biome [ENVO:01001001]	True	True	unrelated		plant-associated biome [ENVO:01001001]				0.0	0.35	False
publication+supplements	nmdc	nmdc:bsm-11-c8p0qk16	env_broad_scale	terrestrial biome [ENVO:00000446]	agricultural biome [ENVO:01001442]	True	True	unrelated		agricultural biome [ENVO:01001442]				0.0	0.35	False
publication+supplements	nmdc	nmdc:bsm-11-c8p0qk16	env_local_scale	area of cropland [ENVO:01000892]	phyllosphere biome [ENVO:01001442]	True	True	unrelated		phyllosphere biome [ENVO:01001442]				0.0	0.35	False
publication+supplements	nmdc	nmdc:bsm-11-c8p0qk16	env_medium	plant matter [ENVO:01001121]	plant-associated biome [ENVO:01001001]	True	True	unrelated		plant-associated biome [ENVO:01001001]				0.0	0.35	False
publication+supplements	nmdc	nmdc:bsm-11-qbd0vv07	env_broad_scale	terrestrial biome [ENVO:00000446]	agricultural biome [ENVO:01001442]	True	True	unrelated		agricultural biome [ENVO:01001442]				0.0	0.35	False
publication+supplements	nmdc	nmdc:bsm-11-qbd0vv07	env_local_scale	area of cropland [ENVO:01000892]	phyllosphere biome [ENVO:01001442]	True	True	unrelated		phyllosphere biome [ENVO:01001442]				0.0	0.35	False
publication+supplements	nmdc	nmdc:bsm-11-qbd0vv07	env_medium	plant matter [ENVO:01001121]	plant-associated biome [ENVO:01001001]	True	True	unrelated		plant-associated biome [ENVO:01001001]				0.0	0.35	False
publication+supplements	nmdc	nmdc:bsm-11-1q90hg48	env_broad_scale	terrestrial biome [ENVO:00000446]	agricultural biome [ENVO:01001442]	True	True	unrelated		agricultural biome [ENVO:01001442]				0.0	0.35	False
publication+supplements	nmdc	nmdc:bsm-11-1q90hg48	env_local_scale	area of cropland [ENVO:01000892]	phyllosphere biome [ENVO:01001442]	True	True	unrelated		phyllosphere biome [ENVO:01001442]				0.0	0.35	False
publication+supplements	nmdc	nmdc:bsm-11-1q90hg48	env_medium	plant matter [ENVO:01001121]	plant-associated biome [ENVO:01001001]	True	True	unrelated		plant-associated biome [ENVO:01001001]				0.0	0.35	False
publication+supplements	nmdc	nmdc:bsm-11-sq6vgh17	env_broad_scale	terrestrial biome [ENVO:00000446]	agricultural biome [ENVO:01001442]	True	True	unrelated		agricultural biome [ENVO:01001442]				0.0	0.35	False
publication+supplements	nmdc	nmdc:bsm-11-sq6vgh17	env_local_scale	area of cropland [ENVO:01000892]	phyllosphere biome [ENVO:01001442]	True	True	unrelated		phyllosphere biome [ENVO:01001442]				0.0	0.35	False
publication+supplements	nmdc	nmdc:bsm-11-sq6vgh17	env_medium	plant matter [ENVO:01001121]	plant-associated biome [ENVO:01001001]	True	True	unrelated		plant-associated biome [ENVO:01001001]				0.0	0.35	False
publication+supplements	nmdc	nmdc:bsm-11-b6gr4t62	env_broad_scale	terrestrial biome [ENVO:00000446]	agricultural biome [ENVO:01001442]	True	True	unrelated		agricultural biome [ENVO:01001442]				0.0	0.35	False
publication+supplements	nmdc	nmdc:bsm-11-b6gr4t62	env_local_scale	area of cropland [ENVO:01000892]	phyllosphere biome [ENVO:01001442]	True	True	unrelated		phyllosphere biome [ENVO:01001442]				0.0	0.35	False
publication+supplements	nmdc	nmdc:bsm-11-b6gr4t62	env_medium	plant matter [ENVO:01001121]	plant-associated biome [ENVO:01001001]	True	True	unrelated		plant-associated biome [ENVO:01001001]				0.0	0.35	False
publication+supplements	nmdc	nmdc:bsm-11-djsfq929	env_broad_scale	terrestrial biome [ENVO:00000446]	agricultural biome [ENVO:01001442]	True	True	unrelated		agricultural biome [ENVO:01001442]				0.0	0.35	False
publication+supplements	nmdc	nmdc:bsm-11-djsfq929	env_local_scale	area of cropland [ENVO:01000892]	phyllosphere biome [ENVO:01001442]	True	True	unrelated		phyllosphere biome [ENVO:01001442]				0.0	0.35	False
publication+supplements	nmdc	nmdc:bsm-11-djsfq929	env_medium	plant matter [ENVO:01001121]	plant-associated biome [ENVO:01001001]	True	True	unrelated		plant-associated biome [ENVO:01001001]				0.0	0.35	False
publication+supplements	nmdc	nmdc:bsm-11-pnwb6r98	env_broad_scale	terrestrial biome [ENVO:00000446]	agricultural biome [ENVO:01001442]	True	True	unrelated		agricultural biome [ENVO:01001442]				0.0	0.35	False
publication+supplements	nmdc	nmdc:bsm-11-pnwb6r98	env_local_scale	area of cropland [ENVO:01000892]	phyllosphere biome [ENVO:01001442]	True	True	unrelated		phyllosphere biome [ENVO:01001442]				0.0	0.35	False
publication+supplements	nmdc	nmdc:bsm-11-pnwb6r98	env_medium	plant matter [ENVO:01001121]	plant-associated biome [ENVO:01001001]	True	True	unrelated		plant-associated biome [ENVO:01001001]				0.0	0.35	False
publication+supplements	nmdc	nmdc:bsm-11-bezk4q92	env_broad_scale	terrestrial biome [ENVO:00000446]	agricultural biome [ENVO:01001442]	True	True	unrelated		agricultural biome [ENVO:01001442]				0.0	0.35	False
publication+supplements	nmdc	nmdc:bsm-11-bezk4q92	env_local_scale	area of cropland [ENVO:01000892]	phyllosphere biome [ENVO:01001442]	True	True	unrelated		phyllosphere biome [ENVO:01001442]				0.0	0.35	False
publication+supplements	nmdc	nmdc:bsm-11-bezk4q92	env_medium	plant matter [ENVO:01001121]	plant-associated biome [ENVO:01001001]	True	True	unrelated		plant-associated biome [ENVO:01001001]				0.0	0.35	False
publication+supplements	nmdc	nmdc:bsm-11-1myy1191	env_broad_scale	terrestrial biome [ENVO:00000446]	agricultural biome [ENVO:01001442]	True	True	unrelated		agricultural biome [ENVO:01001442]				0.0	0.35	False
publication+supplements	nmdc	nmdc:bsm-11-1myy1191	env_local_scale	area of cropland [ENVO:01000892]	phyllosphere biome [ENVO:01001442]	True	True	unrelated		phyllosphere biome [ENVO:01001442]				0.0	0.35	False
publication+supplements	nmdc	nmdc:bsm-11-1myy1191	env_medium	plant matter [ENVO:01001121]	plant-associated biome [ENVO:01001001]	True	True	unrelated		plant-associated biome [ENVO:01001001]				0.0	0.35	False
publication+supplements	nmdc	nmdc:bsm-11-q1n3q598	env_broad_scale	terrestrial biome [ENVO:00000446]	agricultural biome [ENVO:01001442]	True	True	unrelated		agricultural biome [ENVO:01001442]				0.0	0.35	False
publication+supplements	nmdc	nmdc:bsm-11-q1n3q598	env_local_scale	area of cropland [ENVO:01000892]	phyllosphere biome [ENVO:01001442]	True	True	unrelated		phyllosphere biome [ENVO:01001442]				0.0	0.35	False
publication+supplements	nmdc	nmdc:bsm-11-q1n3q598	env_medium	plant matter [ENVO:01001121]	plant-associated biome [ENVO:01001001]	True	True	unrelated		plant-associated biome [ENVO:01001001]				0.0	0.35	False
publication+supplements	nmdc	nmdc:bsm-11-6xj63294	env_broad_scale	terrestrial biome [ENVO:00000446]	agricultural biome [ENVO:01001442]	True	True	unrelated		agricultural biome [ENVO:01001442]				0.0	0.35	False
publication+supplements	nmdc	nmdc:bsm-11-6xj63294	env_local_scale	area of cropland [ENVO:01000892]	phyllosphere biome [ENVO:01001442]	True	True	unrelated		phyllosphere biome [ENVO:01001442]				0.0	0.35	False
publication+supplements	nmdc	nmdc:bsm-11-6xj63294	env_medium	plant matter [ENVO:01001121]	plant-associated biome [ENVO:01001001]	True	True	unrelated		plant-associated biome [ENVO:01001001]				0.0	0.35	False
publication+supplements	nmdc	nmdc:bsm-11-4yam4475	env_broad_scale	terrestrial biome [ENVO:00000446]	agricultural biome [ENVO:01001442]	True	True	unrelated		agricultural biome [ENVO:01001442]				0.0	0.35	False
publication+supplements	nmdc	nmdc:bsm-11-4yam4475	env_local_scale	area of cropland [ENVO:01000892]	phyllosphere biome [ENVO:01001442]	True	True	unrelated		phyllosphere biome [ENVO:01001442]				0.0	0.35	False
publication+supplements	nmdc	nmdc:bsm-11-4yam4475	env_medium	plant matter [ENVO:01001121]	plant-associated biome [ENVO:01001001]	True	True	unrelated		plant-associated biome [ENVO:01001001]				0.0	0.35	False
publication+supplements	nmdc	nmdc:bsm-11-ashcsv81	env_broad_scale	terrestrial biome [ENVO:00000446]	agricultural biome [ENVO:01001442]	True	True	unrelated		agricultural biome [ENVO:01001442]				0.0	0.35	False
publication+supplements	nmdc	nmdc:bsm-11-ashcsv81	env_local_scale	area of cropland [ENVO:01000892]	phyllosphere biome [ENVO:01001442]	True	True	unrelated		phyllosphere biome [ENVO:01001442]				0.0	0.35	False
publication+supplements	nmdc	nmdc:bsm-11-ashcsv81	env_medium	plant matter [ENVO:01001121]	plant-associated biome [ENVO:01001001]	True	True	unrelated		plant-associated biome [ENVO:01001001]				0.0	0.35	False
publication+supplements	nmdc	nmdc:bsm-11-0xajtb06	env_broad_scale	terrestrial biome [ENVO:00000446]	agricultural biome [ENVO:01001442]	True	True	unrelated		agricultural biome [ENVO:01001442]				0.0	0.35	False
publication+supplements	nmdc	nmdc:bsm-11-0xajtb06	env_local_scale	area of cropland [ENVO:01000892]	phyllosphere biome [ENVO:01001442]	True	True	unrelated		phyllosphere biome [ENVO:01001442]				0.0	0.35	False
publication+supplements	nmdc	nmdc:bsm-11-0xajtb06	env_medium	plant matter [ENVO:01001121]	plant-associated biome [ENVO:01001001]	True	True	unrelated		plant-associated biome [ENVO:01001001]				0.0	0.35	False
publication+supplements	nmdc	nmdc:bsm-11-d0mgn431	env_broad_scale	terrestrial biome [ENVO:00000446]	agricultural biome [ENVO:01001442]	True	True	unrelated		agricultural biome [ENVO:01001442]				0.0	0.35	False
publication+supplements	nmdc	nmdc:bsm-11-d0mgn431	env_local_scale	area of cropland [ENVO:01000892]	phyllosphere biome [ENVO:01001442]	True	True	unrelated		phyllosphere biome [ENVO:01001442]				0.0	0.35	False
publication+supplements	nmdc	nmdc:bsm-11-d0mgn431	env_medium	plant matter [ENVO:01001121]	plant-associated biome [ENVO:01001001]	True	True	unrelated		plant-associated biome [ENVO:01001001]				0.0	0.35	False
publication+supplements	nmdc	nmdc:bsm-11-p6ynvx26	env_broad_scale	terrestrial biome [ENVO:00000446]	agricultural biome [ENVO:01001442]	True	True	unrelated		agricultural biome [ENVO:01001442]				0.0	0.35	False
publication+supplements	nmdc	nmdc:bsm-11-p6ynvx26	env_local_scale	area of cropland [ENVO:01000892]	phyllosphere biome [ENVO:01001442]	True	True	unrelated		phyllosphere biome [ENVO:01001442]				0.0	0.35	False
publication+supplements	nmdc	nmdc:bsm-11-p6ynvx26	env_medium	plant matter [ENVO:01001121]	plant-associated biome [ENVO:01001001]	True	True	unrelated		plant-associated biome [ENVO:01001001]				0.0	0.35	False
publication+supplements	nmdc	nmdc:bsm-11-hyh58649	env_broad_scale	terrestrial biome [ENVO:00000446]	agricultural biome [ENVO:01001442]	True	True	unrelated		agricultural biome [ENVO:01001442]				0.0	0.35	False
publication+supplements	nmdc	nmdc:bsm-11-hyh58649	env_local_scale	area of cropland [ENVO:01000892]	phyllosphere biome [ENVO:01001442]	True	True	unrelated		phyllosphere biome [ENVO:01001442]				0.0	0.35	False
publication+supplements	nmdc	nmdc:bsm-11-hyh58649	env_medium	plant matter [ENVO:01001121]	plant-associated biome [ENVO:01001001]	True	True	unrelated		plant-associated biome [ENVO:01001001]				0.0	0.35	False
publication+supplements	nmdc	nmdc:bsm-11-axm9cz50	env_broad_scale	terrestrial biome [ENVO:00000446]	agricultural biome [ENVO:01001442]	True	True	unrelated		agricultural biome [ENVO:01001442]				0.0	0.35	False
publication+supplements	nmdc	nmdc:bsm-11-axm9cz50	env_local_scale	area of cropland [ENVO:01000892]	phyllosphere biome [ENVO:01001442]	True	True	unrelated		phyllosphere biome [ENVO:01001442]				0.0	0.35	False
publication+supplements	nmdc	nmdc:bsm-11-axm9cz50	env_medium	plant matter [ENVO:01001121]	plant-associated biome [ENVO:01001001]	True	True	unrelated		plant-associated biome [ENVO:01001001]				0.0	0.35	False
publication+supplements	nmdc	nmdc:bsm-11-y5c85m67	env_broad_scale	terrestrial biome [ENVO:00000446]	agricultural biome [ENVO:01001442]	True	True	unrelated		agricultural biome [ENVO:01001442]				0.0	0.35	False
publication+supplements	nmdc	nmdc:bsm-11-y5c85m67	env_local_scale	area of cropland [ENVO:01000892]	phyllosphere biome [ENVO:01001442]	True	True	unrelated		phyllosphere biome [ENVO:01001442]				0.0	0.35	False
publication+supplements	nmdc	nmdc:bsm-11-y5c85m67	env_medium	plant matter [ENVO:01001121]	plant-associated biome [ENVO:01001001]	True	True	unrelated		plant-associated biome [ENVO:01001001]				0.0	0.35	False
publication+supplements	nmdc	nmdc:bsm-11-w6q8zd96	env_broad_scale	terrestrial biome [ENVO:00000446]	agricultural biome [ENVO:01001442]	True	True	unrelated		agricultural biome [ENVO:01001442]				0.0	0.35	False
publication+supplements	nmdc	nmdc:bsm-11-w6q8zd96	env_local_scale	area of cropland [ENVO:01000892]	phyllosphere biome [ENVO:01001442]	True	True	unrelated		phyllosphere biome [ENVO:01001442]				0.0	0.35	False
publication+supplements	nmdc	nmdc:bsm-11-w6q8zd96	env_medium	plant matter [ENVO:01001121]	plant-associated biome [ENVO:01001001]	True	True	unrelated		plant-associated biome [ENVO:01001001]				0.0	0.35	False
publication+supplements	nmdc	nmdc:bsm-11-fbpnww48	env_broad_scale	terrestrial biome [ENVO:00000446]	agricultural biome [ENVO:01001442]	True	True	unrelated		agricultural biome [ENVO:01001442]				0.0	0.35	False
publication+supplements	nmdc	nmdc:bsm-11-fbpnww48	env_local_scale	area of cropland [ENVO:01000892]	phyllosphere biome [ENVO:01001442]	True	True	unrelated		phyllosphere biome [ENVO:01001442]				0.0	0.35	False
publication+supplements	nmdc	nmdc:bsm-11-fbpnww48	env_medium	plant matter [ENVO:01001121]	plant-associated biome [ENVO:01001001]	True	True	unrelated		plant-associated biome [ENVO:01001001]				0.0	0.35	False
publication+supplements	nmdc	nmdc:bsm-11-aapx7y71	env_broad_scale	terrestrial biome [ENVO:00000446]	agricultural biome [ENVO:01001442]	True	True	unrelated		agricultural biome [ENVO:01001442]				0.0	0.35	False
publication+supplements	nmdc	nmdc:bsm-11-aapx7y71	env_local_scale	area of cropland [ENVO:01000892]	phyllosphere biome [ENVO:01001442]	True	True	unrelated		phyllosphere biome [ENVO:01001442]				0.0	0.35	False
publication+supplements	nmdc	nmdc:bsm-11-aapx7y71	env_medium	plant matter [ENVO:01001121]	plant-associated biome [ENVO:01001001]	True	True	unrelated		plant-associated biome [ENVO:01001001]				0.0	0.35	False
publication+supplements	nmdc	nmdc:bsm-11-5q8cfe18	env_broad_scale	terrestrial biome [ENVO:00000446]	agricultural biome [ENVO:01001442]	True	True	unrelated		agricultural biome [ENVO:01001442]				0.0	0.35	False
publication+supplements	nmdc	nmdc:bsm-11-5q8cfe18	env_local_scale	area of cropland [ENVO:01000892]	phyllosphere biome [ENVO:01001442]	True	True	unrelated		phyllosphere biome [ENVO:01001442]				0.0	0.35	False
publication+supplements	nmdc	nmdc:bsm-11-5q8cfe18	env_medium	plant matter [ENVO:01001121]	plant-associated biome [ENVO:01001001]	True	True	unrelated		plant-associated biome [ENVO:01001001]				0.0	0.35	False
publication+supplements	nmdc	nmdc:bsm-11-9583y135	env_broad_scale	cropland biome [ENVO:01000245]	agricultural biome [ENVO:01001442]	True	True	unrelated		agricultural biome [ENVO:01001442]				0.0	0.35	False
publication+supplements	nmdc	nmdc:bsm-11-9583y135	env_local_scale	area of cropland [ENVO:01000892]	phyllosphere biome [ENVO:01001442]	True	True	unrelated		phyllosphere biome [ENVO:01001442]				0.0	0.35	False
publication+supplements	nmdc	nmdc:bsm-11-9583y135	env_medium	leaf [PO:0025034]	plant-associated biome [ENVO:01001001]	True	True	unrelated		plant-associated biome [ENVO:01001001]				0.0	0.35	False
publication+supplements	nmdc	nmdc:bsm-11-qwwnvp34	env_broad_scale	cropland biome [ENVO:01000245]	agricultural biome [ENVO:01001442]	True	True	unrelated		agricultural biome [ENVO:01001442]				0.0	0.35	False
publication+supplements	nmdc	nmdc:bsm-11-qwwnvp34	env_local_scale	area of cropland [ENVO:01000892]	phyllosphere biome [ENVO:01001442]	True	True	unrelated		phyllosphere biome [ENVO:01001442]				0.0	0.35	False
publication+supplements	nmdc	nmdc:bsm-11-qwwnvp34	env_medium	leaf [PO:0025034]	plant-associated biome [ENVO:01001001]	True	True	unrelated		plant-associated biome [ENVO:01001001]				0.0	0.35	False
publication+supplements	nmdc	nmdc:bsm-11-s0572744	env_broad_scale	cropland biome [ENVO:01000245]	agricultural biome [ENVO:01001442]	True	True	unrelated		agricultural biome [ENVO:01001442]				0.0	0.35	False
publication+supplements	nmdc	nmdc:bsm-11-s0572744	env_local_scale	area of cropland [ENVO:01000892]	phyllosphere biome [ENVO:01001442]	True	True	unrelated		phyllosphere biome [ENVO:01001442]				0.0	0.35	False
publication+supplements	nmdc	nmdc:bsm-11-s0572744	env_medium	leaf [PO:0025034]	plant-associated biome [ENVO:01001001]	True	True	unrelated		plant-associated biome [ENVO:01001001]				0.0	0.35	False
publication+supplements	nmdc	nmdc:bsm-11-4kfspg06	env_broad_scale	cropland biome [ENVO:01000245]	agricultural biome [ENVO:01001442]	True	True	unrelated		agricultural biome [ENVO:01001442]				0.0	0.35	False
publication+supplements	nmdc	nmdc:bsm-11-4kfspg06	env_local_scale	area of cropland [ENVO:01000892]	phyllosphere biome [ENVO:01001442]	True	True	unrelated		phyllosphere biome [ENVO:01001442]				0.0	0.35	False
publication+supplements	nmdc	nmdc:bsm-11-4kfspg06	env_medium	leaf [PO:0025034]	plant-associated biome [ENVO:01001001]	True	True	unrelated		plant-associated biome [ENVO:01001001]				0.0	0.35	False
publication+supplements	nmdc	nmdc:bsm-11-nxjqyp16	env_broad_scale	cropland biome [ENVO:01000245]	agricultural biome [ENVO:01001442]	True	True	unrelated		agricultural biome [ENVO:01001442]				0.0	0.35	False
publication+supplements	nmdc	nmdc:bsm-11-nxjqyp16	env_local_scale	area of cropland [ENVO:01000892]	phyllosphere biome [ENVO:01001442]	True	True	unrelated		phyllosphere biome [ENVO:01001442]				0.0	0.35	False
publication+supplements	nmdc	nmdc:bsm-11-nxjqyp16	env_medium	leaf [PO:0025034]	plant-associated biome [ENVO:01001001]	True	True	unrelated		plant-associated biome [ENVO:01001001]				0.0	0.35	False
publication+supplements	nmdc	nmdc:bsm-11-s2505c63	env_broad_scale	cropland biome [ENVO:01000245]	agricultural biome [ENVO:01001442]	True	True	unrelated		agricultural biome [ENVO:01001442]				0.0	0.35	False
publication+supplements	nmdc	nmdc:bsm-11-s2505c63	env_local_scale	area of cropland [ENVO:01000892]	phyllosphere biome [ENVO:01001442]	True	True	unrelated		phyllosphere biome [ENVO:01001442]				0.0	0.35	False
publication+supplements	nmdc	nmdc:bsm-11-s2505c63	env_medium	leaf [PO:0025034]	plant-associated biome [ENVO:01001001]	True	True	unrelated		plant-associated biome [ENVO:01001001]				0.0	0.35	False
publication+supplements	nmdc	nmdc:bsm-11-xzt7p588	env_broad_scale	cropland biome [ENVO:01000245]	agricultural biome [ENVO:01001442]	True	True	unrelated		agricultural biome [ENVO:01001442]				0.0	0.35	False
publication+supplements	nmdc	nmdc:bsm-11-xzt7p588	env_local_scale	area of cropland [ENVO:01000892]	phyllosphere biome [ENVO:01001442]	True	True	unrelated		phyllosphere biome [ENVO:01001442]				0.0	0.35	False
publication+supplements	nmdc	nmdc:bsm-11-xzt7p588	env_medium	leaf [PO:0025034]	plant-associated biome [ENVO:01001001]	True	True	unrelated		plant-associated biome [ENVO:01001001]				0.0	0.35	False
publication+supplements	nmdc	nmdc:bsm-11-qx6p7k13	env_broad_scale	cropland biome [ENVO:01000245]	agricultural biome [ENVO:01001442]	True	True	unrelated		agricultural biome [ENVO:01001442]				0.0	0.35	False
publication+supplements	nmdc	nmdc:bsm-11-qx6p7k13	env_local_scale	area of cropland [ENVO:01000892]	phyllosphere biome [ENVO:01001442]	True	True	unrelated		phyllosphere biome [ENVO:01001442]				0.0	0.35	False
publication+supplements	nmdc	nmdc:bsm-11-qx6p7k13	env_medium	leaf [PO:0025034]	plant-associated biome [ENVO:01001001]	True	True	unrelated		plant-associated biome [ENVO:01001001]				0.0	0.35	False
publication+supplements	nmdc	nmdc:bsm-11-e4szzv74	env_broad_scale	cropland biome [ENVO:01000245]	agricultural biome [ENVO:01001442]	True	True	unrelated		agricultural biome [ENVO:01001442]				0.0	0.35	False
publication+supplements	nmdc	nmdc:bsm-11-e4szzv74	env_local_scale	area of cropland [ENVO:01000892]	phyllosphere biome [ENVO:01001442]	True	True	unrelated		phyllosphere biome [ENVO:01001442]				0.0	0.35	False
publication+supplements	nmdc	nmdc:bsm-11-e4szzv74	env_medium	leaf [PO:0025034]	plant-associated biome [ENVO:01001001]	True	True	unrelated		plant-associated biome [ENVO:01001001]				0.0	0.35	False
publication+supplements	nmdc	nmdc:bsm-11-k37j6x61	env_broad_scale	cropland biome [ENVO:01000245]	agricultural biome [ENVO:01001442]	True	True	unrelated		agricultural biome [ENVO:01001442]				0.0	0.35	False
publication+supplements	nmdc	nmdc:bsm-11-k37j6x61	env_local_scale	area of cropland [ENVO:01000892]	phyllosphere biome [ENVO:01001442]	True	True	unrelated		phyllosphere biome [ENVO:01001442]				0.0	0.35	False
publication+supplements	nmdc	nmdc:bsm-11-k37j6x61	env_medium	leaf [PO:0025034]	plant-associated biome [ENVO:01001001]	True	True	unrelated		plant-associated biome [ENVO:01001001]				0.0	0.35	False
publication+supplements	nmdc	nmdc:bsm-11-aszpj358	env_broad_scale	cropland biome [ENVO:01000245]	agricultural biome [ENVO:01001442]	True	True	unrelated		agricultural biome [ENVO:01001442]				0.0	0.35	False
publication+supplements	nmdc	nmdc:bsm-11-aszpj358	env_local_scale	area of cropland [ENVO:01000892]	phyllosphere biome [ENVO:01001442]	True	True	unrelated		phyllosphere biome [ENVO:01001442]				0.0	0.35	False
publication+supplements	nmdc	nmdc:bsm-11-aszpj358	env_medium	leaf [PO:0025034]	plant-associated biome [ENVO:01001001]	True	True	unrelated		plant-associated biome [ENVO:01001001]				0.0	0.35	False
publication+supplements	nmdc	nmdc:bsm-11-4cm4d739	env_broad_scale	cropland biome [ENVO:01000245]	agricultural biome [ENVO:01001442]	True	True	unrelated		agricultural biome [ENVO:01001442]				0.0	0.35	False
publication+supplements	nmdc	nmdc:bsm-11-4cm4d739	env_local_scale	area of cropland [ENVO:01000892]	phyllosphere biome [ENVO:01001442]	True	True	unrelated		phyllosphere biome [ENVO:01001442]				0.0	0.35	False
publication+supplements	nmdc	nmdc:bsm-11-4cm4d739	env_medium	leaf [PO:0025034]	plant-associated biome [ENVO:01001001]	True	True	unrelated		plant-associated biome [ENVO:01001001]				0.0	0.35	False
publication+supplements	nmdc	nmdc:bsm-11-p69snh20	env_broad_scale	cropland biome [ENVO:01000245]	agricultural biome [ENVO:01001442]	True	True	unrelated		agricultural biome [ENVO:01001442]				0.0	0.35	False
publication+supplements	nmdc	nmdc:bsm-11-p69snh20	env_local_scale	area of cropland [ENVO:01000892]	phyllosphere biome [ENVO:01001442]	True	True	unrelated		phyllosphere biome [ENVO:01001442]				0.0	0.35	False
publication+supplements	nmdc	nmdc:bsm-11-p69snh20	env_medium	leaf [PO:0025034]	plant-associated biome [ENVO:01001001]	True	True	unrelated		plant-associated biome [ENVO:01001001]				0.0	0.35	False
publication+supplements	nmdc	nmdc:bsm-11-j87w5759	env_broad_scale	cropland biome [ENVO:01000245]	agricultural biome [ENVO:01001442]	True	True	unrelated		agricultural biome [ENVO:01001442]				0.0	0.35	False
publication+supplements	nmdc	nmdc:bsm-11-j87w5759	env_local_scale	area of cropland [ENVO:01000892]	phyllosphere biome [ENVO:01001442]	True	True	unrelated		phyllosphere biome [ENVO:01001442]				0.0	0.35	False
publication+supplements	nmdc	nmdc:bsm-11-j87w5759	env_medium	leaf [PO:0025034]	plant-associated biome [ENVO:01001001]	True	True	unrelated		plant-associated biome [ENVO:01001001]				0.0	0.35	False
publication+supplements	nmdc	nmdc:bsm-11-1w5nfd33	env_broad_scale	cropland biome [ENVO:01000245]	agricultural biome [ENVO:01001442]	True	True	unrelated		agricultural biome [ENVO:01001442]				0.0	0.35	False
publication+supplements	nmdc	nmdc:bsm-11-1w5nfd33	env_local_scale	area of cropland [ENVO:01000892]	phyllosphere biome [ENVO:01001442]	True	True	unrelated		phyllosphere biome [ENVO:01001442]				0.0	0.35	False
publication+supplements	nmdc	nmdc:bsm-11-1w5nfd33	env_medium	leaf [PO:0025034]	plant-associated biome [ENVO:01001001]	True	True	unrelated		plant-associated biome [ENVO:01001001]				0.0	0.35	False
publication+supplements	nmdc	nmdc:bsm-11-x02b5640	env_broad_scale	cropland biome [ENVO:01000245]	agricultural biome [ENVO:01001442]	True	True	unrelated		agricultural biome [ENVO:01001442]				0.0	0.35	False
publication+supplements	nmdc	nmdc:bsm-11-x02b5640	env_local_scale	area of cropland [ENVO:01000892]	phyllosphere biome [ENVO:01001442]	True	True	unrelated		phyllosphere biome [ENVO:01001442]				0.0	0.35	False
publication+supplements	nmdc	nmdc:bsm-11-x02b5640	env_medium	leaf [PO:0025034]	plant-associated biome [ENVO:01001001]	True	True	unrelated		plant-associated biome [ENVO:01001001]				0.0	0.35	False
publication+supplements	nmdc	nmdc:bsm-11-0pqvg660	env_broad_scale	cropland biome [ENVO:01000245]	agricultural biome [ENVO:01001442]	True	True	unrelated		agricultural biome [ENVO:01001442]				0.0	0.35	False
publication+supplements	nmdc	nmdc:bsm-11-0pqvg660	env_local_scale	area of cropland [ENVO:01000892]	phyllosphere biome [ENVO:01001442]	True	True	unrelated		phyllosphere biome [ENVO:01001442]				0.0	0.35	False
publication+supplements	nmdc	nmdc:bsm-11-0pqvg660	env_medium	leaf [PO:0025034]	plant-associated biome [ENVO:01001001]	True	True	unrelated		plant-associated biome [ENVO:01001001]				0.0	0.35	False
publication+supplements	nmdc	nmdc:bsm-11-re6t9r16	env_broad_scale	cropland biome [ENVO:01000245]	agricultural biome [ENVO:01001442]	True	True	unrelated		agricultural biome [ENVO:01001442]				0.0	0.35	False
publication+supplements	nmdc	nmdc:bsm-11-re6t9r16	env_local_scale	area of cropland [ENVO:01000892]	phyllosphere biome [ENVO:01001442]	True	True	unrelated		phyllosphere biome [ENVO:01001442]				0.0	0.35	False
publication+supplements	nmdc	nmdc:bsm-11-re6t9r16	env_medium	leaf [PO:0025034]	plant-associated biome [ENVO:01001001]	True	True	unrelated		plant-associated biome [ENVO:01001001]				0.0	0.35	False
publication+supplements	nmdc	nmdc:bsm-11-trkdrc88	env_broad_scale	cropland biome [ENVO:01000245]	agricultural biome [ENVO:01001442]	True	True	unrelated		agricultural biome [ENVO:01001442]				0.0	0.35	False
publication+supplements	nmdc	nmdc:bsm-11-trkdrc88	env_local_scale	area of cropland [ENVO:01000892]	phyllosphere biome [ENVO:01001442]	True	True	unrelated		phyllosphere biome [ENVO:01001442]				0.0	0.35	False
publication+supplements	nmdc	nmdc:bsm-11-trkdrc88	env_medium	leaf [PO:0025034]	plant-associated biome [ENVO:01001001]	True	True	unrelated		plant-associated biome [ENVO:01001001]				0.0	0.35	False
publication+supplements	nmdc	nmdc:bsm-11-twpad883	env_broad_scale	cropland biome [ENVO:01000245]	agricultural biome [ENVO:01001442]	True	True	unrelated		agricultural biome [ENVO:01001442]				0.0	0.35	False
publication+supplements	nmdc	nmdc:bsm-11-twpad883	env_local_scale	area of cropland [ENVO:01000892]	phyllosphere biome [ENVO:01001442]	True	True	unrelated		phyllosphere biome [ENVO:01001442]				0.0	0.35	False
publication+supplements	nmdc	nmdc:bsm-11-twpad883	env_medium	leaf [PO:0025034]	plant-associated biome [ENVO:01001001]	True	True	unrelated		plant-associated biome [ENVO:01001001]				0.0	0.35	False
publication+supplements	nmdc	nmdc:bsm-11-hpcym074	env_broad_scale	cropland biome [ENVO:01000245]	agricultural biome [ENVO:01001442]	True	True	unrelated		agricultural biome [ENVO:01001442]				0.0	0.35	False
publication+supplements	nmdc	nmdc:bsm-11-hpcym074	env_local_scale	area of cropland [ENVO:01000892]	phyllosphere biome [ENVO:01001442]	True	True	unrelated		phyllosphere biome [ENVO:01001442]				0.0	0.35	False
publication+supplements	nmdc	nmdc:bsm-11-hpcym074	env_medium	leaf [PO:0025034]	plant-associated biome [ENVO:01001001]	True	True	unrelated		plant-associated biome [ENVO:01001001]				0.0	0.35	False
publication+supplements	nmdc	nmdc:bsm-11-4ah19610	env_broad_scale	cropland biome [ENVO:01000245]	agricultural biome [ENVO:01001442]	True	True	unrelated		agricultural biome [ENVO:01001442]				0.0	0.35	False
publication+supplements	nmdc	nmdc:bsm-11-4ah19610	env_local_scale	area of cropland [ENVO:01000892]	phyllosphere biome [ENVO:01001442]	True	True	unrelated		phyllosphere biome [ENVO:01001442]				0.0	0.35	False
publication+supplements	nmdc	nmdc:bsm-11-4ah19610	env_medium	leaf [PO:0025034]	plant-associated biome [ENVO:01001001]	True	True	unrelated		plant-associated biome [ENVO:01001001]				0.0	0.35	False
publication+supplements	nmdc	nmdc:bsm-11-7za5cn37	env_broad_scale	cropland biome [ENVO:01000245]	agricultural biome [ENVO:01001442]	True	True	unrelated		agricultural biome [ENVO:01001442]				0.0	0.35	False
publication+supplements	nmdc	nmdc:bsm-11-7za5cn37	env_local_scale	area of cropland [ENVO:01000892]	phyllosphere biome [ENVO:01001442]	True	True	unrelated		phyllosphere biome [ENVO:01001442]				0.0	0.35	False
publication+supplements	nmdc	nmdc:bsm-11-7za5cn37	env_medium	leaf [PO:0025034]	plant-associated biome [ENVO:01001001]	True	True	unrelated		plant-associated biome [ENVO:01001001]				0.0	0.35	False
publication+supplements	nmdc	nmdc:bsm-11-1p2n9n46	env_broad_scale	cropland biome [ENVO:01000245]	agricultural biome [ENVO:01001442]	True	True	unrelated		agricultural biome [ENVO:01001442]				0.0	0.35	False
publication+supplements	nmdc	nmdc:bsm-11-1p2n9n46	env_local_scale	area of cropland [ENVO:01000892]	phyllosphere biome [ENVO:01001442]	True	True	unrelated		phyllosphere biome [ENVO:01001442]				0.0	0.35	False
publication+supplements	nmdc	nmdc:bsm-11-1p2n9n46	env_medium	leaf [PO:0025034]	plant-associated biome [ENVO:01001001]	True	True	unrelated		plant-associated biome [ENVO:01001001]				0.0	0.35	False
publication+supplements	nmdc	nmdc:bsm-11-cx8x0329	env_broad_scale	terrestrial biome [ENVO:00000446]	agricultural biome [ENVO:01001442]	True	True	unrelated		agricultural biome [ENVO:01001442]				0.0	0.35	False
publication+supplements	nmdc	nmdc:bsm-11-cx8x0329	env_local_scale	area of cropland [ENVO:01000892]	phyllosphere biome [ENVO:01001442]	True	True	unrelated		phyllosphere biome [ENVO:01001442]				0.0	0.35	False
publication+supplements	nmdc	nmdc:bsm-11-cx8x0329	env_medium	leaf [PO:0025034]	plant-associated biome [ENVO:01001001]	True	True	unrelated		plant-associated biome [ENVO:01001001]				0.0	0.35	False
publication+supplements	nmdc	nmdc:bsm-11-vq6mas66	env_broad_scale	terrestrial biome [ENVO:00000446]	agricultural biome [ENVO:01001442]	True	True	unrelated		agricultural biome [ENVO:01001442]				0.0	0.35	False
publication+supplements	nmdc	nmdc:bsm-11-vq6mas66	env_local_scale	area of cropland [ENVO:01000892]	phyllosphere biome [ENVO:01001442]	True	True	unrelated		phyllosphere biome [ENVO:01001442]				0.0	0.35	False
publication+supplements	nmdc	nmdc:bsm-11-vq6mas66	env_medium	leaf [PO:0025034]	plant-associated biome [ENVO:01001001]	True	True	unrelated		plant-associated biome [ENVO:01001001]				0.0	0.35	False
publication+supplements	nmdc	nmdc:bsm-11-0qmfcv11	env_broad_scale	terrestrial biome [ENVO:00000446]	agricultural biome [ENVO:01001442]	True	True	unrelated		agricultural biome [ENVO:01001442]				0.0	0.35	False
publication+supplements	nmdc	nmdc:bsm-11-0qmfcv11	env_local_scale	area of cropland [ENVO:01000892]	phyllosphere biome [ENVO:01001442]	True	True	unrelated		phyllosphere biome [ENVO:01001442]				0.0	0.35	False
publication+supplements	nmdc	nmdc:bsm-11-0qmfcv11	env_medium	leaf [PO:0025034]	plant-associated biome [ENVO:01001001]	True	True	unrelated		plant-associated biome [ENVO:01001001]				0.0	0.35	False
publication+supplements	nmdc	nmdc:bsm-11-565q2834	env_broad_scale	terrestrial biome [ENVO:00000446]	agricultural biome [ENVO:01001442]	True	True	unrelated		agricultural biome [ENVO:01001442]				0.0	0.35	False
publication+supplements	nmdc	nmdc:bsm-11-565q2834	env_local_scale	area of cropland [ENVO:01000892]	phyllosphere biome [ENVO:01001442]	True	True	unrelated		phyllosphere biome [ENVO:01001442]				0.0	0.35	False
publication+supplements	nmdc	nmdc:bsm-11-565q2834	env_medium	leaf [PO:0025034]	plant-associated biome [ENVO:01001001]	True	True	unrelated		plant-associated biome [ENVO:01001001]				0.0	0.35	False
publication+supplements	nmdc	nmdc:bsm-11-eny4t026	env_broad_scale	terrestrial biome [ENVO:00000446]	agricultural biome [ENVO:01001442]	True	True	unrelated		agricultural biome [ENVO:01001442]				0.0	0.35	False
publication+supplements	nmdc	nmdc:bsm-11-eny4t026	env_local_scale	area of cropland [ENVO:01000892]	phyllosphere biome [ENVO:01001442]	True	True	unrelated		phyllosphere biome [ENVO:01001442]				0.0	0.35	False
publication+supplements	nmdc	nmdc:bsm-11-eny4t026	env_medium	leaf [PO:0025034]	plant-associated biome [ENVO:01001001]	True	True	unrelated		plant-associated biome [ENVO:01001001]				0.0	0.35	False
publication+supplements	nmdc	nmdc:bsm-11-6sqw3h28	env_broad_scale	terrestrial biome [ENVO:00000446]	agricultural biome [ENVO:01001442]	True	True	unrelated		agricultural biome [ENVO:01001442]				0.0	0.35	False
publication+supplements	nmdc	nmdc:bsm-11-6sqw3h28	env_local_scale	area of cropland [ENVO:01000892]	phyllosphere biome [ENVO:01001442]	True	True	unrelated		phyllosphere biome [ENVO:01001442]				0.0	0.35	False
publication+supplements	nmdc	nmdc:bsm-11-6sqw3h28	env_medium	leaf [PO:0025034]	plant-associated biome [ENVO:01001001]	True	True	unrelated		plant-associated biome [ENVO:01001001]				0.0	0.35	False
publication+supplements	nmdc	nmdc:bsm-11-m5jxmh57	env_broad_scale	terrestrial biome [ENVO:00000446]	agricultural biome [ENVO:01001442]	True	True	unrelated		agricultural biome [ENVO:01001442]				0.0	0.35	False
publication+supplements	nmdc	nmdc:bsm-11-m5jxmh57	env_local_scale	area of cropland [ENVO:01000892]	phyllosphere biome [ENVO:01001442]	True	True	unrelated		phyllosphere biome [ENVO:01001442]				0.0	0.35	False
publication+supplements	nmdc	nmdc:bsm-11-m5jxmh57	env_medium	leaf [PO:0025034]	plant-associated biome [ENVO:01001001]	True	True	unrelated		plant-associated biome [ENVO:01001001]				0.0	0.35	False
publication+supplements	nmdc	nmdc:bsm-11-zfks3b64	env_broad_scale	terrestrial biome [ENVO:00000446]	agricultural biome [ENVO:01001442]	True	True	unrelated		agricultural biome [ENVO:01001442]				0.0	0.35	False
publication+supplements	nmdc	nmdc:bsm-11-zfks3b64	env_local_scale	area of cropland [ENVO:01000892]	phyllosphere biome [ENVO:01001442]	True	True	unrelated		phyllosphere biome [ENVO:01001442]				0.0	0.35	False
publication+supplements	nmdc	nmdc:bsm-11-zfks3b64	env_medium	leaf [PO:0025034]	plant-associated biome [ENVO:01001001]	True	True	unrelated		plant-associated biome [ENVO:01001001]				0.0	0.35	False
publication+supplements	nmdc	nmdc:bsm-11-3h782c22	env_broad_scale	terrestrial biome [ENVO:00000446]	agricultural biome [ENVO:01001442]	True	True	unrelated		agricultural biome [ENVO:01001442]				0.0	0.35	False
publication+supplements	nmdc	nmdc:bsm-11-3h782c22	env_local_scale	area of cropland [ENVO:01000892]	phyllosphere biome [ENVO:01001442]	True	True	unrelated		phyllosphere biome [ENVO:01001442]				0.0	0.35	False
publication+supplements	nmdc	nmdc:bsm-11-3h782c22	env_medium	leaf [PO:0025034]	plant-associated biome [ENVO:01001001]	True	True	unrelated		plant-associated biome [ENVO:01001001]				0.0	0.35	False
publication+supplements	nmdc	nmdc:bsm-11-89cgj483	env_broad_scale	terrestrial biome [ENVO:00000446]	agricultural biome [ENVO:01001442]	True	True	unrelated		agricultural biome [ENVO:01001442]				0.0	0.35	False
publication+supplements	nmdc	nmdc:bsm-11-89cgj483	env_local_scale	area of cropland [ENVO:01000892]	phyllosphere biome [ENVO:01001442]	True	True	unrelated		phyllosphere biome [ENVO:01001442]				0.0	0.35	False
publication+supplements	nmdc	nmdc:bsm-11-89cgj483	env_medium	leaf [PO:0025034]	plant-associated biome [ENVO:01001001]	True	True	unrelated		plant-associated biome [ENVO:01001001]				0.0	0.35	False
publication+supplements	nmdc	nmdc:bsm-11-pp5qqg39	env_broad_scale	terrestrial biome [ENVO:00000446]	agricultural biome [ENVO:01001442]	True	True	unrelated		agricultural biome [ENVO:01001442]				0.0	0.35	False
publication+supplements	nmdc	nmdc:bsm-11-pp5qqg39	env_local_scale	area of cropland [ENVO:01000892]	phyllosphere biome [ENVO:01001442]	True	True	unrelated		phyllosphere biome [ENVO:01001442]				0.0	0.35	False
publication+supplements	nmdc	nmdc:bsm-11-pp5qqg39	env_medium	leaf [PO:0025034]	plant-associated biome [ENVO:01001001]	True	True	unrelated		plant-associated biome [ENVO:01001001]				0.0	0.35	False
publication+supplements	nmdc	nmdc:bsm-11-0d6kw824	env_broad_scale	terrestrial biome [ENVO:00000446]	agricultural biome [ENVO:01001442]	True	True	unrelated		agricultural biome [ENVO:01001442]				0.0	0.35	False
publication+supplements	nmdc	nmdc:bsm-11-0d6kw824	env_local_scale	area of cropland [ENVO:01000892]	phyllosphere biome [ENVO:01001442]	True	True	unrelated		phyllosphere biome [ENVO:01001442]				0.0	0.35	False
publication+supplements	nmdc	nmdc:bsm-11-0d6kw824	env_medium	leaf [PO:0025034]	plant-associated biome [ENVO:01001001]	True	True	unrelated		plant-associated biome [ENVO:01001001]				0.0	0.35	False
publication+supplements	nmdc	nmdc:bsm-11-vz45zz16	env_broad_scale	terrestrial biome [ENVO:00000446]	agricultural biome [ENVO:01001442]	True	True	unrelated		agricultural biome [ENVO:01001442]				0.0	0.35	False
publication+supplements	nmdc	nmdc:bsm-11-vz45zz16	env_local_scale	area of cropland [ENVO:01000892]	phyllosphere biome [ENVO:01001442]	True	True	unrelated		phyllosphere biome [ENVO:01001442]				0.0	0.35	False
publication+supplements	nmdc	nmdc:bsm-11-vz45zz16	env_medium	leaf [PO:0025034]	plant-associated biome [ENVO:01001001]	True	True	unrelated		plant-associated biome [ENVO:01001001]				0.0	0.35	False
publication+supplements	nmdc	nmdc:bsm-11-hmd3c262	env_broad_scale	terrestrial biome [ENVO:00000446]	agricultural biome [ENVO:01001442]	True	True	unrelated		agricultural biome [ENVO:01001442]				0.0	0.35	False
publication+supplements	nmdc	nmdc:bsm-11-hmd3c262	env_local_scale	area of cropland [ENVO:01000892]	phyllosphere biome [ENVO:01001442]	True	True	unrelated		phyllosphere biome [ENVO:01001442]				0.0	0.35	False
publication+supplements	nmdc	nmdc:bsm-11-hmd3c262	env_medium	leaf [PO:0025034]	plant-associated biome [ENVO:01001001]	True	True	unrelated		plant-associated biome [ENVO:01001001]				0.0	0.35	False
publication+supplements	nmdc	nmdc:bsm-11-x3j60412	env_broad_scale	terrestrial biome [ENVO:00000446]	agricultural biome [ENVO:01001442]	True	True	unrelated		agricultural biome [ENVO:01001442]				0.0	0.35	False
publication+supplements	nmdc	nmdc:bsm-11-x3j60412	env_local_scale	area of cropland [ENVO:01000892]	phyllosphere biome [ENVO:01001442]	True	True	unrelated		phyllosphere biome [ENVO:01001442]				0.0	0.35	False
publication+supplements	nmdc	nmdc:bsm-11-x3j60412	env_medium	leaf [PO:0025034]	plant-associated biome [ENVO:01001001]	True	True	unrelated		plant-associated biome [ENVO:01001001]				0.0	0.35	False
publication+supplements	nmdc	nmdc:bsm-11-v06cjb80	env_broad_scale	terrestrial biome [ENVO:00000446]	agricultural biome [ENVO:01001442]	True	True	unrelated		agricultural biome [ENVO:01001442]				0.0	0.35	False
publication+supplements	nmdc	nmdc:bsm-11-v06cjb80	env_local_scale	area of cropland [ENVO:01000892]	phyllosphere biome [ENVO:01001442]	True	True	unrelated		phyllosphere biome [ENVO:01001442]				0.0	0.35	False
publication+supplements	nmdc	nmdc:bsm-11-v06cjb80	env_medium	leaf [PO:0025034]	plant-associated biome [ENVO:01001001]	True	True	unrelated		plant-associated biome [ENVO:01001001]				0.0	0.35	False
publication+supplements	nmdc	nmdc:bsm-11-kyyr2a92	env_broad_scale	terrestrial biome [ENVO:00000446]	agricultural biome [ENVO:01001442]	True	True	unrelated		agricultural biome [ENVO:01001442]				0.0	0.35	False
publication+supplements	nmdc	nmdc:bsm-11-kyyr2a92	env_local_scale	area of cropland [ENVO:01000892]	phyllosphere biome [ENVO:01001442]	True	True	unrelated		phyllosphere biome [ENVO:01001442]				0.0	0.35	False
publication+supplements	nmdc	nmdc:bsm-11-kyyr2a92	env_medium	leaf [PO:0025034]	plant-associated biome [ENVO:01001001]	True	True	unrelated		plant-associated biome [ENVO:01001001]				0.0	0.35	False
publication+supplements	nmdc	nmdc:bsm-11-1yq40d22	env_broad_scale	terrestrial biome [ENVO:00000446]	agricultural biome [ENVO:01001442]	True	True	unrelated		agricultural biome [ENVO:01001442]				0.0	0.35	False
publication+supplements	nmdc	nmdc:bsm-11-1yq40d22	env_local_scale	area of cropland [ENVO:01000892]	phyllosphere biome [ENVO:01001442]	True	True	unrelated		phyllosphere biome [ENVO:01001442]				0.0	0.35	False
publication+supplements	nmdc	nmdc:bsm-11-1yq40d22	env_medium	leaf [PO:0025034]	plant-associated biome [ENVO:01001001]	True	True	unrelated		plant-associated biome [ENVO:01001001]				0.0	0.35	False
publication+supplements	nmdc	nmdc:bsm-11-scdxg902	env_broad_scale	terrestrial biome [ENVO:00000446]	agricultural biome [ENVO:01001442]	True	True	unrelated		agricultural biome [ENVO:01001442]				0.0	0.35	False
publication+supplements	nmdc	nmdc:bsm-11-scdxg902	env_local_scale	area of cropland [ENVO:01000892]	phyllosphere biome [ENVO:01001442]	True	True	unrelated		phyllosphere biome [ENVO:01001442]				0.0	0.35	False
publication+supplements	nmdc	nmdc:bsm-11-scdxg902	env_medium	leaf [PO:0025034]	plant-associated biome [ENVO:01001001]	True	True	unrelated		plant-associated biome [ENVO:01001001]				0.0	0.35	False
publication+supplements	nmdc	nmdc:bsm-11-yv389t44	env_broad_scale	terrestrial biome [ENVO:00000446]	agricultural biome [ENVO:01001442]	True	True	unrelated		agricultural biome [ENVO:01001442]				0.0	0.35	False
publication+supplements	nmdc	nmdc:bsm-11-yv389t44	env_local_scale	area of cropland [ENVO:01000892]	phyllosphere biome [ENVO:01001442]	True	True	unrelated		phyllosphere biome [ENVO:01001442]				0.0	0.35	False
publication+supplements	nmdc	nmdc:bsm-11-yv389t44	env_medium	leaf [PO:0025034]	plant-associated biome [ENVO:01001001]	True	True	unrelated		plant-associated biome [ENVO:01001001]				0.0	0.35	False
publication+supplements	nmdc	nmdc:bsm-11-2j4qq664	env_broad_scale	terrestrial biome [ENVO:00000446]	agricultural biome [ENVO:01001442]	True	True	unrelated		agricultural biome [ENVO:01001442]				0.0	0.35	False
publication+supplements	nmdc	nmdc:bsm-11-2j4qq664	env_local_scale	area of cropland [ENVO:01000892]	phyllosphere biome [ENVO:01001442]	True	True	unrelated		phyllosphere biome [ENVO:01001442]				0.0	0.35	False
publication+supplements	nmdc	nmdc:bsm-11-2j4qq664	env_medium	leaf [PO:0025034]	plant-associated biome [ENVO:01001001]	True	True	unrelated		plant-associated biome [ENVO:01001001]				0.0	0.35	False
publication+supplements	nmdc	nmdc:bsm-11-9w569119	env_broad_scale	terrestrial biome [ENVO:00000446]	agricultural biome [ENVO:01001442]	True	True	unrelated		agricultural biome [ENVO:01001442]				0.0	0.35	False
publication+supplements	nmdc	nmdc:bsm-11-9w569119	env_local_scale	area of cropland [ENVO:01000892]	phyllosphere biome [ENVO:01001442]	True	True	unrelated		phyllosphere biome [ENVO:01001442]				0.0	0.35	False
publication+supplements	nmdc	nmdc:bsm-11-9w569119	env_medium	leaf [PO:0025034]	plant-associated biome [ENVO:01001001]	True	True	unrelated		plant-associated biome [ENVO:01001001]				0.0	0.35	False
publication+supplements	nmdc	nmdc:bsm-11-nvygyy64	env_broad_scale	terrestrial biome [ENVO:00000446]	agricultural biome [ENVO:01001442]	True	True	unrelated		agricultural biome [ENVO:01001442]				0.0	0.35	False
publication+supplements	nmdc	nmdc:bsm-11-nvygyy64	env_local_scale	area of cropland [ENVO:01000892]	phyllosphere biome [ENVO:01001442]	True	True	unrelated		phyllosphere biome [ENVO:01001442]				0.0	0.35	False
publication+supplements	nmdc	nmdc:bsm-11-nvygyy64	env_medium	leaf [PO:0025034]	plant-associated biome [ENVO:01001001]	True	True	unrelated		plant-associated biome [ENVO:01001001]				0.0	0.35	False
publication+supplements	nmdc	nmdc:bsm-11-ta9g7z16	env_broad_scale	terrestrial biome [ENVO:00000446]	agricultural biome [ENVO:01001442]	True	True	unrelated		agricultural biome [ENVO:01001442]				0.0	0.35	False
publication+supplements	nmdc	nmdc:bsm-11-ta9g7z16	env_local_scale	area of cropland [ENVO:01000892]	phyllosphere biome [ENVO:01001442]	True	True	unrelated		phyllosphere biome [ENVO:01001442]				0.0	0.35	False
publication+supplements	nmdc	nmdc:bsm-11-ta9g7z16	env_medium	leaf [PO:0025034]	plant-associated biome [ENVO:01001001]	True	True	unrelated		plant-associated biome [ENVO:01001001]				0.0	0.35	False
publication+supplements	nmdc	nmdc:bsm-11-havpgy71	env_broad_scale	terrestrial biome [ENVO:00000446]	agricultural biome [ENVO:01001442]	True	True	unrelated		agricultural biome [ENVO:01001442]				0.0	0.35	False
publication+supplements	nmdc	nmdc:bsm-11-havpgy71	env_local_scale	area of cropland [ENVO:01000892]	phyllosphere biome [ENVO:01001442]	True	True	unrelated		phyllosphere biome [ENVO:01001442]				0.0	0.35	False
publication+supplements	nmdc	nmdc:bsm-11-havpgy71	env_medium	leaf [PO:0025034]	plant-associated biome [ENVO:01001001]	True	True	unrelated		plant-associated biome [ENVO:01001001]				0.0	0.35	False
publication+supplements	nmdc	nmdc:bsm-11-t6shsk68	env_broad_scale	terrestrial biome [ENVO:00000446]	agricultural biome [ENVO:01001442]	True	True	unrelated		agricultural biome [ENVO:01001442]				0.0	0.35	False
publication+supplements	nmdc	nmdc:bsm-11-t6shsk68	env_local_scale	area of cropland [ENVO:01000892]	phyllosphere biome [ENVO:01001442]	True	True	unrelated		phyllosphere biome [ENVO:01001442]				0.0	0.35	False
publication+supplements	nmdc	nmdc:bsm-11-t6shsk68	env_medium	leaf [PO:0025034]	plant-associated biome [ENVO:01001001]	True	True	unrelated		plant-associated biome [ENVO:01001001]				0.0	0.35	False
publication+supplements	nmdc	nmdc:bsm-11-zqthfw03	env_broad_scale	terrestrial biome [ENVO:00000446]	agricultural biome [ENVO:01001442]	True	True	unrelated		agricultural biome [ENVO:01001442]				0.0	0.35	False
publication+supplements	nmdc	nmdc:bsm-11-zqthfw03	env_local_scale	area of cropland [ENVO:01000892]	phyllosphere biome [ENVO:01001442]	True	True	unrelated		phyllosphere biome [ENVO:01001442]				0.0	0.35	False
publication+supplements	nmdc	nmdc:bsm-11-zqthfw03	env_medium	leaf [PO:0025034]	plant-associated biome [ENVO:01001001]	True	True	unrelated		plant-associated biome [ENVO:01001001]				0.0	0.35	False
publication+supplements	nmdc	nmdc:bsm-11-jqch2c77	env_broad_scale	terrestrial biome [ENVO:00000446]	agricultural biome [ENVO:01001442]	True	True	unrelated		agricultural biome [ENVO:01001442]				0.0	0.35	False
publication+supplements	nmdc	nmdc:bsm-11-jqch2c77	env_local_scale	area of cropland [ENVO:01000892]	phyllosphere biome [ENVO:01001442]	True	True	unrelated		phyllosphere biome [ENVO:01001442]				0.0	0.35	False
publication+supplements	nmdc	nmdc:bsm-11-jqch2c77	env_medium	leaf [PO:0025034]	plant-associated biome [ENVO:01001001]	True	True	unrelated		plant-associated biome [ENVO:01001001]				0.0	0.35	False
publication+supplements	nmdc	nmdc:bsm-11-c54mhk23	env_broad_scale	terrestrial biome [ENVO:00000446]	agricultural biome [ENVO:01001442]	True	True	unrelated		agricultural biome [ENVO:01001442]				0.0	0.35	False
publication+supplements	nmdc	nmdc:bsm-11-c54mhk23	env_local_scale	area of cropland [ENVO:01000892]	phyllosphere biome [ENVO:01001442]	True	True	unrelated		phyllosphere biome [ENVO:01001442]				0.0	0.35	False
publication+supplements	nmdc	nmdc:bsm-11-c54mhk23	env_medium	leaf [PO:0025034]	plant-associated biome [ENVO:01001001]	True	True	unrelated		plant-associated biome [ENVO:01001001]				0.0	0.35	False
publication+supplements	nmdc	nmdc:bsm-11-7pfvq374	env_broad_scale	terrestrial biome [ENVO:00000446]	agricultural biome [ENVO:01001442]	True	True	unrelated		agricultural biome [ENVO:01001442]				0.0	0.35	False
publication+supplements	nmdc	nmdc:bsm-11-7pfvq374	env_local_scale	area of cropland [ENVO:01000892]	phyllosphere biome [ENVO:01001442]	True	True	unrelated		phyllosphere biome [ENVO:01001442]				0.0	0.35	False
publication+supplements	nmdc	nmdc:bsm-11-7pfvq374	env_medium	leaf [PO:0025034]	plant-associated biome [ENVO:01001001]	True	True	unrelated		plant-associated biome [ENVO:01001001]				0.0	0.35	False
publication+supplements	nmdc	nmdc:bsm-11-5erq8849	env_broad_scale	terrestrial biome [ENVO:00000446]	agricultural biome [ENVO:01001442]	True	True	unrelated		agricultural biome [ENVO:01001442]				0.0	0.35	False
publication+supplements	nmdc	nmdc:bsm-11-5erq8849	env_local_scale	area of cropland [ENVO:01000892]	phyllosphere biome [ENVO:01001442]	True	True	unrelated		phyllosphere biome [ENVO:01001442]				0.0	0.35	False
publication+supplements	nmdc	nmdc:bsm-11-5erq8849	env_medium	leaf [PO:0025034]	plant-associated biome [ENVO:01001001]	True	True	unrelated		plant-associated biome [ENVO:01001001]				0.0	0.35	False
publication+supplements	nmdc	nmdc:bsm-11-rs4es287	env_broad_scale	terrestrial biome [ENVO:00000446]	agricultural biome [ENVO:01001442]	True	True	unrelated		agricultural biome [ENVO:01001442]				0.0	0.35	False
publication+supplements	nmdc	nmdc:bsm-11-rs4es287	env_local_scale	area of cropland [ENVO:01000892]	phyllosphere biome [ENVO:01001442]	True	True	unrelated		phyllosphere biome [ENVO:01001442]				0.0	0.35	False
publication+supplements	nmdc	nmdc:bsm-11-rs4es287	env_medium	leaf [PO:0025034]	plant-associated biome [ENVO:01001001]	True	True	unrelated		plant-associated biome [ENVO:01001001]				0.0	0.35	False
publication+supplements	nmdc	nmdc:bsm-11-mr6jqb94	env_broad_scale	terrestrial biome [ENVO:00000446]	agricultural biome [ENVO:01001442]	True	True	unrelated		agricultural biome [ENVO:01001442]				0.0	0.35	False
publication+supplements	nmdc	nmdc:bsm-11-mr6jqb94	env_local_scale	area of cropland [ENVO:01000892]	phyllosphere biome [ENVO:01001442]	True	True	unrelated		phyllosphere biome [ENVO:01001442]				0.0	0.35	False
publication+supplements	nmdc	nmdc:bsm-11-mr6jqb94	env_medium	leaf [PO:0025034]	plant-associated biome [ENVO:01001001]	True	True	unrelated		plant-associated biome [ENVO:01001001]				0.0	0.35	False
publication+supplements	nmdc	nmdc:bsm-11-11a1rr28	env_broad_scale	terrestrial biome [ENVO:00000446]	agricultural biome [ENVO:01001442]	True	True	unrelated		agricultural biome [ENVO:01001442]				0.0	0.35	False
publication+supplements	nmdc	nmdc:bsm-11-11a1rr28	env_local_scale	area of cropland [ENVO:01000892]	phyllosphere biome [ENVO:01001442]	True	True	unrelated		phyllosphere biome [ENVO:01001442]				0.0	0.35	False
publication+supplements	nmdc	nmdc:bsm-11-11a1rr28	env_medium	leaf [PO:0025034]	plant-associated biome [ENVO:01001001]	True	True	unrelated		plant-associated biome [ENVO:01001001]				0.0	0.35	False
publication+supplements	nmdc	nmdc:bsm-11-07qp3e36	env_broad_scale	terrestrial biome [ENVO:00000446]	agricultural biome [ENVO:01001442]	True	True	unrelated		agricultural biome [ENVO:01001442]				0.0	0.35	False
publication+supplements	nmdc	nmdc:bsm-11-07qp3e36	env_local_scale	area of cropland [ENVO:01000892]	phyllosphere biome [ENVO:01001442]	True	True	unrelated		phyllosphere biome [ENVO:01001442]				0.0	0.35	False
publication+supplements	nmdc	nmdc:bsm-11-07qp3e36	env_medium	leaf [PO:0025034]	plant-associated biome [ENVO:01001001]	True	True	unrelated		plant-associated biome [ENVO:01001001]				0.0	0.35	False
publication+supplements	nmdc	nmdc:bsm-11-92m86j46	env_broad_scale	terrestrial biome [ENVO:00000446]	agricultural biome [ENVO:01001442]	True	True	unrelated		agricultural biome [ENVO:01001442]				0.0	0.35	False
publication+supplements	nmdc	nmdc:bsm-11-92m86j46	env_local_scale	area of cropland [ENVO:01000892]	phyllosphere biome [ENVO:01001442]	True	True	unrelated		phyllosphere biome [ENVO:01001442]				0.0	0.35	False
publication+supplements	nmdc	nmdc:bsm-11-92m86j46	env_medium	leaf [PO:0025034]	plant-associated biome [ENVO:01001001]	True	True	unrelated		plant-associated biome [ENVO:01001001]				0.0	0.35	False
publication+supplements	nmdc	nmdc:bsm-11-ywsr9543	env_broad_scale	terrestrial biome [ENVO:00000446]	agricultural biome [ENVO:01001442]	True	True	unrelated		agricultural biome [ENVO:01001442]				0.0	0.35	False
publication+supplements	nmdc	nmdc:bsm-11-ywsr9543	env_local_scale	area of cropland [ENVO:01000892]	phyllosphere biome [ENVO:01001442]	True	True	unrelated		phyllosphere biome [ENVO:01001442]				0.0	0.35	False
publication+supplements	nmdc	nmdc:bsm-11-ywsr9543	env_medium	leaf [PO:0025034]	plant-associated biome [ENVO:01001001]	True	True	unrelated		plant-associated biome [ENVO:01001001]				0.0	0.35	False
publication+supplements	nmdc	nmdc:bsm-11-adc8nc37	env_broad_scale	terrestrial biome [ENVO:00000446]	agricultural biome [ENVO:01001442]	True	True	unrelated		agricultural biome [ENVO:01001442]				0.0	0.35	False
publication+supplements	nmdc	nmdc:bsm-11-adc8nc37	env_local_scale	area of cropland [ENVO:01000892]	phyllosphere biome [ENVO:01001442]	True	True	unrelated		phyllosphere biome [ENVO:01001442]				0.0	0.35	False
publication+supplements	nmdc	nmdc:bsm-11-adc8nc37	env_medium	leaf [PO:0025034]	plant-associated biome [ENVO:01001001]	True	True	unrelated		plant-associated biome [ENVO:01001001]				0.0	0.35	False
publication+supplements	nmdc	nmdc:bsm-11-tew3vz89	env_broad_scale	terrestrial biome [ENVO:00000446]	agricultural biome [ENVO:01001442]	True	True	unrelated		agricultural biome [ENVO:01001442]				0.0	0.35	False
publication+supplements	nmdc	nmdc:bsm-11-tew3vz89	env_local_scale	area of cropland [ENVO:01000892]	phyllosphere biome [ENVO:01001442]	True	True	unrelated		phyllosphere biome [ENVO:01001442]				0.0	0.35	False
publication+supplements	nmdc	nmdc:bsm-11-tew3vz89	env_medium	leaf [PO:0025034]	plant-associated biome [ENVO:01001001]	True	True	unrelated		plant-associated biome [ENVO:01001001]				0.0	0.35	False
publication+supplements	nmdc	nmdc:bsm-11-tyzygh82	env_broad_scale	terrestrial biome [ENVO:00000446]	agricultural biome [ENVO:01001442]	True	True	unrelated		agricultural biome [ENVO:01001442]				0.0	0.35	False
publication+supplements	nmdc	nmdc:bsm-11-tyzygh82	env_local_scale	area of cropland [ENVO:01000892]	phyllosphere biome [ENVO:01001442]	True	True	unrelated		phyllosphere biome [ENVO:01001442]				0.0	0.35	False
publication+supplements	nmdc	nmdc:bsm-11-tyzygh82	env_medium	leaf [PO:0025034]	plant-associated biome [ENVO:01001001]	True	True	unrelated		plant-associated biome [ENVO:01001001]				0.0	0.35	False
publication+supplements	nmdc	nmdc:bsm-11-80bdyg71	env_broad_scale	terrestrial biome [ENVO:00000446]	agricultural biome [ENVO:01001442]	True	True	unrelated		agricultural biome [ENVO:01001442]				0.0	0.35	False
publication+supplements	nmdc	nmdc:bsm-11-80bdyg71	env_local_scale	area of cropland [ENVO:01000892]	phyllosphere biome [ENVO:01001442]	True	True	unrelated		phyllosphere biome [ENVO:01001442]				0.0	0.35	False
publication+supplements	nmdc	nmdc:bsm-11-80bdyg71	env_medium	leaf [PO:0025034]	plant-associated biome [ENVO:01001001]	True	True	unrelated		plant-associated biome [ENVO:01001001]				0.0	0.35	False
publication+supplements	nmdc	nmdc:bsm-11-jwasrx09	env_broad_scale	terrestrial biome [ENVO:00000446]	agricultural biome [ENVO:01001442]	True	True	unrelated		agricultural biome [ENVO:01001442]				0.0	0.35	False
publication+supplements	nmdc	nmdc:bsm-11-jwasrx09	env_local_scale	area of cropland [ENVO:01000892]	phyllosphere biome [ENVO:01001442]	True	True	unrelated		phyllosphere biome [ENVO:01001442]				0.0	0.35	False
publication+supplements	nmdc	nmdc:bsm-11-jwasrx09	env_medium	leaf [PO:0025034]	plant-associated biome [ENVO:01001001]	True	True	unrelated		plant-associated biome [ENVO:01001001]				0.0	0.35	False
publication+supplements	nmdc	nmdc:bsm-11-qe2ws334	env_broad_scale	terrestrial biome [ENVO:00000446]	agricultural biome [ENVO:01001442]	True	True	unrelated		agricultural biome [ENVO:01001442]				0.0	0.35	False
publication+supplements	nmdc	nmdc:bsm-11-qe2ws334	env_local_scale	area of cropland [ENVO:01000892]	phyllosphere biome [ENVO:01001442]	True	True	unrelated		phyllosphere biome [ENVO:01001442]				0.0	0.35	False
publication+supplements	nmdc	nmdc:bsm-11-qe2ws334	env_medium	leaf [PO:0025034]	plant-associated biome [ENVO:01001001]	True	True	unrelated		plant-associated biome [ENVO:01001001]				0.0	0.35	False
publication+supplements	nmdc	nmdc:bsm-11-2btg8s15	env_broad_scale	terrestrial biome [ENVO:00000446]	agricultural biome [ENVO:01001442]	True	True	unrelated		agricultural biome [ENVO:01001442]				0.0	0.35	False
publication+supplements	nmdc	nmdc:bsm-11-2btg8s15	env_local_scale	area of cropland [ENVO:01000892]	phyllosphere biome [ENVO:01001442]	True	True	unrelated		phyllosphere biome [ENVO:01001442]				0.0	0.35	False
publication+supplements	nmdc	nmdc:bsm-11-2btg8s15	env_medium	leaf [PO:0025034]	plant-associated biome [ENVO:01001001]	True	True	unrelated		plant-associated biome [ENVO:01001001]				0.0	0.35	False
publication+supplements	nmdc	nmdc:bsm-11-4hmq1r09	env_broad_scale	terrestrial biome [ENVO:00000446]	agricultural biome [ENVO:01001442]	True	True	unrelated		agricultural biome [ENVO:01001442]				0.0	0.35	False
publication+supplements	nmdc	nmdc:bsm-11-4hmq1r09	env_local_scale	area of cropland [ENVO:01000892]	phyllosphere biome [ENVO:01001442]	True	True	unrelated		phyllosphere biome [ENVO:01001442]				0.0	0.35	False
publication+supplements	nmdc	nmdc:bsm-11-4hmq1r09	env_medium	leaf [PO:0025034]	plant-associated biome [ENVO:01001001]	True	True	unrelated		plant-associated biome [ENVO:01001001]				0.0	0.35	False
publication+supplements	nmdc	nmdc:bsm-11-hesr2613	env_broad_scale	terrestrial biome [ENVO:00000446]	agricultural biome [ENVO:01001442]	True	True	unrelated		agricultural biome [ENVO:01001442]				0.0	0.35	False
publication+supplements	nmdc	nmdc:bsm-11-hesr2613	env_local_scale	area of cropland [ENVO:01000892]	phyllosphere biome [ENVO:01001442]	True	True	unrelated		phyllosphere biome [ENVO:01001442]				0.0	0.35	False
publication+supplements	nmdc	nmdc:bsm-11-hesr2613	env_medium	leaf [PO:0025034]	plant-associated biome [ENVO:01001001]	True	True	unrelated		plant-associated biome [ENVO:01001001]				0.0	0.35	False
publication+supplements	nmdc	nmdc:bsm-11-stf7ba19	env_broad_scale	terrestrial biome [ENVO:00000446]	agricultural biome [ENVO:01001442]	True	True	unrelated		agricultural biome [ENVO:01001442]				0.0	0.35	False
publication+supplements	nmdc	nmdc:bsm-11-stf7ba19	env_local_scale	area of cropland [ENVO:01000892]	phyllosphere biome [ENVO:01001442]	True	True	unrelated		phyllosphere biome [ENVO:01001442]				0.0	0.35	False
publication+supplements	nmdc	nmdc:bsm-11-stf7ba19	env_medium	leaf [PO:0025034]	plant-associated biome [ENVO:01001001]	True	True	unrelated		plant-associated biome [ENVO:01001001]				0.0	0.35	False
publication+supplements	nmdc	nmdc:bsm-11-3we9d184	env_broad_scale	terrestrial biome [ENVO:00000446]	agricultural biome [ENVO:01001442]	True	True	unrelated		agricultural biome [ENVO:01001442]				0.0	0.35	False
publication+supplements	nmdc	nmdc:bsm-11-3we9d184	env_local_scale	area of cropland [ENVO:01000892]	phyllosphere biome [ENVO:01001442]	True	True	unrelated		phyllosphere biome [ENVO:01001442]				0.0	0.35	False
publication+supplements	nmdc	nmdc:bsm-11-3we9d184	env_medium	leaf [PO:0025034]	plant-associated biome [ENVO:01001001]	True	True	unrelated		plant-associated biome [ENVO:01001001]				0.0	0.35	False
publication+supplements	nmdc	nmdc:bsm-11-3bp8t709	env_broad_scale	terrestrial biome [ENVO:00000446]	agricultural biome [ENVO:01001442]	True	True	unrelated		agricultural biome [ENVO:01001442]				0.0	0.35	False
publication+supplements	nmdc	nmdc:bsm-11-3bp8t709	env_local_scale	area of cropland [ENVO:01000892]	phyllosphere biome [ENVO:01001442]	True	True	unrelated		phyllosphere biome [ENVO:01001442]				0.0	0.35	False
publication+supplements	nmdc	nmdc:bsm-11-3bp8t709	env_medium	leaf [PO:0025034]	plant-associated biome [ENVO:01001001]	True	True	unrelated		plant-associated biome [ENVO:01001001]				0.0	0.35	False
publication+supplements	nmdc	nmdc:bsm-11-bp54wm37	env_broad_scale	terrestrial biome [ENVO:00000446]	agricultural biome [ENVO:01001442]	True	True	unrelated		agricultural biome [ENVO:01001442]				0.0	0.35	False
publication+supplements	nmdc	nmdc:bsm-11-bp54wm37	env_local_scale	area of cropland [ENVO:01000892]	phyllosphere biome [ENVO:01001442]	True	True	unrelated		phyllosphere biome [ENVO:01001442]				0.0	0.35	False
publication+supplements	nmdc	nmdc:bsm-11-bp54wm37	env_medium	leaf [PO:0025034]	plant-associated biome [ENVO:01001001]	True	True	unrelated		plant-associated biome [ENVO:01001001]				0.0	0.35	False
publication+supplements	nmdc	nmdc:bsm-11-39ffvf62	env_broad_scale	terrestrial biome [ENVO:00000446]	agricultural biome [ENVO:01001442]	True	True	unrelated		agricultural biome [ENVO:01001442]				0.0	0.35	False
publication+supplements	nmdc	nmdc:bsm-11-39ffvf62	env_local_scale	area of cropland [ENVO:01000892]	phyllosphere biome [ENVO:01001442]	True	True	unrelated		phyllosphere biome [ENVO:01001442]				0.0	0.35	False
publication+supplements	nmdc	nmdc:bsm-11-39ffvf62	env_medium	leaf [PO:0025034]	plant-associated biome [ENVO:01001001]	True	True	unrelated		plant-associated biome [ENVO:01001001]				0.0	0.35	False
publication+supplements	nmdc	nmdc:bsm-11-nhmgz959	env_broad_scale	terrestrial biome [ENVO:00000446]	agricultural biome [ENVO:01001442]	True	True	unrelated		agricultural biome [ENVO:01001442]				0.0	0.35	False
publication+supplements	nmdc	nmdc:bsm-11-nhmgz959	env_local_scale	area of cropland [ENVO:01000892]	phyllosphere biome [ENVO:01001442]	True	True	unrelated		phyllosphere biome [ENVO:01001442]				0.0	0.35	False
publication+supplements	nmdc	nmdc:bsm-11-nhmgz959	env_medium	leaf [PO:0025034]	plant-associated biome [ENVO:01001001]	True	True	unrelated		plant-associated biome [ENVO:01001001]				0.0	0.35	False
publication+supplements	nmdc	nmdc:bsm-11-c69gft27	env_broad_scale	terrestrial biome [ENVO:00000446]	agricultural biome [ENVO:01001442]	True	True	unrelated		agricultural biome [ENVO:01001442]				0.0	0.35	False
publication+supplements	nmdc	nmdc:bsm-11-c69gft27	env_local_scale	area of cropland [ENVO:01000892]	phyllosphere biome [ENVO:01001442]	True	True	unrelated		phyllosphere biome [ENVO:01001442]				0.0	0.35	False
publication+supplements	nmdc	nmdc:bsm-11-c69gft27	env_medium	leaf [PO:0025034]	plant-associated biome [ENVO:01001001]	True	True	unrelated		plant-associated biome [ENVO:01001001]				0.0	0.35	False
publication+supplements	nmdc	nmdc:bsm-11-skkg3v08	env_broad_scale	terrestrial biome [ENVO:00000446]	agricultural biome [ENVO:01001442]	True	True	unrelated		agricultural biome [ENVO:01001442]				0.0	0.35	False
publication+supplements	nmdc	nmdc:bsm-11-skkg3v08	env_local_scale	area of cropland [ENVO:01000892]	phyllosphere biome [ENVO:01001442]	True	True	unrelated		phyllosphere biome [ENVO:01001442]				0.0	0.35	False
publication+supplements	nmdc	nmdc:bsm-11-skkg3v08	env_medium	leaf [PO:0025034]	plant-associated biome [ENVO:01001001]	True	True	unrelated		plant-associated biome [ENVO:01001001]				0.0	0.35	False
publication+supplements	nmdc	nmdc:bsm-11-nahfhm41	env_broad_scale	terrestrial biome [ENVO:00000446]	agricultural biome [ENVO:01001442]	True	True	unrelated		agricultural biome [ENVO:01001442]				0.0	0.35	False
publication+supplements	nmdc	nmdc:bsm-11-nahfhm41	env_local_scale	area of cropland [ENVO:01000892]	phyllosphere biome [ENVO:01001442]	True	True	unrelated		phyllosphere biome [ENVO:01001442]				0.0	0.35	False
publication+supplements	nmdc	nmdc:bsm-11-nahfhm41	env_medium	leaf [PO:0025034]	plant-associated biome [ENVO:01001001]	True	True	unrelated		plant-associated biome [ENVO:01001001]				0.0	0.35	False
publication+supplements	nmdc	nmdc:bsm-11-vw3jbk60	env_broad_scale	terrestrial biome [ENVO:00000446]	agricultural biome [ENVO:01001442]	True	True	unrelated		agricultural biome [ENVO:01001442]				0.0	0.35	False
publication+supplements	nmdc	nmdc:bsm-11-vw3jbk60	env_local_scale	area of cropland [ENVO:01000892]	phyllosphere biome [ENVO:01001442]	True	True	unrelated		phyllosphere biome [ENVO:01001442]				0.0	0.35	False
publication+supplements	nmdc	nmdc:bsm-11-vw3jbk60	env_medium	leaf [PO:0025034]	plant-associated biome [ENVO:01001001]	True	True	unrelated		plant-associated biome [ENVO:01001001]				0.0	0.35	False
publication+supplements	nmdc	nmdc:bsm-11-ddj1pw11	env_broad_scale	terrestrial biome [ENVO:00000446]	agricultural biome [ENVO:01001442]	True	True	unrelated		agricultural biome [ENVO:01001442]				0.0	0.35	False
publication+supplements	nmdc	nmdc:bsm-11-ddj1pw11	env_local_scale	area of cropland [ENVO:01000892]	phyllosphere biome [ENVO:01001442]	True	True	unrelated		phyllosphere biome [ENVO:01001442]				0.0	0.35	False
publication+supplements	nmdc	nmdc:bsm-11-ddj1pw11	env_medium	leaf [PO:0025034]	plant-associated biome [ENVO:01001001]	True	True	unrelated		plant-associated biome [ENVO:01001001]				0.0	0.35	False
publication+supplements	nmdc	nmdc:bsm-11-htwn4756	env_broad_scale	terrestrial biome [ENVO:00000446]	agricultural biome [ENVO:01001442]	True	True	unrelated		agricultural biome [ENVO:01001442]				0.0	0.35	False
publication+supplements	nmdc	nmdc:bsm-11-htwn4756	env_local_scale	area of cropland [ENVO:01000892]	phyllosphere biome [ENVO:01001442]	True	True	unrelated		phyllosphere biome [ENVO:01001442]				0.0	0.35	False
publication+supplements	nmdc	nmdc:bsm-11-htwn4756	env_medium	leaf [PO:0025034]	plant-associated biome [ENVO:01001001]	True	True	unrelated		plant-associated biome [ENVO:01001001]				0.0	0.35	False
publication+supplements	nmdc	nmdc:bsm-11-xnbh4c30	env_broad_scale	terrestrial biome [ENVO:00000446]	agricultural biome [ENVO:01001442]	True	True	unrelated		agricultural biome [ENVO:01001442]				0.0	0.35	False
publication+supplements	nmdc	nmdc:bsm-11-xnbh4c30	env_local_scale	area of cropland [ENVO:01000892]	phyllosphere biome [ENVO:01001442]	True	True	unrelated		phyllosphere biome [ENVO:01001442]				0.0	0.35	False
publication+supplements	nmdc	nmdc:bsm-11-xnbh4c30	env_medium	leaf [PO:0025034]	plant-associated biome [ENVO:01001001]	True	True	unrelated		plant-associated biome [ENVO:01001001]				0.0	0.35	False
publication+supplements	nmdc	nmdc:bsm-11-hgsmz769	env_broad_scale	terrestrial biome [ENVO:00000446]	agricultural biome [ENVO:01001442]	True	True	unrelated		agricultural biome [ENVO:01001442]				0.0	0.35	False
publication+supplements	nmdc	nmdc:bsm-11-hgsmz769	env_local_scale	area of cropland [ENVO:01000892]	phyllosphere biome [ENVO:01001442]	True	True	unrelated		phyllosphere biome [ENVO:01001442]				0.0	0.35	False
publication+supplements	nmdc	nmdc:bsm-11-hgsmz769	env_medium	leaf [PO:0025034]	plant-associated biome [ENVO:01001001]	True	True	unrelated		plant-associated biome [ENVO:01001001]				0.0	0.35	False
publication+supplements	nmdc	nmdc:bsm-11-6ba0xr45	env_broad_scale	terrestrial biome [ENVO:00000446]	agricultural biome [ENVO:01001442]	True	True	unrelated		agricultural biome [ENVO:01001442]				0.0	0.35	False
publication+supplements	nmdc	nmdc:bsm-11-6ba0xr45	env_local_scale	area of cropland [ENVO:01000892]	phyllosphere biome [ENVO:01001442]	True	True	unrelated		phyllosphere biome [ENVO:01001442]				0.0	0.35	False
publication+supplements	nmdc	nmdc:bsm-11-6ba0xr45	env_medium	leaf [PO:0025034]	plant-associated biome [ENVO:01001001]	True	True	unrelated		plant-associated biome [ENVO:01001001]				0.0	0.35	False
publication+supplements	nmdc	nmdc:bsm-11-6z6te940	env_broad_scale	terrestrial biome [ENVO:00000446]	agricultural biome [ENVO:01001442]	True	True	unrelated		agricultural biome [ENVO:01001442]				0.0	0.35	False
publication+supplements	nmdc	nmdc:bsm-11-6z6te940	env_local_scale	area of cropland [ENVO:01000892]	phyllosphere biome [ENVO:01001442]	True	True	unrelated		phyllosphere biome [ENVO:01001442]				0.0	0.35	False
publication+supplements	nmdc	nmdc:bsm-11-6z6te940	env_medium	leaf [PO:0025034]	plant-associated biome [ENVO:01001001]	True	True	unrelated		plant-associated biome [ENVO:01001001]				0.0	0.35	False
publication+supplements	nmdc	nmdc:bsm-11-rfrgbh91	env_broad_scale	terrestrial biome [ENVO:00000446]	agricultural biome [ENVO:01001442]	True	True	unrelated		agricultural biome [ENVO:01001442]				0.0	0.35	False
publication+supplements	nmdc	nmdc:bsm-11-rfrgbh91	env_local_scale	area of cropland [ENVO:01000892]	phyllosphere biome [ENVO:01001442]	True	True	unrelated		phyllosphere biome [ENVO:01001442]				0.0	0.35	False
publication+supplements	nmdc	nmdc:bsm-11-rfrgbh91	env_medium	leaf [PO:0025034]	plant-associated biome [ENVO:01001001]	True	True	unrelated		plant-associated biome [ENVO:01001001]				0.0	0.35	False
publication+supplements	nmdc	nmdc:bsm-11-cwgggf43	env_broad_scale	terrestrial biome [ENVO:00000446]	agricultural biome [ENVO:01001442]	True	True	unrelated		agricultural biome [ENVO:01001442]				0.0	0.35	False
publication+supplements	nmdc	nmdc:bsm-11-cwgggf43	env_local_scale	area of cropland [ENVO:01000892]	phyllosphere biome [ENVO:01001442]	True	True	unrelated		phyllosphere biome [ENVO:01001442]				0.0	0.35	False
publication+supplements	nmdc	nmdc:bsm-11-cwgggf43	env_medium	leaf [PO:0025034]	plant-associated biome [ENVO:01001001]	True	True	unrelated		plant-associated biome [ENVO:01001001]				0.0	0.35	False
publication+supplements	nmdc	nmdc:bsm-11-8kaw9q16	env_broad_scale	terrestrial biome [ENVO:00000446]	agricultural biome [ENVO:01001442]	True	True	unrelated		agricultural biome [ENVO:01001442]				0.0	0.35	False
publication+supplements	nmdc	nmdc:bsm-11-8kaw9q16	env_local_scale	area of cropland [ENVO:01000892]	phyllosphere biome [ENVO:01001442]	True	True	unrelated		phyllosphere biome [ENVO:01001442]				0.0	0.35	False
publication+supplements	nmdc	nmdc:bsm-11-8kaw9q16	env_medium	leaf [PO:0025034]	plant-associated biome [ENVO:01001001]	True	True	unrelated		plant-associated biome [ENVO:01001001]				0.0	0.35	False
publication+supplements	nmdc	nmdc:bsm-11-rt430k29	env_broad_scale	terrestrial biome [ENVO:00000446]	agricultural biome [ENVO:01001442]	True	True	unrelated		agricultural biome [ENVO:01001442]				0.0	0.35	False
publication+supplements	nmdc	nmdc:bsm-11-rt430k29	env_local_scale	area of cropland [ENVO:01000892]	phyllosphere biome [ENVO:01001442]	True	True	unrelated		phyllosphere biome [ENVO:01001442]				0.0	0.35	False
publication+supplements	nmdc	nmdc:bsm-11-rt430k29	env_medium	leaf [PO:0025034]	plant-associated biome [ENVO:01001001]	True	True	unrelated		plant-associated biome [ENVO:01001001]				0.0	0.35	False
publication+supplements	nmdc	nmdc:bsm-11-72bek389	env_broad_scale	terrestrial biome [ENVO:00000446]	agricultural biome [ENVO:01001442]	True	True	unrelated		agricultural biome [ENVO:01001442]				0.0	0.35	False
publication+supplements	nmdc	nmdc:bsm-11-72bek389	env_local_scale	area of cropland [ENVO:01000892]	phyllosphere biome [ENVO:01001442]	True	True	unrelated		phyllosphere biome [ENVO:01001442]				0.0	0.35	False
publication+supplements	nmdc	nmdc:bsm-11-72bek389	env_medium	leaf [PO:0025034]	plant-associated biome [ENVO:01001001]	True	True	unrelated		plant-associated biome [ENVO:01001001]				0.0	0.35	False
publication+supplements	nmdc	nmdc:bsm-11-v3snhf66	env_broad_scale	terrestrial biome [ENVO:00000446]	agricultural biome [ENVO:01001442]	True	True	unrelated		agricultural biome [ENVO:01001442]				0.0	0.35	False
publication+supplements	nmdc	nmdc:bsm-11-v3snhf66	env_local_scale	area of cropland [ENVO:01000892]	phyllosphere biome [ENVO:01001442]	True	True	unrelated		phyllosphere biome [ENVO:01001442]				0.0	0.35	False
publication+supplements	nmdc	nmdc:bsm-11-v3snhf66	env_medium	leaf [PO:0025034]	plant-associated biome [ENVO:01001001]	True	True	unrelated		plant-associated biome [ENVO:01001001]				0.0	0.35	False
publication+supplements	nmdc	nmdc:bsm-11-snfctz27	env_broad_scale	terrestrial biome [ENVO:00000446]	agricultural biome [ENVO:01001442]	True	True	unrelated		agricultural biome [ENVO:01001442]				0.0	0.35	False
publication+supplements	nmdc	nmdc:bsm-11-snfctz27	env_local_scale	area of cropland [ENVO:01000892]	phyllosphere biome [ENVO:01001442]	True	True	unrelated		phyllosphere biome [ENVO:01001442]				0.0	0.35	False
publication+supplements	nmdc	nmdc:bsm-11-snfctz27	env_medium	leaf [PO:0025034]	plant-associated biome [ENVO:01001001]	True	True	unrelated		plant-associated biome [ENVO:01001001]				0.0	0.35	False
publication+supplements	nmdc	nmdc:bsm-11-hs153937	env_broad_scale	terrestrial biome [ENVO:00000446]	agricultural biome [ENVO:01001442]	True	True	unrelated		agricultural biome [ENVO:01001442]				0.0	0.35	False
publication+supplements	nmdc	nmdc:bsm-11-hs153937	env_local_scale	area of cropland [ENVO:01000892]	phyllosphere biome [ENVO:01001442]	True	True	unrelated		phyllosphere biome [ENVO:01001442]				0.0	0.35	False
publication+supplements	nmdc	nmdc:bsm-11-hs153937	env_medium	leaf [PO:0025034]	plant-associated biome [ENVO:01001001]	True	True	unrelated		plant-associated biome [ENVO:01001001]				0.0	0.35	False
publication+supplements	nmdc	nmdc:bsm-11-19z9km20	env_broad_scale	terrestrial biome [ENVO:00000446]	agricultural biome [ENVO:01001442]	True	True	unrelated		agricultural biome [ENVO:01001442]				0.0	0.35	False
publication+supplements	nmdc	nmdc:bsm-11-19z9km20	env_local_scale	area of cropland [ENVO:01000892]	phyllosphere biome [ENVO:01001442]	True	True	unrelated		phyllosphere biome [ENVO:01001442]				0.0	0.35	False
publication+supplements	nmdc	nmdc:bsm-11-19z9km20	env_medium	leaf [PO:0025034]	plant-associated biome [ENVO:01001001]	True	True	unrelated		plant-associated biome [ENVO:01001001]				0.0	0.35	False
publication+supplements	nmdc	nmdc:bsm-11-6d731x94	env_broad_scale	terrestrial biome [ENVO:00000446]	agricultural biome [ENVO:01001442]	True	True	unrelated		agricultural biome [ENVO:01001442]				0.0	0.35	False
publication+supplements	nmdc	nmdc:bsm-11-6d731x94	env_local_scale	area of cropland [ENVO:01000892]	phyllosphere biome [ENVO:01001442]	True	True	unrelated		phyllosphere biome [ENVO:01001442]				0.0	0.35	False
publication+supplements	nmdc	nmdc:bsm-11-6d731x94	env_medium	leaf [PO:0025034]	plant-associated biome [ENVO:01001001]	True	True	unrelated		plant-associated biome [ENVO:01001001]				0.0	0.35	False
publication+supplements	nmdc	nmdc:bsm-11-vgwb6e54	env_broad_scale	terrestrial biome [ENVO:00000446]	agricultural biome [ENVO:01001442]	True	True	unrelated		agricultural biome [ENVO:01001442]				0.0	0.35	False
publication+supplements	nmdc	nmdc:bsm-11-vgwb6e54	env_local_scale	area of cropland [ENVO:01000892]	phyllosphere biome [ENVO:01001442]	True	True	unrelated		phyllosphere biome [ENVO:01001442]				0.0	0.35	False
publication+supplements	nmdc	nmdc:bsm-11-vgwb6e54	env_medium	leaf [PO:0025034]	plant-associated biome [ENVO:01001001]	True	True	unrelated		plant-associated biome [ENVO:01001001]				0.0	0.35	False
publication+supplements	nmdc	nmdc:bsm-11-m08fbx84	env_broad_scale	terrestrial biome [ENVO:00000446]	agricultural biome [ENVO:01001442]	True	True	unrelated		agricultural biome [ENVO:01001442]				0.0	0.35	False
publication+supplements	nmdc	nmdc:bsm-11-m08fbx84	env_local_scale	area of cropland [ENVO:01000892]	phyllosphere biome [ENVO:01001442]	True	True	unrelated		phyllosphere biome [ENVO:01001442]				0.0	0.35	False
publication+supplements	nmdc	nmdc:bsm-11-m08fbx84	env_medium	leaf [PO:0025034]	plant-associated biome [ENVO:01001001]	True	True	unrelated		plant-associated biome [ENVO:01001001]				0.0	0.35	False
publication+supplements	nmdc	nmdc:bsm-11-4w06fv35	env_broad_scale	terrestrial biome [ENVO:00000446]	agricultural biome [ENVO:01001442]	True	True	unrelated		agricultural biome [ENVO:01001442]				0.0	0.35	False
publication+supplements	nmdc	nmdc:bsm-11-4w06fv35	env_local_scale	area of cropland [ENVO:01000892]	phyllosphere biome [ENVO:01001442]	True	True	unrelated		phyllosphere biome [ENVO:01001442]				0.0	0.35	False
publication+supplements	nmdc	nmdc:bsm-11-4w06fv35	env_medium	leaf [PO:0025034]	plant-associated biome [ENVO:01001001]	True	True	unrelated		plant-associated biome [ENVO:01001001]				0.0	0.35	False
publication+supplements	nmdc	nmdc:bsm-11-gaa15d67	env_broad_scale	terrestrial biome [ENVO:00000446]	agricultural biome [ENVO:01001442]	True	True	unrelated		agricultural biome [ENVO:01001442]				0.0	0.35	False
publication+supplements	nmdc	nmdc:bsm-11-gaa15d67	env_local_scale	area of cropland [ENVO:01000892]	phyllosphere biome [ENVO:01001442]	True	True	unrelated		phyllosphere biome [ENVO:01001442]				0.0	0.35	False
publication+supplements	nmdc	nmdc:bsm-11-gaa15d67	env_medium	plant matter [ENVO:01001121]	plant-associated biome [ENVO:01001001]	True	True	unrelated		plant-associated biome [ENVO:01001001]				0.0	0.35	False
publication+supplements	nmdc	nmdc:bsm-11-rv0kzb71	env_broad_scale	terrestrial biome [ENVO:00000446]	agricultural biome [ENVO:01001442]	True	True	unrelated		agricultural biome [ENVO:01001442]				0.0	0.35	False
publication+supplements	nmdc	nmdc:bsm-11-rv0kzb71	env_local_scale	area of cropland [ENVO:01000892]	phyllosphere biome [ENVO:01001442]	True	True	unrelated		phyllosphere biome [ENVO:01001442]				0.0	0.35	False
publication+supplements	nmdc	nmdc:bsm-11-rv0kzb71	env_medium	plant matter [ENVO:01001121]	plant-associated biome [ENVO:01001001]	True	True	unrelated		plant-associated biome [ENVO:01001001]				0.0	0.35	False
publication+supplements	nmdc	nmdc:bsm-11-bgsyn946	env_broad_scale	terrestrial biome [ENVO:00000446]	agricultural biome [ENVO:01001442]	True	True	unrelated		agricultural biome [ENVO:01001442]				0.0	0.35	False
publication+supplements	nmdc	nmdc:bsm-11-bgsyn946	env_local_scale	area of cropland [ENVO:01000892]	phyllosphere biome [ENVO:01001442]	True	True	unrelated		phyllosphere biome [ENVO:01001442]				0.0	0.35	False
publication+supplements	nmdc	nmdc:bsm-11-bgsyn946	env_medium	plant matter [ENVO:01001121]	plant-associated biome [ENVO:01001001]	True	True	unrelated		plant-associated biome [ENVO:01001001]				0.0	0.35	False
publication+supplements	nmdc	nmdc:bsm-11-3g522z71	env_broad_scale	terrestrial biome [ENVO:00000446]	agricultural biome [ENVO:01001442]	True	True	unrelated		agricultural biome [ENVO:01001442]				0.0	0.35	False
publication+supplements	nmdc	nmdc:bsm-11-3g522z71	env_local_scale	area of cropland [ENVO:01000892]	phyllosphere biome [ENVO:01001442]	True	True	unrelated		phyllosphere biome [ENVO:01001442]				0.0	0.35	False
publication+supplements	nmdc	nmdc:bsm-11-3g522z71	env_medium	plant matter [ENVO:01001121]	plant-associated biome [ENVO:01001001]	True	True	unrelated		plant-associated biome [ENVO:01001001]				0.0	0.35	False
publication+supplements	nmdc	nmdc:bsm-11-btm3zf82	env_broad_scale	terrestrial biome [ENVO:00000446]	agricultural biome [ENVO:01001442]	True	True	unrelated		agricultural biome [ENVO:01001442]				0.0	0.35	False
publication+supplements	nmdc	nmdc:bsm-11-btm3zf82	env_local_scale	area of cropland [ENVO:01000892]	phyllosphere biome [ENVO:01001442]	True	True	unrelated		phyllosphere biome [ENVO:01001442]				0.0	0.35	False
publication+supplements	nmdc	nmdc:bsm-11-btm3zf82	env_medium	plant matter [ENVO:01001121]	plant-associated biome [ENVO:01001001]	True	True	unrelated		plant-associated biome [ENVO:01001001]				0.0	0.35	False
publication+supplements	nmdc	nmdc:bsm-11-fjas8n82	env_broad_scale	terrestrial biome [ENVO:00000446]	agricultural biome [ENVO:01001442]	True	True	unrelated		agricultural biome [ENVO:01001442]				0.0	0.35	False
publication+supplements	nmdc	nmdc:bsm-11-fjas8n82	env_local_scale	area of cropland [ENVO:01000892]	phyllosphere biome [ENVO:01001442]	True	True	unrelated		phyllosphere biome [ENVO:01001442]				0.0	0.35	False
publication+supplements	nmdc	nmdc:bsm-11-fjas8n82	env_medium	plant matter [ENVO:01001121]	plant-associated biome [ENVO:01001001]	True	True	unrelated		plant-associated biome [ENVO:01001001]				0.0	0.35	False
publication+supplements	nmdc	nmdc:bsm-11-06mvg980	env_broad_scale	terrestrial biome [ENVO:00000446]	agricultural biome [ENVO:01001442]	True	True	unrelated		agricultural biome [ENVO:01001442]				0.0	0.35	False
publication+supplements	nmdc	nmdc:bsm-11-06mvg980	env_local_scale	area of cropland [ENVO:01000892]	phyllosphere biome [ENVO:01001442]	True	True	unrelated		phyllosphere biome [ENVO:01001442]				0.0	0.35	False
publication+supplements	nmdc	nmdc:bsm-11-06mvg980	env_medium	plant matter [ENVO:01001121]	plant-associated biome [ENVO:01001001]	True	True	unrelated		plant-associated biome [ENVO:01001001]				0.0	0.35	False
publication+supplements	nmdc	nmdc:bsm-11-mg4xhx34	env_broad_scale	terrestrial biome [ENVO:00000446]	agricultural biome [ENVO:01001442]	True	True	unrelated		agricultural biome [ENVO:01001442]				0.0	0.35	False
publication+supplements	nmdc	nmdc:bsm-11-mg4xhx34	env_local_scale	area of cropland [ENVO:01000892]	phyllosphere biome [ENVO:01001442]	True	True	unrelated		phyllosphere biome [ENVO:01001442]				0.0	0.35	False
publication+supplements	nmdc	nmdc:bsm-11-mg4xhx34	env_medium	plant matter [ENVO:01001121]	plant-associated biome [ENVO:01001001]	True	True	unrelated		plant-associated biome [ENVO:01001001]				0.0	0.35	False
publication+supplements	nmdc	nmdc:bsm-11-nywmab67	env_broad_scale	terrestrial biome [ENVO:00000446]	agricultural biome [ENVO:01001442]	True	True	unrelated		agricultural biome [ENVO:01001442]				0.0	0.35	False
publication+supplements	nmdc	nmdc:bsm-11-nywmab67	env_local_scale	area of cropland [ENVO:01000892]	phyllosphere biome [ENVO:01001442]	True	True	unrelated		phyllosphere biome [ENVO:01001442]				0.0	0.35	False
publication+supplements	nmdc	nmdc:bsm-11-nywmab67	env_medium	plant matter [ENVO:01001121]	plant-associated biome [ENVO:01001001]	True	True	unrelated		plant-associated biome [ENVO:01001001]				0.0	0.35	False
publication+supplements	nmdc	nmdc:bsm-11-5vg3xj92	env_broad_scale	terrestrial biome [ENVO:00000446]	agricultural biome [ENVO:01001442]	True	True	unrelated		agricultural biome [ENVO:01001442]				0.0	0.35	False
publication+supplements	nmdc	nmdc:bsm-11-5vg3xj92	env_local_scale	area of cropland [ENVO:01000892]	phyllosphere biome [ENVO:01001442]	True	True	unrelated		phyllosphere biome [ENVO:01001442]				0.0	0.35	False
publication+supplements	nmdc	nmdc:bsm-11-5vg3xj92	env_medium	plant matter [ENVO:01001121]	plant-associated biome [ENVO:01001001]	True	True	unrelated		plant-associated biome [ENVO:01001001]				0.0	0.35	False
publication+supplements	nmdc	nmdc:bsm-11-t2w8a056	env_broad_scale	terrestrial biome [ENVO:00000446]	agricultural biome [ENVO:01001442]	True	True	unrelated		agricultural biome [ENVO:01001442]				0.0	0.35	False
publication+supplements	nmdc	nmdc:bsm-11-t2w8a056	env_local_scale	area of cropland [ENVO:01000892]	phyllosphere biome [ENVO:01001442]	True	True	unrelated		phyllosphere biome [ENVO:01001442]				0.0	0.35	False
publication+supplements	nmdc	nmdc:bsm-11-t2w8a056	env_medium	plant matter [ENVO:01001121]	plant-associated biome [ENVO:01001001]	True	True	unrelated		plant-associated biome [ENVO:01001001]				0.0	0.35	False
publication+supplements	nmdc	nmdc:bsm-11-5gj6wm02	env_broad_scale	terrestrial biome [ENVO:00000446]	agricultural biome [ENVO:01001442]	True	True	unrelated		agricultural biome [ENVO:01001442]				0.0	0.35	False
publication+supplements	nmdc	nmdc:bsm-11-5gj6wm02	env_local_scale	area of cropland [ENVO:01000892]	phyllosphere biome [ENVO:01001442]	True	True	unrelated		phyllosphere biome [ENVO:01001442]				0.0	0.35	False
publication+supplements	nmdc	nmdc:bsm-11-5gj6wm02	env_medium	plant matter [ENVO:01001121]	plant-associated biome [ENVO:01001001]	True	True	unrelated		plant-associated biome [ENVO:01001001]				0.0	0.35	False
publication+supplements	nmdc	nmdc:bsm-11-1gm9pn76	env_broad_scale	terrestrial biome [ENVO:00000446]	agricultural biome [ENVO:01001442]	True	True	unrelated		agricultural biome [ENVO:01001442]				0.0	0.35	False
publication+supplements	nmdc	nmdc:bsm-11-1gm9pn76	env_local_scale	area of cropland [ENVO:01000892]	phyllosphere biome [ENVO:01001442]	True	True	unrelated		phyllosphere biome [ENVO:01001442]				0.0	0.35	False
publication+supplements	nmdc	nmdc:bsm-11-1gm9pn76	env_medium	plant matter [ENVO:01001121]	plant-associated biome [ENVO:01001001]	True	True	unrelated		plant-associated biome [ENVO:01001001]				0.0	0.35	False
publication+supplements	nmdc	nmdc:bsm-11-0435yq18	env_broad_scale	terrestrial biome [ENVO:00000446]	agricultural biome [ENVO:01001442]	True	True	unrelated		agricultural biome [ENVO:01001442]				0.0	0.35	False
publication+supplements	nmdc	nmdc:bsm-11-0435yq18	env_local_scale	area of cropland [ENVO:01000892]	phyllosphere biome [ENVO:01001442]	True	True	unrelated		phyllosphere biome [ENVO:01001442]				0.0	0.35	False
publication+supplements	nmdc	nmdc:bsm-11-0435yq18	env_medium	plant matter [ENVO:01001121]	plant-associated biome [ENVO:01001001]	True	True	unrelated		plant-associated biome [ENVO:01001001]				0.0	0.35	False
publication+supplements	nmdc	nmdc:bsm-11-x6cq0675	env_broad_scale	terrestrial biome [ENVO:00000446]	agricultural biome [ENVO:01001442]	True	True	unrelated		agricultural biome [ENVO:01001442]				0.0	0.35	False
publication+supplements	nmdc	nmdc:bsm-11-x6cq0675	env_local_scale	area of cropland [ENVO:01000892]	phyllosphere biome [ENVO:01001442]	True	True	unrelated		phyllosphere biome [ENVO:01001442]				0.0	0.35	False
publication+supplements	nmdc	nmdc:bsm-11-x6cq0675	env_medium	plant matter [ENVO:01001121]	plant-associated biome [ENVO:01001001]	True	True	unrelated		plant-associated biome [ENVO:01001001]				0.0	0.35	False
publication+supplements	nmdc	nmdc:bsm-11-58kpt479	env_broad_scale	terrestrial biome [ENVO:00000446]	agricultural biome [ENVO:01001442]	True	True	unrelated		agricultural biome [ENVO:01001442]				0.0	0.35	False
publication+supplements	nmdc	nmdc:bsm-11-58kpt479	env_local_scale	area of cropland [ENVO:01000892]	phyllosphere biome [ENVO:01001442]	True	True	unrelated		phyllosphere biome [ENVO:01001442]				0.0	0.35	False
publication+supplements	nmdc	nmdc:bsm-11-58kpt479	env_medium	plant matter [ENVO:01001121]	plant-associated biome [ENVO:01001001]	True	True	unrelated		plant-associated biome [ENVO:01001001]				0.0	0.35	False
publication+supplements	nmdc	nmdc:bsm-11-jyjxbj68	env_broad_scale	terrestrial biome [ENVO:00000446]	agricultural biome [ENVO:01001442]	True	True	unrelated		agricultural biome [ENVO:01001442]				0.0	0.35	False
publication+supplements	nmdc	nmdc:bsm-11-jyjxbj68	env_local_scale	area of cropland [ENVO:01000892]	phyllosphere biome [ENVO:01001442]	True	True	unrelated		phyllosphere biome [ENVO:01001442]				0.0	0.35	False
publication+supplements	nmdc	nmdc:bsm-11-jyjxbj68	env_medium	plant matter [ENVO:01001121]	plant-associated biome [ENVO:01001001]	True	True	unrelated		plant-associated biome [ENVO:01001001]				0.0	0.35	False
